USE HMS_DB;

INSERT INTO ROOM VALUES (48,false,'QD');
INSERT INTO ROOM VALUES (9,false,'QD');
INSERT INTO ROOM VALUES (38,true,'QS');
INSERT INTO ROOM VALUES (25,true,'QD');
INSERT INTO ROOM VALUES (233,true,'KJ');
INSERT INTO ROOM VALUES (826,true,'QD');
INSERT INTO ROOM VALUES (332,true,'QS');
INSERT INTO ROOM VALUES (226,true,'QD');
INSERT INTO ROOM VALUES (755,true,'KS');
INSERT INTO ROOM VALUES (17,true,'QD');
INSERT INTO ROOM VALUES (932,false,'KI');
INSERT INTO ROOM VALUES (397,true,'KS');
INSERT INTO ROOM VALUES (345,true,'KJ');
INSERT INTO ROOM VALUES (301,true,'QD');
INSERT INTO ROOM VALUES (67,true,'KJ');
INSERT INTO ROOM VALUES (854,true,'QD');
INSERT INTO ROOM VALUES (25,false,'QD');
INSERT INTO ROOM VALUES (806,true,'QD');
INSERT INTO ROOM VALUES (360,true,'QD');
INSERT INTO ROOM VALUES (234,true,'QD');
INSERT INTO ROOM VALUES (985,false,'QD');
INSERT INTO ROOM VALUES (284,true,'QS');
INSERT INTO ROOM VALUES (874,true,'QS');
INSERT INTO ROOM VALUES (80,true,'KS');
INSERT INTO ROOM VALUES (349,false,'KS');
INSERT INTO ROOM VALUES (770,true,'QS');
INSERT INTO ROOM VALUES (573,false,'KS');
INSERT INTO ROOM VALUES (400,true,'KJ');
INSERT INTO ROOM VALUES (53,true,'KS');
INSERT INTO ROOM VALUES (446,true,'KI');
INSERT INTO ROOM VALUES (141,false,'QS');
INSERT INTO ROOM VALUES (190,true,'KS');
INSERT INTO ROOM VALUES (620,true,'KI');
INSERT INTO ROOM VALUES (614,false,'KI');
INSERT INTO ROOM VALUES (412,false,'QS');
INSERT INTO ROOM VALUES (411,true,'KI');
INSERT INTO ROOM VALUES (757,true,'KI');
INSERT INTO ROOM VALUES (89,true,'KS');
INSERT INTO ROOM VALUES (688,true,'QS');
INSERT INTO ROOM VALUES (216,true,'KS');
INSERT INTO ROOM VALUES (815,true,'KS');
INSERT INTO ROOM VALUES (697,true,'KS');
INSERT INTO ROOM VALUES (973,true,'KJ');
INSERT INTO ROOM VALUES (776,true,'KS');
INSERT INTO ROOM VALUES (103,false,'KS');
INSERT INTO ROOM VALUES (769,false,'QD');
INSERT INTO ROOM VALUES (138,true,'KJ');
INSERT INTO ROOM VALUES (793,true,'KI');
INSERT INTO ROOM VALUES (317,false,'QD');
INSERT INTO ROOM VALUES (384,true,'QS');
-- ------- SAMPLE 0 ----------
INSERT INTO GUEST VALUES(1000,'Mandi','Mcwain','MMcwain@hotmail.com','1234 DaWrong Lane','Flonkerton','MD','12345','859-496-6142');
INSERT INTO RESERVATION VALUES ('20200712KJ6930688361497',1000,400,'KJ','2020-07-12','2020-07-13',1);
INSERT INTO INVOICE VALUES ('20200712KJ6930688361497',138.6,138.6);
INSERT INTO PAYMENT VALUES ('20200712KJ6930688361497-p00001','20200712KJ6930688361497','2020-04-26','CC',138.6,'Mandi Mcwain','3799456760359756',2,2023,104,'Mastercard');
INSERT INTO INVOICECHARGE VALUES ('20200712KJ6930688361497-ch00001','20200712KJ6930688361497','2020-04-25',91.48,'Base room charge');
INSERT INTO INVOICECHARGE VALUES ('20200712KJ6930688361497-ch00002','20200712KJ6930688361497','2020-04-25',47.12,'Room Service');
-- ------- SAMPLE 1 ----------
INSERT INTO GUEST VALUES(1001,'Alverta','Arce','AArce@hotmail.com','1234 DaWrong Lane','Flonkerton','MD','12345','989-669-7924');
INSERT INTO RESERVATION VALUES ('20200618KS2330566724915',1001,815,'KS','2020-06-18','2020-06-20',2);
INSERT INTO INVOICE VALUES ('20200618KS2330566724915',213.23,213.23);
INSERT INTO PAYMENT VALUES ('20200618KS2330566724915-p00001','20200618KS2330566724915','2020-04-26','CC',213.23,'Alverta Arce','3434151335441298',9,2026,182,'Mastercard');
INSERT INTO INVOICECHARGE VALUES ('20200618KS2330566724915-ch00000','20200618KS2330566724915','2020-04-25',140.73,'Base room charge');
INSERT INTO INVOICECHARGE VALUES ('20200618KS2330566724915-ch00001','20200618KS2330566724915','2020-04-25',72.5,'Cleaning fee');
-- ------- SAMPLE 2 ----------
INSERT INTO GUEST VALUES(1002,'Liliana','Lueck','LLueck@hotmail.com','1234 DaWrong Lane','Flonkerton','MD','12345','348-970-1062');
INSERT INTO RESERVATION VALUES ('20200712KJ8098040208823',1002,973,'KJ','2020-07-12','2020-07-15',3);
INSERT INTO INVOICE VALUES ('20200712KJ8098040208823',415.81,415.81);
INSERT INTO PAYMENT VALUES ('20200712KJ8098040208823-p00001','20200712KJ8098040208823','2020-04-26','CC',415.81,'Liliana Lueck','1779442798604146',8,2022,585,'Mastercard');
INSERT INTO INVOICECHARGE VALUES ('20200712KJ8098040208823-ch00000','20200712KJ8098040208823','2020-04-25',415.81,'Base room charge');
-- ------- SAMPLE 3 ----------
INSERT INTO GUEST VALUES(1003,'Asa','Allan','AAllan@hotmail.com','1234 DaWrong Lane','Flonkerton','MD','12345','646-599-6101');
INSERT INTO RESERVATION VALUES ('20200701QS4198564930776',1003,284,'QS','2020-07-01','2020-07-03',2);
INSERT INTO INVOICE VALUES ('20200701QS4198564930776',234.55,234.55);
INSERT INTO PAYMENT (payment_id,invoice_id,payment_date,payment_type,payment_amount) VALUES ('20200701QS4198564930776-p00001','20200701QS4198564930776','2020-04-26','CA',234.55);
INSERT INTO INVOICECHARGE VALUES ('20200701QS4198564930776-ch00000','20200701QS4198564930776','2020-04-25',154.81,'Base room charge');
INSERT INTO INVOICECHARGE VALUES ('20200701QS4198564930776-ch00001','20200701QS4198564930776','2020-04-25',79.75,'Cleaning fee');
-- ------- SAMPLE 4 ----------
INSERT INTO GUEST VALUES(1004,'Melony','Mcmartin','MMcmartin@yahoo.com','1234 DaWrong Lane','Flonkerton','MD','12345','917-215-1767');
INSERT INTO RESERVATION VALUES ('20200724QD2500024009618',1004,854,'QD','2020-07-24','2020-07-25',1);
INSERT INTO INVOICE VALUES ('20200724QD2500024009618',95.95,53);
INSERT INTO PAYMENT (payment_id,invoice_id,payment_date,payment_type,payment_amount) VALUES ('20200724QD2500024009618-p00001','20200724QD2500024009618','2020-04-26','CA',53);
INSERT INTO INVOICECHARGE VALUES ('20200724QD2500024009618-ch00000','20200724QD2500024009618','2020-04-25',63.33,'Base room charge');
INSERT INTO INVOICECHARGE VALUES ('20200724QD2500024009618-ch00001','20200724QD2500024009618','2020-04-25',32.62,'Room Service');
-- ------- SAMPLE 5 ----------
INSERT INTO GUEST VALUES(1005,'Louisa','Laroque','LLaroque@hotmail.com','1234 DaWrong Lane','Flonkerton','MD','12345','496-898-6936');
INSERT INTO RESERVATION VALUES ('20200603KJ7298432228871',1005,67,'KJ','2020-06-03','2020-06-06',3);
INSERT INTO INVOICE VALUES ('20200603KJ7298432228871',415.81,0);
-- ------- SAMPLE 6 ----------
INSERT INTO GUEST VALUES(1006,'Leonore','Losh','LLosh@gmail.com','1234 DaWrong Lane','Flonkerton','MD','12345','633-694-6607');
INSERT INTO RESERVATION VALUES ('20200703KI4404078167804',1006,614,'KI','2020-07-03','2020-07-04',1);
INSERT INTO INVOICE VALUES ('20200703KI4404078167804',85.29,5);
INSERT INTO PAYMENT VALUES ('20200703KI4404078167804-p00001','20200703KI4404078167804','2020-04-26','CC',5,'Leonore Losh','5588961432656466',1,2027,515,'Mastercard');
INSERT INTO INVOICECHARGE VALUES ('20200703KI4404078167804-ch00000','20200703KI4404078167804','2020-04-25',56.29,'Base room charge');
INSERT INTO INVOICECHARGE VALUES ('20200703KI4404078167804-ch00001','20200703KI4404078167804','2020-04-25',29,'Room Service');
-- ------- SAMPLE 7 ----------
INSERT INTO GUEST VALUES(1007,'Tifany','Temple','TTemple@hotmail.com','1234 DaWrong Lane','Flonkerton','MD','12345','390-933-7112');
INSERT INTO RESERVATION VALUES ('20200805KI2809426635891',1007,411,'KI','2020-08-05','2020-08-08',3);
INSERT INTO INVOICE VALUES ('20200805KI2809426635891',255.87,0);
-- ------- SAMPLE 8 ----------
INSERT INTO GUEST VALUES(1008,'Kathern','Korn','KKorn@gmail.com','1234 DaWrong Lane','Flonkerton','MD','12345','046-327-4531');
INSERT INTO RESERVATION VALUES ('20200701QS3865793919053',1008,38,'QS','2020-07-01','2020-07-03',2);
INSERT INTO INVOICE VALUES ('20200701QS3865793919053',234.55,234.55);
INSERT INTO PAYMENT VALUES ('20200701QS3865793919053-p00001','20200701QS3865793919053','2020-04-26','CC',234.55,'Kathern Korn','3276384091207885',7,2021,854,'Mastercard');
INSERT INTO INVOICECHARGE VALUES ('20200701QS3865793919053-ch00000','20200701QS3865793919053','2020-04-25',234.55,'Base room charge');
-- ------- SAMPLE 9 ----------
INSERT INTO GUEST VALUES(1009,'Joann','Joplin','JJoplin@yahoo.com','1234 DaWrong Lane','Flonkerton','MD','12345','995-599-5448');
INSERT INTO RESERVATION VALUES ('20200603QD5419149861370',1009,25,'QD','2020-06-03','2020-06-05',2);
INSERT INTO INVOICE VALUES ('20200603QD5419149861370',191.9,191.9);
INSERT INTO PAYMENT VALUES ('20200603QD5419149861370-p00001','20200603QD5419149861370','2020-04-26','CC',191.9,'Joann Joplin','3582862947742500',9,2021,21,'Mastercard');
INSERT INTO INVOICECHARGE VALUES ('20200603QD5419149861370-ch00000','20200603QD5419149861370','2020-04-25',126.66,'Base room charge');
INSERT INTO INVOICECHARGE VALUES ('20200603QD5419149861370-ch00001','20200603QD5419149861370','2020-04-25',65.25,'Room Service');
-- ------- SAMPLE 10 ----------
INSERT INTO GUEST VALUES(1010,'Jamey','Jen','JJen@gmail.com','1234 DaWrong Lane','Flonkerton','MD','12345','246-851-0500');
INSERT INTO RESERVATION VALUES ('20200723QD5702132323047',1010,226,'QD','2020-07-23','2020-07-25',2);
INSERT INTO INVOICE VALUES ('20200723QD5702132323047',191.9,67);
INSERT INTO PAYMENT VALUES ('20200723QD5702132323047-p00001','20200723QD5702132323047','2020-04-26','CC',67,'Jamey Jen','9779601488035854',7,2021,312,'Mastercard');
INSERT INTO INVOICECHARGE VALUES ('20200723QD5702132323047-ch00000','20200723QD5702132323047','2020-04-25',191.9,'Base room charge');
-- ------- SAMPLE 11 ----------
INSERT INTO GUEST VALUES(1011,'Mario','Macdowell','MMacdowell@gmail.com','1234 DaWrong Lane','Flonkerton','MD','12345','699-286-6005');
INSERT INTO RESERVATION VALUES ('20200705KS5773385258703',1011,89,'KS','2020-07-05','2020-07-08',3);
INSERT INTO INVOICE VALUES ('20200705KS5773385258703',319.84,319.84);
INSERT INTO PAYMENT (payment_id,invoice_id,payment_date,payment_type,payment_amount) VALUES ('20200705KS5773385258703-p00001','20200705KS5773385258703','2020-04-26','CA',319.84);
INSERT INTO INVOICECHARGE VALUES ('20200705KS5773385258703-ch00000','20200705KS5773385258703','2020-04-25',211.1,'Base room charge');
INSERT INTO INVOICECHARGE VALUES ('20200705KS5773385258703-ch00001','20200705KS5773385258703','2020-04-25',108.75,'Room Service');
-- ------- SAMPLE 12 ----------
INSERT INTO GUEST VALUES(1012,'Rose','Royall','RRoyall@hotmail.com','1234 DaWrong Lane','Flonkerton','MD','12345','810-736-5631');
INSERT INTO RESERVATION VALUES ('20200628QS8577468548929',1012,332,'QS','2020-06-28','2020-06-30',2);
INSERT INTO INVOICE VALUES ('20200628QS8577468548929',234.55,234.55);
INSERT INTO PAYMENT (payment_id,invoice_id,payment_date,payment_type,payment_amount) VALUES ('20200628QS8577468548929-p00001','20200628QS8577468548929','2020-04-26','CA',234.55);
INSERT INTO INVOICECHARGE VALUES ('20200628QS8577468548929-ch00000','20200628QS8577468548929','2020-04-25',154.81,'Base room charge');
INSERT INTO INVOICECHARGE VALUES ('20200628QS8577468548929-ch00001','20200628QS8577468548929','2020-04-25',79.75,'Room Service');
-- ------- SAMPLE 13 ----------
INSERT INTO GUEST VALUES(1013,'Eda','Elmendorf','EElmendorf@gmail.com','1234 DaWrong Lane','Flonkerton','MD','12345','471-101-3960');
INSERT INTO RESERVATION VALUES ('20200515QS2130281095414',1013,141,'QS','2020-05-15','2020-05-16',1);
INSERT INTO INVOICE VALUES ('20200515QS2130281095414',117.28,0);
-- ------- SAMPLE 14 ----------
INSERT INTO GUEST VALUES(1014,'Pearlene','Priestly','PPriestly@gmail.com','1234 DaWrong Lane','Flonkerton','MD','12345','655-130-7622');
INSERT INTO RESERVATION VALUES ('20200719KJ6872631637881',1014,973,'KJ','2020-07-19','2020-07-21',2);
INSERT INTO INVOICE VALUES ('20200719KJ6872631637881',277.2,0);
-- ------- SAMPLE 15 ----------
INSERT INTO GUEST VALUES(1015,'Boris','Berner','BBerner@gmail.com','1234 DaWrong Lane','Flonkerton','MD','12345','967-435-1571');
INSERT INTO RESERVATION VALUES ('20200616KI7409714486293',1015,614,'KI','2020-06-16','2020-06-17',1);
INSERT INTO INVOICE VALUES ('20200616KI7409714486293',85.29,85.29);
INSERT INTO PAYMENT VALUES ('20200616KI7409714486293-p00001','20200616KI7409714486293','2020-04-26','CC',85.29,'Boris Berner','1925821892055381',10,2025,22,'Mastercard');
INSERT INTO INVOICECHARGE VALUES ('20200616KI7409714486293-ch00000','20200616KI7409714486293','2020-04-25',56.29,'Base room charge');
INSERT INTO INVOICECHARGE VALUES ('20200616KI7409714486293-ch00001','20200616KI7409714486293','2020-04-25',29,'Room Service');
-- ------- SAMPLE 16 ----------
INSERT INTO GUEST VALUES(1016,'Delsie','Delong','DDelong@gmail.com','1234 DaWrong Lane','Flonkerton','MD','12345','186-242-8602');
INSERT INTO RESERVATION VALUES ('20200724QD4886514834961',1016,317,'QD','2020-07-24','2020-07-25',1);
INSERT INTO INVOICE VALUES ('20200724QD4886514834961',95.95,95.95);
INSERT INTO PAYMENT VALUES ('20200724QD4886514834961-p00001','20200724QD4886514834961','2020-04-26','CC',95.95,'Delsie Delong','7718169453112924',6,2023,812,'Mastercard');
INSERT INTO INVOICECHARGE VALUES ('20200724QD4886514834961-ch00000','20200724QD4886514834961','2020-04-25',63.33,'Base room charge');
INSERT INTO INVOICECHARGE VALUES ('20200724QD4886514834961-ch00001','20200724QD4886514834961','2020-04-25',32.62,'Room Service');
-- ------- SAMPLE 17 ----------
INSERT INTO GUEST VALUES(1017,'Freida','Forbis','FForbis@yahoo.com','1234 DaWrong Lane','Flonkerton','MD','12345','831-763-3441');
INSERT INTO RESERVATION VALUES ('20200604KI9916650234679',1017,411,'KI','2020-06-04','2020-06-06',2);
INSERT INTO INVOICE VALUES ('20200604KI9916650234679',170.58,170.58);
INSERT INTO PAYMENT VALUES ('20200604KI9916650234679-p00001','20200604KI9916650234679','2020-04-26','CC',170.58,'Freida Forbis','1455875278028791',8,2027,929,'Mastercard');
INSERT INTO INVOICECHARGE VALUES ('20200604KI9916650234679-ch00000','20200604KI9916650234679','2020-04-25',112.58,'Base room charge');
INSERT INTO INVOICECHARGE VALUES ('20200604KI9916650234679-ch00001','20200604KI9916650234679','2020-04-25',58,'Room Service');
-- ------- SAMPLE 18 ----------
INSERT INTO GUEST VALUES(1018,'Cherry','Chiarello','CChiarello@yahoo.com','1234 DaWrong Lane','Flonkerton','MD','12345','549-579-9330');
INSERT INTO RESERVATION VALUES ('20200622QS5333160712393',1018,141,'QS','2020-06-22','2020-06-23',1);
INSERT INTO INVOICE VALUES ('20200622QS5333160712393',117.28,88);
INSERT INTO PAYMENT VALUES ('20200622QS5333160712393-p00001','20200622QS5333160712393','2020-04-26','CC',88,'Cherry Chiarello','3939942862958660',11,2021,117,'Mastercard');
INSERT INTO INVOICECHARGE VALUES ('20200622QS5333160712393-ch00000','20200622QS5333160712393','2020-04-25',77.4,'Base room charge');
INSERT INTO INVOICECHARGE VALUES ('20200622QS5333160712393-ch00001','20200622QS5333160712393','2020-04-25',39.87,'Cleaning fee');
-- ------- SAMPLE 19 ----------
INSERT INTO GUEST VALUES(1019,'Tish','Tusing','TTusing@hotmail.com','1234 DaWrong Lane','Flonkerton','MD','12345','156-230-6824');
INSERT INTO RESERVATION VALUES ('20200608QD9282168284338',1019,234,'QD','2020-06-08','2020-06-09',1);
INSERT INTO INVOICE VALUES ('20200608QD9282168284338',95.95,95.95);
INSERT INTO PAYMENT (payment_id,invoice_id,payment_date,payment_type,payment_amount) VALUES ('20200608QD9282168284338-p00001','20200608QD9282168284338','2020-04-26','CA',95.95);
INSERT INTO INVOICECHARGE VALUES ('20200608QD9282168284338-ch00000','20200608QD9282168284338','2020-04-25',63.33,'Base room charge');
INSERT INTO INVOICECHARGE VALUES ('20200608QD9282168284338-ch00001','20200608QD9282168284338','2020-04-25',32.62,'Room Service');
-- ------- SAMPLE 20 ----------
INSERT INTO GUEST VALUES(1020,'Rossana','Running','RRunning@hotmail.com','1234 DaWrong Lane','Flonkerton','MD','12345','514-407-6050');
INSERT INTO RESERVATION VALUES ('20200729KS5987437986887',1020,349,'KS','2020-07-29','2020-08-01',3);
INSERT INTO INVOICE VALUES ('20200729KS5987437986887',319.84,219);
INSERT INTO PAYMENT VALUES ('20200729KS5987437986887-p00001','20200729KS5987437986887','2020-04-26','CC',219,'Rossana Running','7425117882153787',12,2021,23,'Mastercard');
INSERT INTO INVOICECHARGE VALUES ('20200729KS5987437986887-ch00000','20200729KS5987437986887','2020-04-25',211.1,'Base room charge');
INSERT INTO INVOICECHARGE VALUES ('20200729KS5987437986887-ch00001','20200729KS5987437986887','2020-04-25',108.75,'Room Service');
-- ------- SAMPLE 21 ----------
INSERT INTO GUEST VALUES(1021,'Maryann','Mccutcheon','MMccutcheon@hotmail.com','1234 DaWrong Lane','Flonkerton','MD','12345','350-362-2215');
INSERT INTO RESERVATION VALUES ('20200617KI5299034633853',1021,446,'KI','2020-06-17','2020-06-18',1);
INSERT INTO INVOICE VALUES ('20200617KI5299034633853',85.29,85.29);
INSERT INTO PAYMENT (payment_id,invoice_id,payment_date,payment_type,payment_amount) VALUES ('20200617KI5299034633853-p00001','20200617KI5299034633853','2020-04-26','CA',85.29);
INSERT INTO INVOICECHARGE VALUES ('20200617KI5299034633853-ch00000','20200617KI5299034633853','2020-04-25',56.29,'Base room charge');
INSERT INTO INVOICECHARGE VALUES ('20200617KI5299034633853-ch00001','20200617KI5299034633853','2020-04-25',29,'Cleaning fee');
-- ------- SAMPLE 22 ----------
INSERT INTO GUEST VALUES(1022,'Major','Meng','MMeng@hotmail.com','1234 DaWrong Lane','Flonkerton','MD','12345','924-830-2503');
INSERT INTO RESERVATION VALUES ('20200727QD9020207042913',1022,25,'QD','2020-07-27','2020-07-30',3);
INSERT INTO INVOICE VALUES ('20200727QD9020207042913',287.86,287.86);
INSERT INTO PAYMENT VALUES ('20200727QD9020207042913-p00001','20200727QD9020207042913','2020-04-26','CC',287.86,'Major Meng','4512499866346883',8,2022,899,'Mastercard');
INSERT INTO INVOICECHARGE VALUES ('20200727QD9020207042913-ch00000','20200727QD9020207042913','2020-04-25',287.86,'Base room charge');
-- ------- SAMPLE 23 ----------
INSERT INTO GUEST VALUES(1023,'Yuette','Yetman','YYetman@gmail.com','1234 DaWrong Lane','Flonkerton','MD','12345','270-830-2842');
INSERT INTO RESERVATION VALUES ('20200626KI4895951643347',1023,446,'KI','2020-06-26','2020-06-29',3);
INSERT INTO INVOICE VALUES ('20200626KI4895951643347',255.87,0);
-- ------- SAMPLE 24 ----------
INSERT INTO GUEST VALUES(1024,'Fredericka','Farney','FFarney@yahoo.com','1234 DaWrong Lane','Flonkerton','MD','12345','075-254-9255');
INSERT INTO RESERVATION VALUES ('20200714QS8112044112461',1024,38,'QS','2020-07-14','2020-07-15',1);
INSERT INTO INVOICE VALUES ('20200714QS8112044112461',117.28,117.28);
INSERT INTO PAYMENT (payment_id,invoice_id,payment_date,payment_type,payment_amount) VALUES ('20200714QS8112044112461-p00001','20200714QS8112044112461','2020-04-26','CA',117.28);
INSERT INTO INVOICECHARGE VALUES ('20200714QS8112044112461-ch00000','20200714QS8112044112461','2020-04-25',117.28,'Base room charge');
-- ------- SAMPLE 25 ----------
INSERT INTO GUEST VALUES(1025,'Jammie','Jo','JJo@hotmail.com','1234 DaWrong Lane','Flonkerton','MD','12345','574-667-6211');
INSERT INTO RESERVATION VALUES ('20200618KI4215296310287',1025,614,'KI','2020-06-18','2020-06-20',2);
INSERT INTO INVOICE VALUES ('20200618KI4215296310287',170.58,16);
INSERT INTO PAYMENT VALUES ('20200618KI4215296310287-p00001','20200618KI4215296310287','2020-04-26','CC',16,'Jammie Jo','3191759901276934',11,2021,611,'Mastercard');
INSERT INTO INVOICECHARGE VALUES ('20200618KI4215296310287-ch00000','20200618KI4215296310287','2020-04-25',112.58,'Base room charge');
INSERT INTO INVOICECHARGE VALUES ('20200618KI4215296310287-ch00001','20200618KI4215296310287','2020-04-25',58,'Room Service');
-- ------- SAMPLE 26 ----------
INSERT INTO GUEST VALUES(1026,'Dorothea','Dipaolo','DDipaolo@gmail.com','1234 DaWrong Lane','Flonkerton','MD','12345','230-107-0196');
INSERT INTO RESERVATION VALUES ('20200818QD1196288919796',1026,769,'QD','2020-08-18','2020-08-19',1);
INSERT INTO INVOICE VALUES ('20200818QD1196288919796',95.95,89);
INSERT INTO PAYMENT (payment_id,invoice_id,payment_date,payment_type,payment_amount) VALUES ('20200818QD1196288919796-p00001','20200818QD1196288919796','2020-04-26','CA',89);
INSERT INTO INVOICECHARGE VALUES ('20200818QD1196288919796-ch00000','20200818QD1196288919796','2020-04-25',63.33,'Base room charge');
INSERT INTO INVOICECHARGE VALUES ('20200818QD1196288919796-ch00001','20200818QD1196288919796','2020-04-25',32.62,'Room Service');
-- ------- SAMPLE 27 ----------
INSERT INTO GUEST VALUES(1027,'Fleta','Fickel','FFickel@gmail.com','1234 DaWrong Lane','Flonkerton','MD','12345','853-164-0944');
INSERT INTO RESERVATION VALUES ('20200525KS9849077517959',1027,755,'KS','2020-05-25','2020-05-27',2);
INSERT INTO INVOICE VALUES ('20200525KS9849077517959',213.23,213.23);
INSERT INTO PAYMENT (payment_id,invoice_id,payment_date,payment_type,payment_amount) VALUES ('20200525KS9849077517959-p00001','20200525KS9849077517959','2020-04-26','CA',213.23);
INSERT INTO INVOICECHARGE VALUES ('20200525KS9849077517959-ch00000','20200525KS9849077517959','2020-04-25',140.73,'Base room charge');
INSERT INTO INVOICECHARGE VALUES ('20200525KS9849077517959-ch00001','20200525KS9849077517959','2020-04-25',72.5,'Cleaning fee');
-- ------- SAMPLE 28 ----------
INSERT INTO GUEST VALUES(1028,'Natalia','Nowacki','NNowacki@hotmail.com','1234 DaWrong Lane','Flonkerton','MD','12345','112-888-4759');
INSERT INTO RESERVATION VALUES ('20200522KS3866450666385',1028,89,'KS','2020-05-22','2020-05-23',1);
INSERT INTO INVOICE VALUES ('20200522KS3866450666385',106.61,106.61);
INSERT INTO PAYMENT (payment_id,invoice_id,payment_date,payment_type,payment_amount) VALUES ('20200522KS3866450666385-p00001','20200522KS3866450666385','2020-04-26','CA',106.61);
INSERT INTO INVOICECHARGE VALUES ('20200522KS3866450666385-ch00000','20200522KS3866450666385','2020-04-25',106.61,'Base room charge');
-- ------- SAMPLE 29 ----------
INSERT INTO GUEST VALUES(1029,'Rossana','Running','RRunning@yahoo.com','1234 DaWrong Lane','Flonkerton','MD','12345','002-006-1850');
INSERT INTO RESERVATION VALUES ('20200615KJ9504753660651',1029,233,'KJ','2020-06-15','2020-06-18',3);
INSERT INTO INVOICE VALUES ('20200615KJ9504753660651',415.81,415.81);
INSERT INTO PAYMENT VALUES ('20200615KJ9504753660651-p00001','20200615KJ9504753660651','2020-04-26','CC',415.81,'Rossana Running','7212298643113283',2,2025,377,'Mastercard');
INSERT INTO INVOICECHARGE VALUES ('20200615KJ9504753660651-ch00000','20200615KJ9504753660651','2020-04-25',274.43,'Base room charge');
INSERT INTO INVOICECHARGE VALUES ('20200615KJ9504753660651-ch00001','20200615KJ9504753660651','2020-04-25',141.37,'Cleaning fee');
-- ------- SAMPLE 30 ----------
INSERT INTO GUEST VALUES(1030,'Marcelino','Meisner','MMeisner@gmail.com','1234 DaWrong Lane','Flonkerton','MD','12345','965-956-3430');
INSERT INTO RESERVATION VALUES ('20200813KI1410254759345',1030,932,'KI','2020-08-13','2020-08-16',3);
INSERT INTO INVOICE VALUES ('20200813KI1410254759345',255.87,255.87);
INSERT INTO PAYMENT VALUES ('20200813KI1410254759345-p00001','20200813KI1410254759345','2020-04-26','CC',255.87,'Marcelino Meisner','8458425328569202',6,2023,78,'Mastercard');
INSERT INTO INVOICECHARGE VALUES ('20200813KI1410254759345-ch00000','20200813KI1410254759345','2020-04-25',255.87,'Base room charge');
-- ------- SAMPLE 31 ----------
INSERT INTO GUEST VALUES(1031,'Kathlyn','Kinser','KKinser@gmail.com','1234 DaWrong Lane','Flonkerton','MD','12345','134-072-4817');
INSERT INTO RESERVATION VALUES ('20200817QD6088779750182',1031,25,'QD','2020-08-17','2020-08-19',2);
INSERT INTO INVOICE VALUES ('20200817QD6088779750182',191.9,0);
-- ------- SAMPLE 32 ----------
INSERT INTO GUEST VALUES(1032,'Anita','Amezcua','AAmezcua@gmail.com','1234 DaWrong Lane','Flonkerton','MD','12345','347-910-7584');
INSERT INTO RESERVATION VALUES ('20200524KS9698847338753',1032,89,'KS','2020-05-24','2020-05-27',3);
INSERT INTO INVOICE VALUES ('20200524KS9698847338753',319.84,319.84);
INSERT INTO PAYMENT VALUES ('20200524KS9698847338753-p00001','20200524KS9698847338753','2020-04-26','CC',319.84,'Anita Amezcua','6928646327433817',3,2026,721,'Mastercard');
INSERT INTO INVOICECHARGE VALUES ('20200524KS9698847338753-ch00000','20200524KS9698847338753','2020-04-25',211.1,'Base room charge');
INSERT INTO INVOICECHARGE VALUES ('20200524KS9698847338753-ch00001','20200524KS9698847338753','2020-04-25',108.75,'Room Service');
-- ------- SAMPLE 33 ----------
INSERT INTO GUEST VALUES(1033,'Nena','Nunez','NNunez@hotmail.com','1234 DaWrong Lane','Flonkerton','MD','12345','068-852-0498');
INSERT INTO RESERVATION VALUES ('20200531QD3055717624866',1033,806,'QD','2020-05-31','2020-06-03',3);
INSERT INTO INVOICE VALUES ('20200531QD3055717624866',287.86,287.86);
INSERT INTO PAYMENT VALUES ('20200531QD3055717624866-p00001','20200531QD3055717624866','2020-04-26','CC',287.86,'Nena Nunez','5737638272232053',11,2026,617,'Mastercard');
INSERT INTO INVOICECHARGE VALUES ('20200531QD3055717624866-ch00000','20200531QD3055717624866','2020-04-25',189.98,'Base room charge');
INSERT INTO INVOICECHARGE VALUES ('20200531QD3055717624866-ch00001','20200531QD3055717624866','2020-04-25',97.87,'Room Service');
-- ------- SAMPLE 34 ----------
INSERT INTO GUEST VALUES(1034,'Liliana','Lueck','LLueck@hotmail.com','1234 DaWrong Lane','Flonkerton','MD','12345','228-921-2797');
INSERT INTO RESERVATION VALUES ('20200724KS9043759505617',1034,697,'KS','2020-07-24','2020-07-27',3);
INSERT INTO INVOICE VALUES ('20200724KS9043759505617',319.84,295);
INSERT INTO PAYMENT VALUES ('20200724KS9043759505617-p00001','20200724KS9043759505617','2020-04-26','CC',295,'Liliana Lueck','8725413132466228',2,2021,188,'Mastercard');
INSERT INTO INVOICECHARGE VALUES ('20200724KS9043759505617-ch00000','20200724KS9043759505617','2020-04-25',319.84,'Base room charge');
-- ------- SAMPLE 35 ----------
INSERT INTO GUEST VALUES(1035,'Rick','Ritenour','RRitenour@yahoo.com','1234 DaWrong Lane','Flonkerton','MD','12345','354-699-0227');
INSERT INTO RESERVATION VALUES ('20200801QD6524674126276',1035,25,'QD','2020-08-01','2020-08-04',3);
INSERT INTO INVOICE VALUES ('20200801QD6524674126276',287.86,287.86);
INSERT INTO PAYMENT (payment_id,invoice_id,payment_date,payment_type,payment_amount) VALUES ('20200801QD6524674126276-p00001','20200801QD6524674126276','2020-04-26','CA',287.86);
INSERT INTO INVOICECHARGE VALUES ('20200801QD6524674126276-ch00000','20200801QD6524674126276','2020-04-25',287.86,'Base room charge');
-- ------- SAMPLE 36 ----------
INSERT INTO GUEST VALUES(1036,'Pearlene','Priestly','PPriestly@gmail.com','1234 DaWrong Lane','Flonkerton','MD','12345','200-656-9856');
INSERT INTO RESERVATION VALUES ('20200815QS5570473259444',1036,332,'QS','2020-08-15','2020-08-16',1);
INSERT INTO INVOICE VALUES ('20200815QS5570473259444',117.28,117.28);
INSERT INTO PAYMENT VALUES ('20200815QS5570473259444-p00001','20200815QS5570473259444','2020-04-26','CC',117.28,'Pearlene Priestly','8747557678895272',3,2024,164,'Mastercard');
INSERT INTO INVOICECHARGE VALUES ('20200815QS5570473259444-ch00000','20200815QS5570473259444','2020-04-25',77.4,'Base room charge');
INSERT INTO INVOICECHARGE VALUES ('20200815QS5570473259444-ch00001','20200815QS5570473259444','2020-04-25',39.87,'Room Service');
-- ------- SAMPLE 37 ----------
INSERT INTO GUEST VALUES(1037,'Kasey','Kipp','KKipp@yahoo.com','1234 DaWrong Lane','Flonkerton','MD','12345','631-821-7619');
INSERT INTO RESERVATION VALUES ('20200622QD1335381718530',1037,806,'QD','2020-06-22','2020-06-23',1);
INSERT INTO INVOICE VALUES ('20200622QD1335381718530',95.95,0);
-- ------- SAMPLE 38 ----------
INSERT INTO GUEST VALUES(1038,'Darrin','Drum','DDrum@gmail.com','1234 DaWrong Lane','Flonkerton','MD','12345','941-418-8759');
INSERT INTO RESERVATION VALUES ('20200703QS8641304251507',1038,688,'QS','2020-07-03','2020-07-06',3);
INSERT INTO INVOICE VALUES ('20200703QS8641304251507',351.83,0);
-- ------- SAMPLE 39 ----------
INSERT INTO GUEST VALUES(1039,'Raven','Rybicki','RRybicki@yahoo.com','1234 DaWrong Lane','Flonkerton','MD','12345','085-670-2108');
INSERT INTO RESERVATION VALUES ('20200723QD9390610909068',1039,9,'QD','2020-07-23','2020-07-24',1);
INSERT INTO INVOICE VALUES ('20200723QD9390610909068',95.95,0);
