USE HMS_DB;

INSERT INTO ROOM VALUES (104,true,'KS');
INSERT INTO ROOM VALUES (516,true,'QS');
INSERT INTO ROOM VALUES (978,false,'KJ');
INSERT INTO ROOM VALUES (871,true,'KI');
INSERT INTO ROOM VALUES (428,true,'KS');
INSERT INTO ROOM VALUES (130,true,'QD');
INSERT INTO ROOM VALUES (599,false,'KJ');
INSERT INTO ROOM VALUES (880,true,'KS');
INSERT INTO ROOM VALUES (19,true,'KJ');
INSERT INTO ROOM VALUES (64,false,'KS');
INSERT INTO ROOM VALUES (58,true,'KI');
INSERT INTO ROOM VALUES (501,true,'KI');
INSERT INTO ROOM VALUES (974,true,'QS');
INSERT INTO ROOM VALUES (897,true,'KJ');
INSERT INTO ROOM VALUES (282,true,'QD');
INSERT INTO ROOM VALUES (952,false,'QS');
INSERT INTO ROOM VALUES (542,false,'QS');
INSERT INTO ROOM VALUES (48,true,'QD');
INSERT INTO ROOM VALUES (746,true,'QD');
INSERT INTO ROOM VALUES (731,true,'KS');
INSERT INTO ROOM VALUES (713,true,'KS');
INSERT INTO ROOM VALUES (41,true,'KS');
INSERT INTO ROOM VALUES (210,true,'QD');
INSERT INTO ROOM VALUES (861,true,'KJ');
INSERT INTO ROOM VALUES (596,true,'QD');
INSERT INTO ROOM VALUES (731,true,'QD');
INSERT INTO ROOM VALUES (897,false,'QD');
INSERT INTO ROOM VALUES (337,true,'KI');
INSERT INTO ROOM VALUES (871,false,'KS');
INSERT INTO ROOM VALUES (520,true,'QS');
INSERT INTO ROOM VALUES (799,true,'QS');
INSERT INTO ROOM VALUES (947,true,'KS');
INSERT INTO ROOM VALUES (614,false,'KJ');
INSERT INTO ROOM VALUES (705,false,'KJ');
INSERT INTO ROOM VALUES (529,false,'KI');
INSERT INTO ROOM VALUES (839,true,'QS');
INSERT INTO ROOM VALUES (132,true,'QD');
INSERT INTO ROOM VALUES (499,true,'KJ');
INSERT INTO ROOM VALUES (949,true,'KI');
INSERT INTO ROOM VALUES (664,true,'KJ');
INSERT INTO ROOM VALUES (331,true,'QD');
INSERT INTO ROOM VALUES (103,false,'KI');
INSERT INTO ROOM VALUES (892,true,'QS');
INSERT INTO ROOM VALUES (491,false,'KJ');
INSERT INTO ROOM VALUES (919,true,'KJ');
INSERT INTO ROOM VALUES (817,true,'QD');
INSERT INTO ROOM VALUES (263,true,'KJ');
INSERT INTO ROOM VALUES (990,true,'KS');
INSERT INTO ROOM VALUES (865,true,'QS');
INSERT INTO ROOM VALUES (296,true,'QD');
-- ------- SAMPLE 0 ----------
INSERT INTO GUEST VALUES(1000,'Jamey','Jen','JJen@gmail.com','1234 DaWrong Lane','Flonkerton','MD',12345);
INSERT INTO RESERVATION VALUES ('20200725QD9095528920117',1000,282,'QD','2020-07-25','2020-07-26',1);
INSERT INTO INVOICE VALUES ('20200725QD9095528920117',95.95,72);
INSERT INTO PAYMENT VALUES ('20200725QD9095528920117-p00001','20200725QD9095528920117','2020-04-26','CC',72,'Jamey Jen','1172168806980986',2,2021,'Mastercard');
INSERT INTO INVOICECHARGE VALUES ('20200725QD9095528920117-ch00001','20200725QD9095528920117','2020-04-25',63.33,'Base room charge');
INSERT INTO INVOICECHARGE VALUES ('20200725QD9095528920117-ch00002','20200725QD9095528920117','2020-04-25',32.62,'Cleaning fee');
-- ------- SAMPLE 1 ----------
INSERT INTO GUEST VALUES(1001,'Cherry','Chiarello','CChiarello@gmail.com','1234 DaWrong Lane','Flonkerton','MD',12345);
INSERT INTO RESERVATION VALUES ('20200717KJ6317004094881',1001,664,'KJ','2020-07-17','2020-07-19',2);
INSERT INTO INVOICE VALUES ('20200717KJ6317004094881',277.2,277.2);
INSERT INTO PAYMENT VALUES ('20200717KJ6317004094881-p00001','20200717KJ6317004094881','2020-04-26','CC',277.2,'Cherry Chiarello','5245622829868963',2,2027,'Mastercard');
INSERT INTO INVOICECHARGE VALUES ('20200717KJ6317004094881-ch00000','20200717KJ6317004094881','2020-04-25',277.2,'Base room charge');
-- ------- SAMPLE 2 ----------
INSERT INTO GUEST VALUES(1002,'Irma','Irby','IIrby@hotmail.com','1234 DaWrong Lane','Flonkerton','MD',12345);
INSERT INTO RESERVATION VALUES ('20200709QD3332109091992',1002,210,'QD','2020-07-09','2020-07-11',2);
INSERT INTO INVOICE VALUES ('20200709QD3332109091992',191.9,60);
INSERT INTO PAYMENT VALUES ('20200709QD3332109091992-p00001','20200709QD3332109091992','2020-04-26','CC',60,'Irma Irby','4008419052619475',1,2022,'Mastercard');
INSERT INTO INVOICECHARGE VALUES ('20200709QD3332109091992-ch00000','20200709QD3332109091992','2020-04-25',126.66,'Base room charge');
INSERT INTO INVOICECHARGE VALUES ('20200709QD3332109091992-ch00001','20200709QD3332109091992','2020-04-25',65.25,'Room Service');
-- ------- SAMPLE 3 ----------
INSERT INTO GUEST VALUES(1003,'Daron','Dycus','DDycus@hotmail.com','1234 DaWrong Lane','Flonkerton','MD',12345);
INSERT INTO RESERVATION VALUES ('20200519KS6078913410712',1003,990,'KS','2020-05-19','2020-05-21',2);
INSERT INTO INVOICE VALUES ('20200519KS6078913410712',213.23,157);
INSERT INTO PAYMENT (payment_id,invoice_id,payment_date,payment_type,payment_amount) VALUES ('20200519KS6078913410712-p00001','20200519KS6078913410712','2020-04-26','CA',157);
INSERT INTO INVOICECHARGE VALUES ('20200519KS6078913410712-ch00000','20200519KS6078913410712','2020-04-25',140.73,'Base room charge');
INSERT INTO INVOICECHARGE VALUES ('20200519KS6078913410712-ch00001','20200519KS6078913410712','2020-04-25',72.5,'Cleaning fee');
-- ------- SAMPLE 4 ----------
INSERT INTO GUEST VALUES(1004,'Margorie','Mcnish','MMcnish@yahoo.com','1234 DaWrong Lane','Flonkerton','MD',12345);
INSERT INTO RESERVATION VALUES ('20200531QD1109686473811',1004,210,'QD','2020-05-31','2020-06-01',1);
INSERT INTO INVOICE VALUES ('20200531QD1109686473811',95.95,0);
-- ------- SAMPLE 5 ----------
INSERT INTO GUEST VALUES(1005,'Eda','Elmendorf','EElmendorf@hotmail.com','1234 DaWrong Lane','Flonkerton','MD',12345);
INSERT INTO RESERVATION VALUES ('20200813KJ5946071527843',1005,861,'KJ','2020-08-13','2020-08-15',2);
INSERT INTO INVOICE VALUES ('20200813KJ5946071527843',277.2,0);
-- ------- SAMPLE 6 ----------
INSERT INTO GUEST VALUES(1006,'Christine','Ciampa','CCiampa@yahoo.com','1234 DaWrong Lane','Flonkerton','MD',12345);
INSERT INTO RESERVATION VALUES ('20200713QD3843097854751',1006,746,'QD','2020-07-13','2020-07-15',2);
INSERT INTO INVOICE VALUES ('20200713QD3843097854751',191.9,191.9);
INSERT INTO PAYMENT VALUES ('20200713QD3843097854751-p00001','20200713QD3843097854751','2020-04-26','CC',191.9,'Christine Ciampa','9076628588772090',10,2022,'Mastercard');
INSERT INTO INVOICECHARGE VALUES ('20200713QD3843097854751-ch00000','20200713QD3843097854751','2020-04-25',126.66,'Base room charge');
INSERT INTO INVOICECHARGE VALUES ('20200713QD3843097854751-ch00001','20200713QD3843097854751','2020-04-25',65.25,'Cleaning fee');
-- ------- SAMPLE 7 ----------
INSERT INTO GUEST VALUES(1007,'Asa','Allan','AAllan@hotmail.com','1234 DaWrong Lane','Flonkerton','MD',12345);
INSERT INTO RESERVATION VALUES ('20200612QD8001342392184',1007,817,'QD','2020-06-12','2020-06-15',3);
INSERT INTO INVOICE VALUES ('20200612QD8001342392184',287.86,287.86);
INSERT INTO PAYMENT VALUES ('20200612QD8001342392184-p00001','20200612QD8001342392184','2020-04-26','CC',287.86,'Asa Allan','8947467429094253',3,2024,'Mastercard');
INSERT INTO INVOICECHARGE VALUES ('20200612QD8001342392184-ch00000','20200612QD8001342392184','2020-04-25',287.86,'Base room charge');
-- ------- SAMPLE 8 ----------
INSERT INTO GUEST VALUES(1008,'Daron','Dycus','DDycus@hotmail.com','1234 DaWrong Lane','Flonkerton','MD',12345);
INSERT INTO RESERVATION VALUES ('20200813KI3179544382289',1008,949,'KI','2020-08-13','2020-08-16',3);
INSERT INTO INVOICE VALUES ('20200813KI3179544382289',255.87,0);
-- ------- SAMPLE 9 ----------
INSERT INTO GUEST VALUES(1009,'Fonda','Foreman','FForeman@gmail.com','1234 DaWrong Lane','Flonkerton','MD',12345);
INSERT INTO RESERVATION VALUES ('20200712KJ6859919186254',1009,599,'KJ','2020-07-12','2020-07-13',1);
INSERT INTO INVOICE VALUES ('20200712KJ6859919186254',138.6,138.6);
INSERT INTO PAYMENT VALUES ('20200712KJ6859919186254-p00001','20200712KJ6859919186254','2020-04-26','CC',138.6,'Fonda Foreman','2383400404979348',10,2024,'Mastercard');
INSERT INTO INVOICECHARGE VALUES ('20200712KJ6859919186254-ch00000','20200712KJ6859919186254','2020-04-25',91.48,'Base room charge');
INSERT INTO INVOICECHARGE VALUES ('20200712KJ6859919186254-ch00001','20200712KJ6859919186254','2020-04-25',47.12,'Cleaning fee');
-- ------- SAMPLE 10 ----------
INSERT INTO GUEST VALUES(1010,'Romaine','Reck','RReck@gmail.com','1234 DaWrong Lane','Flonkerton','MD',12345);
INSERT INTO RESERVATION VALUES ('20200806KS4629127951971',1010,871,'KS','2020-08-06','2020-08-07',1);
INSERT INTO INVOICE VALUES ('20200806KS4629127951971',106.61,106.61);
INSERT INTO PAYMENT VALUES ('20200806KS4629127951971-p00001','20200806KS4629127951971','2020-04-26','CC',106.61,'Romaine Reck','1822911828259378',8,2023,'Mastercard');
INSERT INTO INVOICECHARGE VALUES ('20200806KS4629127951971-ch00000','20200806KS4629127951971','2020-04-25',70.37,'Base room charge');
INSERT INTO INVOICECHARGE VALUES ('20200806KS4629127951971-ch00001','20200806KS4629127951971','2020-04-25',36.25,'Cleaning fee');
-- ------- SAMPLE 11 ----------
INSERT INTO GUEST VALUES(1011,'Aretha','Acy','AAcy@gmail.com','1234 DaWrong Lane','Flonkerton','MD',12345);
INSERT INTO RESERVATION VALUES ('20200726KJ7286471439819',1011,861,'KJ','2020-07-26','2020-07-27',1);
INSERT INTO INVOICE VALUES ('20200726KJ7286471439819',138.6,0);
-- ------- SAMPLE 12 ----------
INSERT INTO GUEST VALUES(1012,'Liliana','Lueck','LLueck@hotmail.com','1234 DaWrong Lane','Flonkerton','MD',12345);
INSERT INTO RESERVATION VALUES ('20200705KI1392802634566',1012,103,'KI','2020-07-05','2020-07-08',3);
INSERT INTO INVOICE VALUES ('20200705KI1392802634566',255.87,255.87);
INSERT INTO PAYMENT VALUES ('20200705KI1392802634566-p00001','20200705KI1392802634566','2020-04-26','CC',255.87,'Liliana Lueck','3361369944908803',6,2027,'Mastercard');
INSERT INTO INVOICECHARGE VALUES ('20200705KI1392802634566-ch00000','20200705KI1392802634566','2020-04-25',168.87,'Base room charge');
INSERT INTO INVOICECHARGE VALUES ('20200705KI1392802634566-ch00001','20200705KI1392802634566','2020-04-25',87,'Cleaning fee');
-- ------- SAMPLE 13 ----------
INSERT INTO GUEST VALUES(1013,'Buffy','Beattie','BBeattie@gmail.com','1234 DaWrong Lane','Flonkerton','MD',12345);
INSERT INTO RESERVATION VALUES ('20200810QD4573766783665',1013,132,'QD','2020-08-10','2020-08-11',1);
INSERT INTO INVOICE VALUES ('20200810QD4573766783665',95.95,64);
INSERT INTO PAYMENT VALUES ('20200810QD4573766783665-p00001','20200810QD4573766783665','2020-04-26','CC',64,'Buffy Beattie','3727226994055131',1,2021,'Mastercard');
INSERT INTO INVOICECHARGE VALUES ('20200810QD4573766783665-ch00000','20200810QD4573766783665','2020-04-25',63.33,'Base room charge');
INSERT INTO INVOICECHARGE VALUES ('20200810QD4573766783665-ch00001','20200810QD4573766783665','2020-04-25',32.62,'Cleaning fee');
-- ------- SAMPLE 14 ----------
INSERT INTO GUEST VALUES(1014,'Abdul','Ashe','AAshe@yahoo.com','1234 DaWrong Lane','Flonkerton','MD',12345);
INSERT INTO RESERVATION VALUES ('20200730KI5874783754405',1014,871,'KI','2020-07-30','2020-08-02',3);
INSERT INTO INVOICE VALUES ('20200730KI5874783754405',255.87,255.87);
INSERT INTO PAYMENT (payment_id,invoice_id,payment_date,payment_type,payment_amount) VALUES ('20200730KI5874783754405-p00001','20200730KI5874783754405','2020-04-26','CA',255.87);
INSERT INTO INVOICECHARGE VALUES ('20200730KI5874783754405-ch00000','20200730KI5874783754405','2020-04-25',255.87,'Base room charge');
-- ------- SAMPLE 15 ----------
INSERT INTO GUEST VALUES(1015,'Jeanene','Jacobo','JJacobo@gmail.com','1234 DaWrong Lane','Flonkerton','MD',12345);
INSERT INTO RESERVATION VALUES ('20200525KJ5960796662381',1015,614,'KJ','2020-05-25','2020-05-28',3);
INSERT INTO INVOICE VALUES ('20200525KJ5960796662381',415.81,415.81);
INSERT INTO PAYMENT (payment_id,invoice_id,payment_date,payment_type,payment_amount) VALUES ('20200525KJ5960796662381-p00001','20200525KJ5960796662381','2020-04-26','CA',415.81);
INSERT INTO INVOICECHARGE VALUES ('20200525KJ5960796662381-ch00000','20200525KJ5960796662381','2020-04-25',274.43,'Base room charge');
INSERT INTO INVOICECHARGE VALUES ('20200525KJ5960796662381-ch00001','20200525KJ5960796662381','2020-04-25',141.37,'Room Service');
-- ------- SAMPLE 16 ----------
INSERT INTO GUEST VALUES(1016,'Jenna','Jesse','JJesse@yahoo.com','1234 DaWrong Lane','Flonkerton','MD',12345);
INSERT INTO RESERVATION VALUES ('20200817KJ5337932776920',1016,263,'KJ','2020-08-17','2020-08-18',1);
INSERT INTO INVOICE VALUES ('20200817KJ5337932776920',138.6,0);
-- ------- SAMPLE 17 ----------
INSERT INTO GUEST VALUES(1017,'Danette','Dammann','DDammann@gmail.com','1234 DaWrong Lane','Flonkerton','MD',12345);
INSERT INTO RESERVATION VALUES ('20200721QD2413780604170',1017,331,'QD','2020-07-21','2020-07-23',2);
INSERT INTO INVOICE VALUES ('20200721QD2413780604170',191.9,191.9);
INSERT INTO PAYMENT (payment_id,invoice_id,payment_date,payment_type,payment_amount) VALUES ('20200721QD2413780604170-p00001','20200721QD2413780604170','2020-04-26','CA',191.9);
INSERT INTO INVOICECHARGE VALUES ('20200721QD2413780604170-ch00000','20200721QD2413780604170','2020-04-25',126.66,'Base room charge');
INSERT INTO INVOICECHARGE VALUES ('20200721QD2413780604170-ch00001','20200721QD2413780604170','2020-04-25',65.25,'Room Service');
-- ------- SAMPLE 18 ----------
INSERT INTO GUEST VALUES(1018,'Ngan','Nalley','NNalley@yahoo.com','1234 DaWrong Lane','Flonkerton','MD',12345);
INSERT INTO RESERVATION VALUES ('20200521QS7330553518080',1018,799,'QS','2020-05-21','2020-05-24',3);
INSERT INTO INVOICE VALUES ('20200521QS7330553518080',351.83,351.83);
INSERT INTO PAYMENT VALUES ('20200521QS7330553518080-p00001','20200521QS7330553518080','2020-04-26','CC',351.83,'Ngan Nalley','8773523345484333',3,2027,'Mastercard');
INSERT INTO INVOICECHARGE VALUES ('20200521QS7330553518080-ch00000','20200521QS7330553518080','2020-04-25',232.21,'Base room charge');
INSERT INTO INVOICECHARGE VALUES ('20200521QS7330553518080-ch00001','20200521QS7330553518080','2020-04-25',119.62,'Cleaning fee');
-- ------- SAMPLE 19 ----------
INSERT INTO GUEST VALUES(1019,'Ella','Evanoff','EEvanoff@hotmail.com','1234 DaWrong Lane','Flonkerton','MD',12345);
INSERT INTO RESERVATION VALUES ('20200612QD1591565550866',1019,132,'QD','2020-06-12','2020-06-14',2);
INSERT INTO INVOICE VALUES ('20200612QD1591565550866',191.9,0);
-- ------- SAMPLE 20 ----------
INSERT INTO GUEST VALUES(1020,'Marylynn','Musson','MMusson@gmail.com','1234 DaWrong Lane','Flonkerton','MD',12345);
INSERT INTO RESERVATION VALUES ('20200601KJ3112584848577',1020,919,'KJ','2020-06-01','2020-06-02',1);
INSERT INTO INVOICE VALUES ('20200601KJ3112584848577',138.6,113);
INSERT INTO PAYMENT VALUES ('20200601KJ3112584848577-p00001','20200601KJ3112584848577','2020-04-26','CC',113,'Marylynn Musson','3367976868204939',5,2022,'Mastercard');
INSERT INTO INVOICECHARGE VALUES ('20200601KJ3112584848577-ch00000','20200601KJ3112584848577','2020-04-25',138.6,'Base room charge');
-- ------- SAMPLE 21 ----------
INSERT INTO GUEST VALUES(1021,'Eda','Elmendorf','EElmendorf@yahoo.com','1234 DaWrong Lane','Flonkerton','MD',12345);
INSERT INTO RESERVATION VALUES ('20200703QD3316412006064',1021,132,'QD','2020-07-03','2020-07-06',3);
INSERT INTO INVOICE VALUES ('20200703QD3316412006064',287.86,287.86);
INSERT INTO PAYMENT VALUES ('20200703QD3316412006064-p00001','20200703QD3316412006064','2020-04-26','CC',287.86,'Eda Elmendorf','5770269350899007',5,2026,'Mastercard');
INSERT INTO INVOICECHARGE VALUES ('20200703QD3316412006064-ch00000','20200703QD3316412006064','2020-04-25',287.86,'Base room charge');
-- ------- SAMPLE 22 ----------
INSERT INTO GUEST VALUES(1022,'Lynda','Linda','LLinda@gmail.com','1234 DaWrong Lane','Flonkerton','MD',12345);
INSERT INTO RESERVATION VALUES ('20200526KJ1230098477533',1022,263,'KJ','2020-05-26','2020-05-28',2);
INSERT INTO INVOICE VALUES ('20200526KJ1230098477533',277.2,277.2);
INSERT INTO PAYMENT (payment_id,invoice_id,payment_date,payment_type,payment_amount) VALUES ('20200526KJ1230098477533-p00001','20200526KJ1230098477533','2020-04-26','CA',277.2);
INSERT INTO INVOICECHARGE VALUES ('20200526KJ1230098477533-ch00000','20200526KJ1230098477533','2020-04-25',182.95,'Base room charge');
INSERT INTO INVOICECHARGE VALUES ('20200526KJ1230098477533-ch00001','20200526KJ1230098477533','2020-04-25',94.25,'Cleaning fee');
-- ------- SAMPLE 23 ----------
INSERT INTO GUEST VALUES(1023,'Aretha','Acy','AAcy@yahoo.com','1234 DaWrong Lane','Flonkerton','MD',12345);
INSERT INTO RESERVATION VALUES ('20200625KJ2214843578781',1023,705,'KJ','2020-06-25','2020-06-26',1);
INSERT INTO INVOICE VALUES ('20200625KJ2214843578781',138.6,0);
-- ------- SAMPLE 24 ----------
INSERT INTO GUEST VALUES(1024,'Dorothea','Dipaolo','DDipaolo@hotmail.com','1234 DaWrong Lane','Flonkerton','MD',12345);
INSERT INTO RESERVATION VALUES ('20200701KI1925829292280',1024,58,'KI','2020-07-01','2020-07-02',1);
INSERT INTO INVOICE VALUES ('20200701KI1925829292280',85.29,85.29);
INSERT INTO PAYMENT (payment_id,invoice_id,payment_date,payment_type,payment_amount) VALUES ('20200701KI1925829292280-p00001','20200701KI1925829292280','2020-04-26','CA',85.29);
INSERT INTO INVOICECHARGE VALUES ('20200701KI1925829292280-ch00000','20200701KI1925829292280','2020-04-25',56.29,'Base room charge');
INSERT INTO INVOICECHARGE VALUES ('20200701KI1925829292280-ch00001','20200701KI1925829292280','2020-04-25',29,'Cleaning fee');
-- ------- SAMPLE 25 ----------
INSERT INTO GUEST VALUES(1025,'Elfriede','Esslinger','EEsslinger@gmail.com','1234 DaWrong Lane','Flonkerton','MD',12345);
INSERT INTO RESERVATION VALUES ('20200524KS6021198941367',1025,64,'KS','2020-05-24','2020-05-26',2);
INSERT INTO INVOICE VALUES ('20200524KS6021198941367',213.23,213.23);
INSERT INTO PAYMENT (payment_id,invoice_id,payment_date,payment_type,payment_amount) VALUES ('20200524KS6021198941367-p00001','20200524KS6021198941367','2020-04-26','CA',213.23);
INSERT INTO INVOICECHARGE VALUES ('20200524KS6021198941367-ch00000','20200524KS6021198941367','2020-04-25',213.23,'Base room charge');
-- ------- SAMPLE 26 ----------
INSERT INTO GUEST VALUES(1026,'Melony','Mcmartin','MMcmartin@hotmail.com','1234 DaWrong Lane','Flonkerton','MD',12345);
INSERT INTO RESERVATION VALUES ('20200603KI9025274952982',1026,501,'KI','2020-06-03','2020-06-05',2);
INSERT INTO INVOICE VALUES ('20200603KI9025274952982',170.58,0);
-- ------- SAMPLE 27 ----------
INSERT INTO GUEST VALUES(1027,'Lincoln','Lattea','LLattea@gmail.com','1234 DaWrong Lane','Flonkerton','MD',12345);
INSERT INTO RESERVATION VALUES ('20200626KJ5072340264380',1027,978,'KJ','2020-06-26','2020-06-27',1);
INSERT INTO INVOICE VALUES ('20200626KJ5072340264380',138.6,0);
-- ------- SAMPLE 28 ----------
INSERT INTO GUEST VALUES(1028,'Margorie','Mcnish','MMcnish@gmail.com','1234 DaWrong Lane','Flonkerton','MD',12345);
INSERT INTO RESERVATION VALUES ('20200817QS7385476703561',1028,542,'QS','2020-08-17','2020-08-18',1);
INSERT INTO INVOICE VALUES ('20200817QS7385476703561',117.28,117.28);
INSERT INTO PAYMENT (payment_id,invoice_id,payment_date,payment_type,payment_amount) VALUES ('20200817QS7385476703561-p00001','20200817QS7385476703561','2020-04-26','CA',117.28);
INSERT INTO INVOICECHARGE VALUES ('20200817QS7385476703561-ch00000','20200817QS7385476703561','2020-04-25',117.28,'Base room charge');
-- ------- SAMPLE 29 ----------
INSERT INTO GUEST VALUES(1029,'Nena','Nunez','NNunez@yahoo.com','1234 DaWrong Lane','Flonkerton','MD',12345);
INSERT INTO RESERVATION VALUES ('20200712QS8169546492125',1029,892,'QS','2020-07-12','2020-07-14',2);
INSERT INTO INVOICE VALUES ('20200712QS8169546492125',234.55,234.55);
INSERT INTO PAYMENT (payment_id,invoice_id,payment_date,payment_type,payment_amount) VALUES ('20200712QS8169546492125-p00001','20200712QS8169546492125','2020-04-26','CA',234.55);
INSERT INTO INVOICECHARGE VALUES ('20200712QS8169546492125-ch00000','20200712QS8169546492125','2020-04-25',154.81,'Base room charge');
INSERT INTO INVOICECHARGE VALUES ('20200712QS8169546492125-ch00001','20200712QS8169546492125','2020-04-25',79.75,'Room Service');
-- ------- SAMPLE 30 ----------
INSERT INTO GUEST VALUES(1030,'Jamey','Jen','JJen@hotmail.com','1234 DaWrong Lane','Flonkerton','MD',12345);
INSERT INTO RESERVATION VALUES ('20200618QD9107521015465',1030,132,'QD','2020-06-18','2020-06-19',1);
INSERT INTO INVOICE VALUES ('20200618QD9107521015465',95.95,35);
INSERT INTO PAYMENT VALUES ('20200618QD9107521015465-p00001','20200618QD9107521015465','2020-04-26','CC',35,'Jamey Jen','8560967725887813',4,2025,'Mastercard');
INSERT INTO INVOICECHARGE VALUES ('20200618QD9107521015465-ch00000','20200618QD9107521015465','2020-04-25',95.95,'Base room charge');
-- ------- SAMPLE 31 ----------
INSERT INTO GUEST VALUES(1031,'Irma','Irby','IIrby@yahoo.com','1234 DaWrong Lane','Flonkerton','MD',12345);
INSERT INTO RESERVATION VALUES ('20200820KJ4479016897640',1031,861,'KJ','2020-08-20','2020-08-23',3);
INSERT INTO INVOICE VALUES ('20200820KJ4479016897640',415.81,0);
-- ------- SAMPLE 32 ----------
INSERT INTO GUEST VALUES(1032,'Delsie','Dunstan','DDunstan@hotmail.com','1234 DaWrong Lane','Flonkerton','MD',12345);
INSERT INTO RESERVATION VALUES ('20200816QD5545894522474',1032,130,'QD','2020-08-16','2020-08-19',3);
INSERT INTO INVOICE VALUES ('20200816QD5545894522474',287.86,29);
INSERT INTO PAYMENT VALUES ('20200816QD5545894522474-p00001','20200816QD5545894522474','2020-04-26','CC',29,'Delsie Dunstan','1251954687764619',3,2023,'Mastercard');
INSERT INTO INVOICECHARGE VALUES ('20200816QD5545894522474-ch00000','20200816QD5545894522474','2020-04-25',189.98,'Base room charge');
INSERT INTO INVOICECHARGE VALUES ('20200816QD5545894522474-ch00001','20200816QD5545894522474','2020-04-25',97.87,'Cleaning fee');
-- ------- SAMPLE 33 ----------
INSERT INTO GUEST VALUES(1033,'Lakenya','Langston','LLangston@gmail.com','1234 DaWrong Lane','Flonkerton','MD',12345);
INSERT INTO RESERVATION VALUES ('20200528QS9640195952090',1033,799,'QS','2020-05-28','2020-05-29',1);
INSERT INTO INVOICE VALUES ('20200528QS9640195952090',117.28,55);
INSERT INTO PAYMENT (payment_id,invoice_id,payment_date,payment_type,payment_amount) VALUES ('20200528QS9640195952090-p00001','20200528QS9640195952090','2020-04-26','CA',55);
INSERT INTO INVOICECHARGE VALUES ('20200528QS9640195952090-ch00000','20200528QS9640195952090','2020-04-25',77.4,'Base room charge');
INSERT INTO INVOICECHARGE VALUES ('20200528QS9640195952090-ch00001','20200528QS9640195952090','2020-04-25',39.87,'Room Service');
-- ------- SAMPLE 34 ----------
INSERT INTO GUEST VALUES(1034,'Bessie','Buhler','BBuhler@hotmail.com','1234 DaWrong Lane','Flonkerton','MD',12345);
INSERT INTO RESERVATION VALUES ('20200519KS6102383469077',1034,731,'KS','2020-05-19','2020-05-22',3);
INSERT INTO INVOICE VALUES ('20200519KS6102383469077',319.84,244);
INSERT INTO PAYMENT VALUES ('20200519KS6102383469077-p00001','20200519KS6102383469077','2020-04-26','CC',244,'Bessie Buhler','7180457444202537',12,2024,'Mastercard');
INSERT INTO INVOICECHARGE VALUES ('20200519KS6102383469077-ch00000','20200519KS6102383469077','2020-04-25',319.84,'Base room charge');
-- ------- SAMPLE 35 ----------
INSERT INTO GUEST VALUES(1035,'Selene','Staiger','SStaiger@hotmail.com','1234 DaWrong Lane','Flonkerton','MD',12345);
INSERT INTO RESERVATION VALUES ('20200515KI6943698251034',1035,949,'KI','2020-05-15','2020-05-16',1);
INSERT INTO INVOICE VALUES ('20200515KI6943698251034',85.29,85.29);
INSERT INTO PAYMENT VALUES ('20200515KI6943698251034-p00001','20200515KI6943698251034','2020-04-26','CC',85.29,'Selene Staiger','6816323720506944',7,2025,'Mastercard');
INSERT INTO INVOICECHARGE VALUES ('20200515KI6943698251034-ch00000','20200515KI6943698251034','2020-04-25',56.29,'Base room charge');
INSERT INTO INVOICECHARGE VALUES ('20200515KI6943698251034-ch00001','20200515KI6943698251034','2020-04-25',29,'Room Service');
-- ------- SAMPLE 36 ----------
INSERT INTO GUEST VALUES(1036,'Vicky','Vanderhoff','VVanderhoff@gmail.com','1234 DaWrong Lane','Flonkerton','MD',12345);
INSERT INTO RESERVATION VALUES ('20200709KS7188042215003',1036,713,'KS','2020-07-09','2020-07-11',2);
INSERT INTO INVOICE VALUES ('20200709KS7188042215003',213.23,0);
-- ------- SAMPLE 37 ----------
INSERT INTO GUEST VALUES(1037,'Sherryl','Shurtleff','SShurtleff@yahoo.com','1234 DaWrong Lane','Flonkerton','MD',12345);
INSERT INTO RESERVATION VALUES ('20200609QS5117235246606',1037,839,'QS','2020-06-09','2020-06-11',2);
INSERT INTO INVOICE VALUES ('20200609QS5117235246606',234.55,234.55);
INSERT INTO PAYMENT VALUES ('20200609QS5117235246606-p00001','20200609QS5117235246606','2020-04-26','CC',234.55,'Sherryl Shurtleff','8127761973263929',12,2023,'Mastercard');
INSERT INTO INVOICECHARGE VALUES ('20200609QS5117235246606-ch00000','20200609QS5117235246606','2020-04-25',154.81,'Base room charge');
INSERT INTO INVOICECHARGE VALUES ('20200609QS5117235246606-ch00001','20200609QS5117235246606','2020-04-25',79.75,'Cleaning fee');
-- ------- SAMPLE 38 ----------
INSERT INTO GUEST VALUES(1038,'Romaine','Reck','RReck@gmail.com','1234 DaWrong Lane','Flonkerton','MD',12345);
INSERT INTO RESERVATION VALUES ('20200718QD7922817232261',1038,282,'QD','2020-07-18','2020-07-21',3);
INSERT INTO INVOICE VALUES ('20200718QD7922817232261',287.86,41);
INSERT INTO PAYMENT VALUES ('20200718QD7922817232261-p00001','20200718QD7922817232261','2020-04-26','CC',41,'Romaine Reck','6188140702138023',8,2025,'Mastercard');
INSERT INTO INVOICECHARGE VALUES ('20200718QD7922817232261-ch00000','20200718QD7922817232261','2020-04-25',189.98,'Base room charge');
INSERT INTO INVOICECHARGE VALUES ('20200718QD7922817232261-ch00001','20200718QD7922817232261','2020-04-25',97.87,'Cleaning fee');
-- ------- SAMPLE 39 ----------
INSERT INTO GUEST VALUES(1039,'Fonda','Foreman','FForeman@gmail.com','1234 DaWrong Lane','Flonkerton','MD',12345);
INSERT INTO RESERVATION VALUES ('20200817QS6548491106165',1039,542,'QS','2020-08-17','2020-08-19',2);
INSERT INTO INVOICE VALUES ('20200817QS6548491106165',234.55,166);
INSERT INTO PAYMENT VALUES ('20200817QS6548491106165-p00001','20200817QS6548491106165','2020-04-26','CC',166,'Fonda Foreman','9998867930244910',6,2021,'Mastercard');
INSERT INTO INVOICECHARGE VALUES ('20200817QS6548491106165-ch00000','20200817QS6548491106165','2020-04-25',234.55,'Base room charge');
