USE HMS_DB;

INSERT INTO ROOM VALUES (101,true,'QD',true);
INSERT INTO ROOM VALUES (102,false,'KS',true);
INSERT INTO ROOM VALUES (103,false,'QS',true);
INSERT INTO ROOM VALUES (104,true,'KJ',true);
INSERT INTO ROOM VALUES (105,true,'KI',true);
INSERT INTO ROOM VALUES (106,true,'QD',true);
INSERT INTO ROOM VALUES (107,false,'KS',true);
INSERT INTO ROOM VALUES (108,true,'QS',true);
INSERT INTO ROOM VALUES (109,true,'KJ',true);
INSERT INTO ROOM VALUES (110,true,'KI',true);
INSERT INTO ROOM VALUES (111,false,'QD',true);
INSERT INTO ROOM VALUES (112,false,'KS',true);
INSERT INTO ROOM VALUES (113,false,'QS',true);
INSERT INTO ROOM VALUES (114,true,'KJ',true);
INSERT INTO ROOM VALUES (115,true,'KI',true);
INSERT INTO ROOM VALUES (116,false,'QD',true);
INSERT INTO ROOM VALUES (117,true,'KS',true);
INSERT INTO ROOM VALUES (118,true,'QS',true);
INSERT INTO ROOM VALUES (119,false,'KJ',true);
INSERT INTO ROOM VALUES (120,true,'KI',true);
INSERT INTO ROOM VALUES (200,true,'QD',true);
INSERT INTO ROOM VALUES (201,true,'KS',true);
INSERT INTO ROOM VALUES (202,true,'QS',true);
INSERT INTO ROOM VALUES (203,true,'KJ',true);
INSERT INTO ROOM VALUES (204,true,'KI',true);
INSERT INTO ROOM VALUES (205,true,'QD',true);
INSERT INTO ROOM VALUES (206,true,'KS',true);
INSERT INTO ROOM VALUES (207,true,'QS',true);
INSERT INTO ROOM VALUES (208,true,'KJ',true);
INSERT INTO ROOM VALUES (209,true,'KI',true);
-- ------- SAMPLE 0 ----------
INSERT INTO GUEST VALUES(1000,'Mario','Macdowell','MMacdowell@gmail.com','1234 DaWrong Lane','Flonkerton','MD','12345','758-495-1819');
INSERT INTO RESERVATION VALUES ('20191201KS7474231210526',1000,117,'KS','2019-12-01','2019-12-04',null,'complete');
INSERT INTO INVOICECHARGE VALUES ('20191201KS7474231210526-ch00001','20191201KS7474231210526','2019-12-01',319.84,'Base room charge');
INSERT INTO PAYMENT VALUES ('20191201KS7474231210526-p00001','20191201KS7474231210526','2020-05-05','CC',221,'Mario Macdowell','7797559556676846',4,2022,521,'Mastercard');
-- ------- SAMPLE 1 ----------
INSERT INTO GUEST VALUES(1001,'Vicky','Vanderhoff','VVanderhoff@yahoo.com','1234 DaWrong Lane','Flonkerton','MD','12345','382-140-1839');
INSERT INTO RESERVATION VALUES ('20200507KI4715972176857',1001,null,'KI','2020-05-07','2020-05-08',null,'active');
INSERT INTO INVOICECHARGE VALUES ('20200507KI4715972176857-ch00001','20200507KI4715972176857','2020-05-07',56.29,'Base room charge');
INSERT INTO INVOICECHARGE VALUES ('20200507KI4715972176857-ch00002','20200507KI4715972176857','2020-05-07',29,'Cleaning fee');
INSERT INTO PAYMENT (payment_id,invoice_id,payment_date,payment_type,payment_amount) VALUES ('20200507KI4715972176857-p00001','20200507KI4715972176857','2020-05-05','CA',4);
-- ------- SAMPLE 2 ----------
INSERT INTO GUEST VALUES(1002,'Daron','Dycus','DDycus@hotmail.com','1234 DaWrong Lane','Flonkerton','MD','12345','373-396-5900');
INSERT INTO RESERVATION VALUES ('20200823KS7574645854181',1002,null,'KS','2020-08-23','2020-08-24',null,'cancelled');
INSERT INTO INVOICECHARGE VALUES ('20200823KS7574645854181-ch00001','20200823KS7574645854181','2020-08-23',106.61,'Base room charge');
INSERT INTO PAYMENT VALUES ('20200823KS7574645854181-p00001','20200823KS7574645854181','2020-05-05','CC',106.61,'Daron Dycus','6533004105040345',10,2022,713,'Mastercard');
-- ------- SAMPLE 3 ----------
INSERT INTO GUEST VALUES(1003,'Tish','Tusing','TTusing@yahoo.com','1234 DaWrong Lane','Flonkerton','MD','12345','747-022-5538');
INSERT INTO RESERVATION VALUES ('20190511KI4896695310932',1003,209,'KI','2019-05-11','2019-05-14',null,'complete');
-- ------- SAMPLE 4 ----------
INSERT INTO GUEST VALUES(1004,'Kaley','Kilmon','KKilmon@hotmail.com','1234 DaWrong Lane','Flonkerton','MD','12345','136-472-5231');
INSERT INTO RESERVATION VALUES ('20200731QD6506172685684',1004,null,'QD','2020-07-31','2020-08-02',null,'active');
-- ------- SAMPLE 5 ----------
INSERT INTO GUEST VALUES(1005,'Darrin','Drum','DDrum@hotmail.com','1234 DaWrong Lane','Flonkerton','MD','12345','917-290-4638');
INSERT INTO RESERVATION VALUES ('20200807KS8707794359358',1005,null,'KS','2020-08-07','2020-08-08',null,'active');
INSERT INTO INVOICECHARGE VALUES ('20200807KS8707794359358-ch00001','20200807KS8707794359358','2020-08-07',70.37,'Base room charge');
INSERT INTO INVOICECHARGE VALUES ('20200807KS8707794359358-ch00002','20200807KS8707794359358','2020-08-07',36.25,'Room Service');
INSERT INTO PAYMENT VALUES ('20200807KS8707794359358-p00001','20200807KS8707794359358','2020-05-05','CC',106.61,'Darrin Drum','9507752354030626',11,2026,181,'Mastercard');
-- ------- SAMPLE 6 ----------
INSERT INTO GUEST VALUES(1006,'Delsie','Dunstan','DDunstan@gmail.com','1234 DaWrong Lane','Flonkerton','MD','12345','559-781-8380');
INSERT INTO RESERVATION VALUES ('20200331KJ4789766605233',1006,208,'KJ','2020-03-31','2020-04-04',null,'complete');
INSERT INTO INVOICECHARGE VALUES ('20200331KJ4789766605233-ch00001','20200331KJ4789766605233','2020-03-31',554.41,'Base room charge');
INSERT INTO PAYMENT (payment_id,invoice_id,payment_date,payment_type,payment_amount) VALUES ('20200331KJ4789766605233-p00001','20200331KJ4789766605233','2020-05-05','CA',554.41);
-- ------- SAMPLE 7 ----------
INSERT INTO GUEST VALUES(1007,'Jamey','Jen','JJen@yahoo.com','1234 DaWrong Lane','Flonkerton','MD','12345','305-595-9624');
INSERT INTO RESERVATION VALUES ('20201104KJ4294722815536',1007,null,'KJ','2020-11-04','2020-11-09',null,'active');
-- ------- SAMPLE 8 ----------
INSERT INTO GUEST VALUES(1008,'Mario','Macdowell','MMacdowell@hotmail.com','1234 DaWrong Lane','Flonkerton','MD','12345','820-456-6342');
INSERT INTO RESERVATION VALUES ('20200313QD2020018766836',1008,111,'QD','2020-03-13','2020-03-18',null,'complete');
INSERT INTO INVOICECHARGE VALUES ('20200313QD2020018766836-ch00001','20200313QD2020018766836','2020-03-13',316.64,'Base room charge');
INSERT INTO INVOICECHARGE VALUES ('20200313QD2020018766836-ch00002','20200313QD2020018766836','2020-03-13',163.12,'Room Service');
INSERT INTO PAYMENT VALUES ('20200313QD2020018766836-p00001','20200313QD2020018766836','2020-05-05','CC',165,'Mario Macdowell','7065624370853039',8,2026,803,'Mastercard');
-- ------- SAMPLE 9 ----------
INSERT INTO GUEST VALUES(1009,'Heather','Hartin','HHartin@yahoo.com','1234 DaWrong Lane','Flonkerton','MD','12345','278-101-4239');
INSERT INTO RESERVATION VALUES ('20201202KI2343661788760',1009,null,'KI','2020-12-02','2020-12-04',null,'active');
INSERT INTO INVOICECHARGE VALUES ('20201202KI2343661788760-ch00001','20201202KI2343661788760','2020-12-02',112.58,'Base room charge');
INSERT INTO INVOICECHARGE VALUES ('20201202KI2343661788760-ch00002','20201202KI2343661788760','2020-12-02',58,'Cleaning fee');
INSERT INTO PAYMENT (payment_id,invoice_id,payment_date,payment_type,payment_amount) VALUES ('20201202KI2343661788760-p00001','20201202KI2343661788760','2020-05-05','CA',170.58);
-- ------- SAMPLE 10 ----------
INSERT INTO GUEST VALUES(1010,'Natalia','Nowacki','NNowacki@gmail.com','1234 DaWrong Lane','Flonkerton','MD','12345','485-765-5385');
INSERT INTO RESERVATION VALUES ('20191011QS2142542178001',1010,113,'QS','2019-10-11','2019-10-14',null,'complete');
-- ------- SAMPLE 11 ----------
INSERT INTO GUEST VALUES(1011,'Anita','Amezcua','AAmezcua@yahoo.com','1234 DaWrong Lane','Flonkerton','MD','12345','934-289-1679');
INSERT INTO RESERVATION VALUES ('20191012QS7663891471578',1011,113,'QS','2019-10-12','2019-10-13',null,'cancelled');
-- ------- SAMPLE 12 ----------
INSERT INTO GUEST VALUES(1012,'Shaneka','Stribling','SStribling@gmail.com','1234 DaWrong Lane','Flonkerton','MD','12345','215-702-9165');
INSERT INTO RESERVATION VALUES ('20190928KI1689199386280',1012,204,'KI','2019-09-28','2019-09-29',null,'complete');
INSERT INTO INVOICECHARGE VALUES ('20190928KI1689199386280-ch00001','20190928KI1689199386280','2019-09-28',85.29,'Base room charge');
INSERT INTO PAYMENT VALUES ('20190928KI1689199386280-p00001','20190928KI1689199386280','2020-05-05','CC',85.29,'Shaneka Stribling','2965688578212701',2,2023,507,'Mastercard');
-- ------- SAMPLE 13 ----------
INSERT INTO GUEST VALUES(1013,'Melony','Mcmartin','MMcmartin@gmail.com','1234 DaWrong Lane','Flonkerton','MD','12345','692-086-1210');
INSERT INTO RESERVATION VALUES ('20200921KS2682373036452',1013,null,'KS','2020-09-21','2020-09-24',null,'active');
-- ------- SAMPLE 14 ----------
INSERT INTO GUEST VALUES(1014,'Shaneka','Stribling','SStribling@yahoo.com','1234 DaWrong Lane','Flonkerton','MD','12345','466-684-3585');
INSERT INTO RESERVATION VALUES ('20190529QD4238242573924',1014,200,'QD','2019-05-29','2019-06-01',null,'complete');
INSERT INTO INVOICECHARGE VALUES ('20190529QD4238242573924-ch00001','20190529QD4238242573924','2019-05-29',287.86,'Base room charge');
INSERT INTO PAYMENT (payment_id,invoice_id,payment_date,payment_type,payment_amount) VALUES ('20190529QD4238242573924-p00001','20190529QD4238242573924','2020-05-05','CA',287.86);
-- ------- SAMPLE 15 ----------
INSERT INTO GUEST VALUES(1015,'Kathlyn','Kinser','KKinser@gmail.com','1234 DaWrong Lane','Flonkerton','MD','12345','206-889-9646');
INSERT INTO RESERVATION VALUES ('20190603QD7345901952004',1015,106,'QD','2019-06-03','2019-06-06',null,'complete');
INSERT INTO INVOICECHARGE VALUES ('20190603QD7345901952004-ch00001','20190603QD7345901952004','2019-06-03',287.86,'Base room charge');
INSERT INTO PAYMENT (payment_id,invoice_id,payment_date,payment_type,payment_amount) VALUES ('20190603QD7345901952004-p00001','20190603QD7345901952004','2020-05-05','CA',287.86);
-- ------- SAMPLE 16 ----------
INSERT INTO GUEST VALUES(1016,'Keturah','Kagawa','KKagawa@gmail.com','1234 DaWrong Lane','Flonkerton','MD','12345','313-923-8098');
INSERT INTO RESERVATION VALUES ('20200924QD5606865818067',1016,null,'QD','2020-09-24','2020-09-27',null,'active');
INSERT INTO INVOICECHARGE VALUES ('20200924QD5606865818067-ch00001','20200924QD5606865818067','2020-09-24',189.98,'Base room charge');
INSERT INTO INVOICECHARGE VALUES ('20200924QD5606865818067-ch00002','20200924QD5606865818067','2020-09-24',97.87,'Cleaning fee');
INSERT INTO PAYMENT VALUES ('20200924QD5606865818067-p00001','20200924QD5606865818067','2020-05-05','CC',287.86,'Keturah Kagawa','8042381037125330',11,2026,332,'Mastercard');
-- ------- SAMPLE 17 ----------
INSERT INTO GUEST VALUES(1017,'Shaneka','Stribling','SStribling@yahoo.com','1234 DaWrong Lane','Flonkerton','MD','12345','267-925-0819');
INSERT INTO RESERVATION VALUES ('20200330KJ7204505737019',1017,109,'KJ','2020-03-30','2020-04-01',null,'complete');
-- ------- SAMPLE 18 ----------
INSERT INTO GUEST VALUES(1018,'Kerstin','Khalaf','KKhalaf@yahoo.com','1234 DaWrong Lane','Flonkerton','MD','12345','176-042-7444');
INSERT INTO RESERVATION VALUES ('20210202KI1847296315877',1018,null,'KI','2021-02-02','2021-02-03',null,'active');
INSERT INTO INVOICECHARGE VALUES ('20210202KI1847296315877-ch00001','20210202KI1847296315877','2021-02-02',85.29,'Base room charge');
INSERT INTO PAYMENT VALUES ('20210202KI1847296315877-p00001','20210202KI1847296315877','2020-05-05','CC',29,'Kerstin Khalaf','3130919598381568',1,2022,894,'Mastercard');
-- ------- SAMPLE 19 ----------
INSERT INTO GUEST VALUES(1019,'Deandra','Dimauro','DDimauro@hotmail.com','1234 DaWrong Lane','Flonkerton','MD','12345','691-219-3388');
INSERT INTO RESERVATION VALUES ('20200311KI4931486349735',1019,105,'KI','2020-03-11','2020-03-14',null,'complete');
-- ------- SAMPLE 20 ----------
INSERT INTO GUEST VALUES(1020,'Hedwig','Hinz','HHinz@gmail.com','1234 DaWrong Lane','Flonkerton','MD','12345','702-768-1093');
INSERT INTO RESERVATION VALUES ('20201222QD7671874323458',1020,null,'QD','2020-12-22','2020-12-26',null,'cancelled');
-- ------- SAMPLE 21 ----------
INSERT INTO GUEST VALUES(1021,'Lillia','Linen','LLinen@hotmail.com','1234 DaWrong Lane','Flonkerton','MD','12345','915-923-8707');
INSERT INTO RESERVATION VALUES ('20200730KS5555154806980',1021,null,'KS','2020-07-30','2020-07-31',null,'cancelled');
INSERT INTO INVOICECHARGE VALUES ('20200730KS5555154806980-ch00001','20200730KS5555154806980','2020-07-30',70.37,'Base room charge');
INSERT INTO INVOICECHARGE VALUES ('20200730KS5555154806980-ch00002','20200730KS5555154806980','2020-07-30',36.25,'Cleaning fee');
INSERT INTO PAYMENT VALUES ('20200730KS5555154806980-p00001','20200730KS5555154806980','2020-05-05','CC',106.61,'Lillia Linen','2983026690309207',7,2023,383,'Mastercard');
-- ------- SAMPLE 22 ----------
INSERT INTO GUEST VALUES(1022,'Melaine','Miskell','MMiskell@hotmail.com','1234 DaWrong Lane','Flonkerton','MD','12345','186-072-1950');
INSERT INTO RESERVATION VALUES ('20190615KI6447977496365',1022,105,'KI','2019-06-15','2019-06-17',null,'cancelled');
INSERT INTO INVOICECHARGE VALUES ('20190615KI6447977496365-ch00001','20190615KI6447977496365','2019-06-15',170.58,'Base room charge');
INSERT INTO PAYMENT VALUES ('20190615KI6447977496365-p00001','20190615KI6447977496365','2020-05-05','CC',34,'Melaine Miskell','1999543032571546',7,2026,684,'Mastercard');
-- ------- SAMPLE 23 ----------
INSERT INTO GUEST VALUES(1023,'Eryn','Edenfield','EEdenfield@hotmail.com','1234 DaWrong Lane','Flonkerton','MD','12345','768-800-9342');
INSERT INTO RESERVATION VALUES ('20190510KI5491956556185',1023,204,'KI','2019-05-10','2019-05-11',null,'cancelled');
INSERT INTO INVOICECHARGE VALUES ('20190510KI5491956556185-ch00001','20190510KI5491956556185','2019-05-10',56.29,'Base room charge');
INSERT INTO INVOICECHARGE VALUES ('20190510KI5491956556185-ch00002','20190510KI5491956556185','2019-05-10',29,'Room Service');
INSERT INTO PAYMENT VALUES ('20190510KI5491956556185-p00001','20190510KI5491956556185','2020-05-05','CC',85.29,'Eryn Edenfield','3149006766462030',2,2027,999,'Mastercard');
-- ------- SAMPLE 24 ----------
INSERT INTO GUEST VALUES(1024,'Alverta','Arce','AArce@hotmail.com','1234 DaWrong Lane','Flonkerton','MD','12345','440-781-1603');
INSERT INTO RESERVATION VALUES ('20210418KJ2784067015026',1024,null,'KJ','2021-04-18','2021-04-21',null,'active');
INSERT INTO INVOICECHARGE VALUES ('20210418KJ2784067015026-ch00001','20210418KJ2784067015026','2021-04-18',274.43,'Base room charge');
INSERT INTO INVOICECHARGE VALUES ('20210418KJ2784067015026-ch00002','20210418KJ2784067015026','2021-04-18',141.37,'Room Service');
INSERT INTO PAYMENT VALUES ('20210418KJ2784067015026-p00001','20210418KJ2784067015026','2020-05-05','CC',415.81,'Alverta Arce','9129762697871497',8,2022,374,'Mastercard');
-- ------- SAMPLE 25 ----------
INSERT INTO GUEST VALUES(1025,'Abram','Adolph','AAdolph@hotmail.com','1234 DaWrong Lane','Flonkerton','MD','12345','913-712-4302');
INSERT INTO RESERVATION VALUES ('20190528KS6487878808657',1025,102,'KS','2019-05-28','2019-06-02',null,'cancelled');
INSERT INTO INVOICECHARGE VALUES ('20190528KS6487878808657-ch00001','20190528KS6487878808657','2019-05-28',533.07,'Base room charge');
INSERT INTO PAYMENT VALUES ('20190528KS6487878808657-p00001','20190528KS6487878808657','2020-05-05','CC',533.07,'Abram Adolph','4192216346052960',10,2025,106,'Mastercard');
-- ------- SAMPLE 26 ----------
INSERT INTO GUEST VALUES(1026,'Demarcus','Dearborn','DDearborn@yahoo.com','1234 DaWrong Lane','Flonkerton','MD','12345','523-694-1216');
INSERT INTO RESERVATION VALUES ('20200407QD9769388369100',1026,116,'QD','2020-04-07','2020-04-11',null,'complete');
INSERT INTO INVOICECHARGE VALUES ('20200407QD9769388369100-ch00001','20200407QD9769388369100','2020-04-07',253.31,'Base room charge');
INSERT INTO INVOICECHARGE VALUES ('20200407QD9769388369100-ch00002','20200407QD9769388369100','2020-04-07',130.49,'Cleaning fee');
INSERT INTO PAYMENT VALUES ('20200407QD9769388369100-p00001','20200407QD9769388369100','2020-05-05','CC',383.81,'Demarcus Dearborn','4256220944598539',5,2023,930,'Mastercard');
-- ------- SAMPLE 27 ----------
INSERT INTO GUEST VALUES(1027,'Audrey','Aikens','AAikens@gmail.com','1234 DaWrong Lane','Flonkerton','MD','12345','174-753-4237');
INSERT INTO RESERVATION VALUES ('20190730QD5472206455968',1027,111,'QD','2019-07-30','2019-08-04',null,'complete');
INSERT INTO INVOICECHARGE VALUES ('20190730QD5472206455968-ch00001','20190730QD5472206455968','2019-07-30',316.64,'Base room charge');
INSERT INTO INVOICECHARGE VALUES ('20190730QD5472206455968-ch00002','20190730QD5472206455968','2019-07-30',163.12,'Room Service');
INSERT INTO PAYMENT VALUES ('20190730QD5472206455968-p00001','20190730QD5472206455968','2020-05-05','CC',479.76,'Audrey Aikens','9518371282143916',7,2026,97,'Mastercard');
-- ------- SAMPLE 28 ----------
INSERT INTO GUEST VALUES(1028,'Leonore','Losh','LLosh@yahoo.com','1234 DaWrong Lane','Flonkerton','MD','12345','402-315-9019');
INSERT INTO RESERVATION VALUES ('20201010KS3917480401876',1028,null,'KS','2020-10-10','2020-10-15',null,'active');
INSERT INTO INVOICECHARGE VALUES ('20201010KS3917480401876-ch00001','20201010KS3917480401876','2020-10-10',351.83,'Base room charge');
INSERT INTO INVOICECHARGE VALUES ('20201010KS3917480401876-ch00002','20201010KS3917480401876','2020-10-10',181.24,'Room Service');
INSERT INTO PAYMENT VALUES ('20201010KS3917480401876-p00001','20201010KS3917480401876','2020-05-05','CC',119,'Leonore Losh','5754416374207022',6,2022,669,'Mastercard');
-- ------- SAMPLE 29 ----------
INSERT INTO GUEST VALUES(1029,'Keturah','Kagawa','KKagawa@hotmail.com','1234 DaWrong Lane','Flonkerton','MD','12345','573-941-7021');
INSERT INTO RESERVATION VALUES ('20191122KJ1612826712161',1029,203,'KJ','2019-11-22','2019-11-25',null,'complete');
INSERT INTO INVOICECHARGE VALUES ('20191122KJ1612826712161-ch00001','20191122KJ1612826712161','2019-11-22',274.43,'Base room charge');
INSERT INTO INVOICECHARGE VALUES ('20191122KJ1612826712161-ch00002','20191122KJ1612826712161','2019-11-22',141.37,'Cleaning fee');
INSERT INTO PAYMENT (payment_id,invoice_id,payment_date,payment_type,payment_amount) VALUES ('20191122KJ1612826712161-p00001','20191122KJ1612826712161','2020-05-05','CA',415.81);
-- ------- SAMPLE 30 ----------
INSERT INTO GUEST VALUES(1030,'Georgianne','Guadarrama','GGuadarrama@gmail.com','1234 DaWrong Lane','Flonkerton','MD','12345','372-365-3031');
INSERT INTO RESERVATION VALUES ('20190630KJ5936626563128',1030,203,'KJ','2019-06-30','2019-07-04',null,'complete');
INSERT INTO INVOICECHARGE VALUES ('20190630KJ5936626563128-ch00001','20190630KJ5936626563128','2019-06-30',554.41,'Base room charge');
INSERT INTO PAYMENT VALUES ('20190630KJ5936626563128-p00001','20190630KJ5936626563128','2020-05-05','CC',554.41,'Georgianne Guadarrama','8329107895049095',3,2024,964,'Mastercard');
-- ------- SAMPLE 31 ----------
INSERT INTO GUEST VALUES(1031,'Francie','Fairbank','FFairbank@gmail.com','1234 DaWrong Lane','Flonkerton','MD','12345','034-030-8125');
INSERT INTO RESERVATION VALUES ('20210317KI6931403603653',1031,null,'KI','2021-03-17','2021-03-21',null,'active');
INSERT INTO INVOICECHARGE VALUES ('20210317KI6931403603653-ch00001','20210317KI6931403603653','2021-03-17',341.16,'Base room charge');
INSERT INTO PAYMENT VALUES ('20210317KI6931403603653-p00001','20210317KI6931403603653','2020-05-05','CC',123,'Francie Fairbank','4971005947477337',9,2021,695,'Mastercard');
-- ------- SAMPLE 32 ----------
INSERT INTO GUEST VALUES(1032,'Doyle','Dykema','DDykema@gmail.com','1234 DaWrong Lane','Flonkerton','MD','12345','542-185-6988');
INSERT INTO RESERVATION VALUES ('20191203KS3637622847920',1032,107,'KS','2019-12-03','2019-12-07',null,'complete');
INSERT INTO INVOICECHARGE VALUES ('20191203KS3637622847920-ch00001','20191203KS3637622847920','2019-12-03',426.46,'Base room charge');
INSERT INTO PAYMENT (payment_id,invoice_id,payment_date,payment_type,payment_amount) VALUES ('20191203KS3637622847920-p00001','20191203KS3637622847920','2020-05-05','CA',426.46);
-- ------- SAMPLE 33 ----------
INSERT INTO GUEST VALUES(1033,'Lorean','Loden','LLoden@yahoo.com','1234 DaWrong Lane','Flonkerton','MD','12345','059-746-4021');
INSERT INTO RESERVATION VALUES ('20190817KS6494065548801',1033,107,'KS','2019-08-17','2019-08-22',null,'complete');
INSERT INTO INVOICECHARGE VALUES ('20190817KS6494065548801-ch00001','20190817KS6494065548801','2019-08-17',351.83,'Base room charge');
INSERT INTO INVOICECHARGE VALUES ('20190817KS6494065548801-ch00002','20190817KS6494065548801','2019-08-17',181.24,'Room Service');
INSERT INTO PAYMENT VALUES ('20190817KS6494065548801-p00001','20190817KS6494065548801','2020-05-05','CC',299,'Lorean Loden','1071234632862104',7,2027,109,'Mastercard');
-- ------- SAMPLE 34 ----------
INSERT INTO GUEST VALUES(1034,'Georgianne','Guadarrama','GGuadarrama@gmail.com','1234 DaWrong Lane','Flonkerton','MD','12345','577-357-6722');
INSERT INTO RESERVATION VALUES ('20210423KI1482780356315',1034,null,'KI','2021-04-23','2021-04-28',null,'active');
INSERT INTO INVOICECHARGE VALUES ('20210423KI1482780356315-ch00001','20210423KI1482780356315','2021-04-23',426.45,'Base room charge');
INSERT INTO PAYMENT VALUES ('20210423KI1482780356315-p00001','20210423KI1482780356315','2020-05-05','CC',426.45,'Georgianne Guadarrama','9367723410791839',2,2026,95,'Mastercard');
-- ------- SAMPLE 35 ----------
INSERT INTO GUEST VALUES(1035,'Lakenya','Langston','LLangston@gmail.com','1234 DaWrong Lane','Flonkerton','MD','12345','260-919-1206');
INSERT INTO RESERVATION VALUES ('20190623QD9487130280669',1035,101,'QD','2019-06-23','2019-06-27',null,'complete');
INSERT INTO INVOICECHARGE VALUES ('20190623QD9487130280669-ch00001','20190623QD9487130280669','2019-06-23',253.31,'Base room charge');
INSERT INTO INVOICECHARGE VALUES ('20190623QD9487130280669-ch00002','20190623QD9487130280669','2019-06-23',130.49,'Room Service');
INSERT INTO PAYMENT VALUES ('20190623QD9487130280669-p00001','20190623QD9487130280669','2020-05-05','CC',383.81,'Lakenya Langston','5707590502199808',5,2023,537,'Mastercard');
-- ------- SAMPLE 36 ----------
INSERT INTO GUEST VALUES(1036,'Fonda','Foreman','FForeman@yahoo.com','1234 DaWrong Lane','Flonkerton','MD','12345','838-185-1397');
INSERT INTO RESERVATION VALUES ('20200301QS8886356161408',1036,207,'QS','2020-03-01','2020-03-03',null,'complete');
INSERT INTO INVOICECHARGE VALUES ('20200301QS8886356161408-ch00001','20200301QS8886356161408','2020-03-01',234.55,'Base room charge');
INSERT INTO PAYMENT VALUES ('20200301QS8886356161408-p00001','20200301QS8886356161408','2020-05-05','CC',145,'Fonda Foreman','5296368851593581',11,2023,560,'Mastercard');
-- ------- SAMPLE 37 ----------
INSERT INTO GUEST VALUES(1037,'Heather','Hartin','HHartin@yahoo.com','1234 DaWrong Lane','Flonkerton','MD','12345','926-751-5420');
INSERT INTO RESERVATION VALUES ('20200524KJ1468533987287',1037,null,'KJ','2020-05-24','2020-05-28',null,'active');
INSERT INTO INVOICECHARGE VALUES ('20200524KJ1468533987287-ch00001','20200524KJ1468533987287','2020-05-24',365.91,'Base room charge');
INSERT INTO INVOICECHARGE VALUES ('20200524KJ1468533987287-ch00002','20200524KJ1468533987287','2020-05-24',188.5,'Room Service');
INSERT INTO PAYMENT (payment_id,invoice_id,payment_date,payment_type,payment_amount) VALUES ('20200524KJ1468533987287-p00001','20200524KJ1468533987287','2020-05-05','CA',44);
-- ------- SAMPLE 38 ----------
INSERT INTO GUEST VALUES(1038,'Maryann','Mccutcheon','MMccutcheon@gmail.com','1234 DaWrong Lane','Flonkerton','MD','12345','404-111-6239');
INSERT INTO RESERVATION VALUES ('20191206KS3797658786994',1038,102,'KS','2019-12-06','2019-12-08',null,'complete');
INSERT INTO INVOICECHARGE VALUES ('20191206KS3797658786994-ch00001','20191206KS3797658786994','2019-12-06',140.73,'Base room charge');
INSERT INTO INVOICECHARGE VALUES ('20191206KS3797658786994-ch00002','20191206KS3797658786994','2019-12-06',72.5,'Room Service');
INSERT INTO PAYMENT VALUES ('20191206KS3797658786994-p00001','20191206KS3797658786994','2020-05-05','CC',213.23,'Maryann Mccutcheon','7328205985597669',11,2022,855,'Mastercard');
-- ------- SAMPLE 39 ----------
INSERT INTO GUEST VALUES(1039,'Rachell','Riser','RRiser@gmail.com','1234 DaWrong Lane','Flonkerton','MD','12345','087-629-2734');
INSERT INTO RESERVATION VALUES ('20201228KS5114809033809',1039,null,'KS','2020-12-28','2020-12-29',null,'cancelled');
INSERT INTO INVOICECHARGE VALUES ('20201228KS5114809033809-ch00001','20201228KS5114809033809','2020-12-28',106.61,'Base room charge');
INSERT INTO PAYMENT VALUES ('20201228KS5114809033809-p00001','20201228KS5114809033809','2020-05-05','CC',51,'Rachell Riser','2046185785739992',3,2021,256,'Mastercard');
-- ------- SAMPLE 40 ----------
INSERT INTO GUEST VALUES(1040,'Raven','Rybicki','RRybicki@hotmail.com','1234 DaWrong Lane','Flonkerton','MD','12345','957-420-0067');
INSERT INTO RESERVATION VALUES ('20190817QS3057888002655',1040,202,'QS','2019-08-17','2019-08-20',null,'complete');
INSERT INTO INVOICECHARGE VALUES ('20190817QS3057888002655-ch00001','20190817QS3057888002655','2019-08-17',351.83,'Base room charge');
INSERT INTO PAYMENT VALUES ('20190817QS3057888002655-p00001','20190817QS3057888002655','2020-05-05','CC',156,'Raven Rybicki','5960351333463350',7,2025,270,'Mastercard');
-- ------- SAMPLE 41 ----------
INSERT INTO GUEST VALUES(1041,'Melaine','Miskell','MMiskell@hotmail.com','1234 DaWrong Lane','Flonkerton','MD','12345','687-038-9482');
INSERT INTO RESERVATION VALUES ('20200328KJ3916337334889',1041,104,'KJ','2020-03-28','2020-03-31',null,'complete');
INSERT INTO INVOICECHARGE VALUES ('20200328KJ3916337334889-ch00001','20200328KJ3916337334889','2020-03-28',274.43,'Base room charge');
INSERT INTO INVOICECHARGE VALUES ('20200328KJ3916337334889-ch00002','20200328KJ3916337334889','2020-03-28',141.37,'Room Service');
INSERT INTO PAYMENT VALUES ('20200328KJ3916337334889-p00001','20200328KJ3916337334889','2020-05-05','CC',415.81,'Melaine Miskell','7897872198056962',6,2021,51,'Mastercard');
-- ------- SAMPLE 42 ----------
INSERT INTO GUEST VALUES(1042,'Liliana','Lueck','LLueck@yahoo.com','1234 DaWrong Lane','Flonkerton','MD','12345','055-492-2093');
INSERT INTO RESERVATION VALUES ('20210302QS6130688117716',1042,null,'QS','2021-03-02','2021-03-04',null,'cancelled');
INSERT INTO INVOICECHARGE VALUES ('20210302QS6130688117716-ch00001','20210302QS6130688117716','2021-03-02',234.55,'Base room charge');
INSERT INTO PAYMENT VALUES ('20210302QS6130688117716-p00001','20210302QS6130688117716','2020-05-05','CC',234.55,'Liliana Lueck','9255983948686049',4,2025,981,'Mastercard');
-- ------- SAMPLE 43 ----------
INSERT INTO GUEST VALUES(1043,'Bell','Belizaire','BBelizaire@yahoo.com','1234 DaWrong Lane','Flonkerton','MD','12345','606-721-6667');
INSERT INTO RESERVATION VALUES ('20190629KS7237713738245',1043,107,'KS','2019-06-29','2019-07-02',null,'complete');
INSERT INTO INVOICECHARGE VALUES ('20190629KS7237713738245-ch00001','20190629KS7237713738245','2019-06-29',319.84,'Base room charge');
INSERT INTO PAYMENT VALUES ('20190629KS7237713738245-p00001','20190629KS7237713738245','2020-05-05','CC',319.84,'Bell Belizaire','7367785144284250',3,2022,797,'Mastercard');
-- ------- SAMPLE 44 ----------
INSERT INTO GUEST VALUES(1044,'Lakenya','Langston','LLangston@gmail.com','1234 DaWrong Lane','Flonkerton','MD','12345','742-880-3045');
INSERT INTO RESERVATION VALUES ('20191211QD6971652039950',1044,106,'QD','2019-12-11','2019-12-14',null,'complete');
INSERT INTO INVOICECHARGE VALUES ('20191211QD6971652039950-ch00001','20191211QD6971652039950','2019-12-11',287.86,'Base room charge');
INSERT INTO PAYMENT VALUES ('20191211QD6971652039950-p00001','20191211QD6971652039950','2020-05-05','CC',221,'Lakenya Langston','5637155228703179',7,2022,117,'Mastercard');
-- ------- SAMPLE 45 ----------
INSERT INTO GUEST VALUES(1045,'Bradley','Bently','BBently@hotmail.com','1234 DaWrong Lane','Flonkerton','MD','12345','449-535-5349');
INSERT INTO RESERVATION VALUES ('20200810KS6604826923396',1045,null,'KS','2020-08-10','2020-08-12',null,'active');
INSERT INTO INVOICECHARGE VALUES ('20200810KS6604826923396-ch00001','20200810KS6604826923396','2020-08-10',140.73,'Base room charge');
INSERT INTO INVOICECHARGE VALUES ('20200810KS6604826923396-ch00002','20200810KS6604826923396','2020-08-10',72.5,'Cleaning fee');
INSERT INTO PAYMENT (payment_id,invoice_id,payment_date,payment_type,payment_amount) VALUES ('20200810KS6604826923396-p00001','20200810KS6604826923396','2020-05-05','CA',213.23);
-- ------- SAMPLE 46 ----------
INSERT INTO GUEST VALUES(1046,'Bell','Belizaire','BBelizaire@hotmail.com','1234 DaWrong Lane','Flonkerton','MD','12345','509-211-8859');
INSERT INTO RESERVATION VALUES ('20210201KI8477705766549',1046,null,'KI','2021-02-01','2021-02-06',null,'active');
INSERT INTO INVOICECHARGE VALUES ('20210201KI8477705766549-ch00001','20210201KI8477705766549','2021-02-01',281.45,'Base room charge');
INSERT INTO INVOICECHARGE VALUES ('20210201KI8477705766549-ch00002','20210201KI8477705766549','2021-02-01',144.99,'Room Service');
INSERT INTO PAYMENT VALUES ('20210201KI8477705766549-p00001','20210201KI8477705766549','2020-05-05','CC',426.45,'Bell Belizaire','1153495500808293',6,2021,693,'Mastercard');
-- ------- SAMPLE 47 ----------
INSERT INTO GUEST VALUES(1047,'Sherryl','Shurtleff','SShurtleff@gmail.com','1234 DaWrong Lane','Flonkerton','MD','12345','660-115-8789');
INSERT INTO RESERVATION VALUES ('20200820KI1826971068418',1047,null,'KI','2020-08-20','2020-08-23',null,'active');
INSERT INTO INVOICECHARGE VALUES ('20200820KI1826971068418-ch00001','20200820KI1826971068418','2020-08-20',168.87,'Base room charge');
INSERT INTO INVOICECHARGE VALUES ('20200820KI1826971068418-ch00002','20200820KI1826971068418','2020-08-20',87,'Cleaning fee');
INSERT INTO PAYMENT VALUES ('20200820KI1826971068418-p00001','20200820KI1826971068418','2020-05-05','CC',255.87,'Sherryl Shurtleff','1679432834390952',3,2022,231,'Mastercard');
-- ------- SAMPLE 48 ----------
INSERT INTO GUEST VALUES(1048,'Cherry','Chiarello','CChiarello@yahoo.com','1234 DaWrong Lane','Flonkerton','MD','12345','588-168-3145');
INSERT INTO RESERVATION VALUES ('20200104KJ4394412199497',1048,114,'KJ','2020-01-04','2020-01-05',null,'complete');
-- ------- SAMPLE 49 ----------
INSERT INTO GUEST VALUES(1049,'Kerstin','Khalaf','KKhalaf@yahoo.com','1234 DaWrong Lane','Flonkerton','MD','12345','983-265-5091');
INSERT INTO RESERVATION VALUES ('20200212QD9695988814365',1049,200,'QD','2020-02-12','2020-02-13',null,'complete');
-- ------- SAMPLE 50 ----------
INSERT INTO GUEST VALUES(1050,'Vicky','Vanderhoff','VVanderhoff@hotmail.com','1234 DaWrong Lane','Flonkerton','MD','12345','352-166-6950');
INSERT INTO RESERVATION VALUES ('20200521QD4161030123362',1050,null,'QD','2020-05-21','2020-05-23',null,'active');
-- ------- SAMPLE 51 ----------
INSERT INTO GUEST VALUES(1051,'Delora','Delph','DDelph@yahoo.com','1234 DaWrong Lane','Flonkerton','MD','12345','147-763-6913');
INSERT INTO RESERVATION VALUES ('20191226QD8854114251840',1051,205,'QD','2019-12-26','2019-12-29',null,'complete');
INSERT INTO INVOICECHARGE VALUES ('20191226QD8854114251840-ch00001','20191226QD8854114251840','2019-12-26',189.98,'Base room charge');
INSERT INTO INVOICECHARGE VALUES ('20191226QD8854114251840-ch00002','20191226QD8854114251840','2019-12-26',97.87,'Cleaning fee');
INSERT INTO PAYMENT VALUES ('20191226QD8854114251840-p00001','20191226QD8854114251840','2020-05-05','CC',287.86,'Delora Delph','5654521372928336',3,2021,705,'Mastercard');
-- ------- SAMPLE 52 ----------
INSERT INTO GUEST VALUES(1052,'Boyce','Bate','BBate@gmail.com','1234 DaWrong Lane','Flonkerton','MD','12345','487-172-3551');
INSERT INTO RESERVATION VALUES ('20191122KS3055599730526',1052,201,'KS','2019-11-22','2019-11-23',null,'complete');
INSERT INTO INVOICECHARGE VALUES ('20191122KS3055599730526-ch00001','20191122KS3055599730526','2019-11-22',70.37,'Base room charge');
INSERT INTO INVOICECHARGE VALUES ('20191122KS3055599730526-ch00002','20191122KS3055599730526','2019-11-22',36.25,'Cleaning fee');
INSERT INTO PAYMENT (payment_id,invoice_id,payment_date,payment_type,payment_amount) VALUES ('20191122KS3055599730526-p00001','20191122KS3055599730526','2020-05-05','CA',106.61);
-- ------- SAMPLE 53 ----------
INSERT INTO GUEST VALUES(1053,'Reita','Rudder','RRudder@yahoo.com','1234 DaWrong Lane','Flonkerton','MD','12345','484-327-1642');
INSERT INTO RESERVATION VALUES ('20190917KJ4021405500860',1053,119,'KJ','2019-09-17','2019-09-22',null,'complete');
-- ------- SAMPLE 54 ----------
INSERT INTO GUEST VALUES(1054,'Elfriede','Esslinger','EEsslinger@hotmail.com','1234 DaWrong Lane','Flonkerton','MD','12345','531-644-6654');
INSERT INTO RESERVATION VALUES ('20191105KS6564292568691',1054,117,'KS','2019-11-05','2019-11-08',null,'complete');
INSERT INTO INVOICECHARGE VALUES ('20191105KS6564292568691-ch00001','20191105KS6564292568691','2019-11-05',211.1,'Base room charge');
INSERT INTO INVOICECHARGE VALUES ('20191105KS6564292568691-ch00002','20191105KS6564292568691','2019-11-05',108.75,'Cleaning fee');
INSERT INTO PAYMENT (payment_id,invoice_id,payment_date,payment_type,payment_amount) VALUES ('20191105KS6564292568691-p00001','20191105KS6564292568691','2020-05-05','CA',319.84);
-- ------- SAMPLE 55 ----------
INSERT INTO GUEST VALUES(1055,'Jarrett','Janelle','JJanelle@hotmail.com','1234 DaWrong Lane','Flonkerton','MD','12345','318-577-3702');
INSERT INTO RESERVATION VALUES ('20200317QD2657332771698',1055,205,'QD','2020-03-17','2020-03-20',null,'complete');
INSERT INTO INVOICECHARGE VALUES ('20200317QD2657332771698-ch00001','20200317QD2657332771698','2020-03-17',189.98,'Base room charge');
INSERT INTO INVOICECHARGE VALUES ('20200317QD2657332771698-ch00002','20200317QD2657332771698','2020-03-17',97.87,'Room Service');
INSERT INTO PAYMENT VALUES ('20200317QD2657332771698-p00001','20200317QD2657332771698','2020-05-05','CC',287.86,'Jarrett Janelle','7469757328920435',4,2024,887,'Mastercard');
-- ------- SAMPLE 56 ----------
INSERT INTO GUEST VALUES(1056,'Piedad','Proctor','PProctor@yahoo.com','1234 DaWrong Lane','Flonkerton','MD','12345','660-987-0309');
INSERT INTO RESERVATION VALUES ('20191105KJ4980167770711',1056,114,'KJ','2019-11-05','2019-11-08',null,'complete');
INSERT INTO INVOICECHARGE VALUES ('20191105KJ4980167770711-ch00001','20191105KJ4980167770711','2019-11-05',415.81,'Base room charge');
INSERT INTO PAYMENT (payment_id,invoice_id,payment_date,payment_type,payment_amount) VALUES ('20191105KJ4980167770711-p00001','20191105KJ4980167770711','2020-05-05','CA',187);
-- ------- SAMPLE 57 ----------
INSERT INTO GUEST VALUES(1057,'Antwan','Albury','AAlbury@hotmail.com','1234 DaWrong Lane','Flonkerton','MD','12345','553-031-1618');
INSERT INTO RESERVATION VALUES ('20190530KS9537883915424',1057,107,'KS','2019-05-30','2019-05-31',null,'complete');
INSERT INTO INVOICECHARGE VALUES ('20190530KS9537883915424-ch00001','20190530KS9537883915424','2019-05-30',106.61,'Base room charge');
INSERT INTO PAYMENT VALUES ('20190530KS9537883915424-p00001','20190530KS9537883915424','2020-05-05','CC',106.61,'Antwan Albury','2948058614096426',2,2024,942,'Mastercard');
-- ------- SAMPLE 58 ----------
INSERT INTO GUEST VALUES(1058,'Ginger','Gordillo','GGordillo@yahoo.com','1234 DaWrong Lane','Flonkerton','MD','12345','104-719-2929');
INSERT INTO RESERVATION VALUES ('20200908KJ8546831418724',1058,null,'KJ','2020-09-08','2020-09-10',null,'active');
INSERT INTO INVOICECHARGE VALUES ('20200908KJ8546831418724-ch00001','20200908KJ8546831418724','2020-09-08',277.2,'Base room charge');
INSERT INTO PAYMENT VALUES ('20200908KJ8546831418724-p00001','20200908KJ8546831418724','2020-05-05','CC',277.2,'Ginger Gordillo','7433326504332910',4,2024,136,'Mastercard');
-- ------- SAMPLE 59 ----------
INSERT INTO GUEST VALUES(1059,'Jammie','Jo','JJo@gmail.com','1234 DaWrong Lane','Flonkerton','MD','12345','950-712-3770');
INSERT INTO RESERVATION VALUES ('20200913KS1883657179037',1059,null,'KS','2020-09-13','2020-09-14',null,'active');
-- ------- SAMPLE 60 ----------
INSERT INTO GUEST VALUES(1060,'Tomika','Teran','TTeran@hotmail.com','1234 DaWrong Lane','Flonkerton','MD','12345','469-055-1177');
INSERT INTO RESERVATION VALUES ('20200612KI4330980643008',1060,null,'KI','2020-06-12','2020-06-14',null,'active');
INSERT INTO INVOICECHARGE VALUES ('20200612KI4330980643008-ch00001','20200612KI4330980643008','2020-06-12',170.58,'Base room charge');
INSERT INTO PAYMENT VALUES ('20200612KI4330980643008-p00001','20200612KI4330980643008','2020-05-05','CC',170.58,'Tomika Teran','3640574789929231',6,2025,759,'Mastercard');
-- ------- SAMPLE 61 ----------
INSERT INTO GUEST VALUES(1061,'Asa','Allan','AAllan@hotmail.com','1234 DaWrong Lane','Flonkerton','MD','12345','057-956-3297');
INSERT INTO RESERVATION VALUES ('20210125QS9111651584928',1061,null,'QS','2021-01-25','2021-01-26',null,'active');
INSERT INTO INVOICECHARGE VALUES ('20210125QS9111651584928-ch00001','20210125QS9111651584928','2021-01-25',77.4,'Base room charge');
INSERT INTO INVOICECHARGE VALUES ('20210125QS9111651584928-ch00002','20210125QS9111651584928','2021-01-25',39.87,'Room Service');
INSERT INTO PAYMENT VALUES ('20210125QS9111651584928-p00001','20210125QS9111651584928','2020-05-05','CC',117.28,'Asa Allan','6612772393628656',5,2023,335,'Mastercard');
-- ------- SAMPLE 62 ----------
INSERT INTO GUEST VALUES(1062,'Vicky','Vanderhoff','VVanderhoff@hotmail.com','1234 DaWrong Lane','Flonkerton','MD','12345','450-879-2541');
INSERT INTO RESERVATION VALUES ('20200406KJ3506598545272',1062,114,'KJ','2020-04-06','2020-04-08',null,'complete');
INSERT INTO INVOICECHARGE VALUES ('20200406KJ3506598545272-ch00001','20200406KJ3506598545272','2020-04-06',182.95,'Base room charge');
INSERT INTO INVOICECHARGE VALUES ('20200406KJ3506598545272-ch00002','20200406KJ3506598545272','2020-04-06',94.25,'Room Service');
INSERT INTO PAYMENT (payment_id,invoice_id,payment_date,payment_type,payment_amount) VALUES ('20200406KJ3506598545272-p00001','20200406KJ3506598545272','2020-05-05','CA',277.2);
-- ------- SAMPLE 63 ----------
INSERT INTO GUEST VALUES(1063,'Piedad','Proctor','PProctor@yahoo.com','1234 DaWrong Lane','Flonkerton','MD','12345','503-550-1573');
INSERT INTO RESERVATION VALUES ('20210317KJ8096028457174',1063,null,'KJ','2021-03-17','2021-03-20',null,'active');
INSERT INTO INVOICECHARGE VALUES ('20210317KJ8096028457174-ch00001','20210317KJ8096028457174','2021-03-17',274.43,'Base room charge');
INSERT INTO INVOICECHARGE VALUES ('20210317KJ8096028457174-ch00002','20210317KJ8096028457174','2021-03-17',141.37,'Cleaning fee');
INSERT INTO PAYMENT VALUES ('20210317KJ8096028457174-p00001','20210317KJ8096028457174','2020-05-05','CC',92,'Piedad Proctor','7141277678509099',8,2024,933,'Mastercard');
-- ------- SAMPLE 64 ----------
INSERT INTO GUEST VALUES(1064,'Romaine','Reck','RReck@yahoo.com','1234 DaWrong Lane','Flonkerton','MD','12345','475-320-3321');
INSERT INTO RESERVATION VALUES ('20200105KJ4004569829842',1064,119,'KJ','2020-01-05','2020-01-09',null,'complete');
INSERT INTO INVOICECHARGE VALUES ('20200105KJ4004569829842-ch00001','20200105KJ4004569829842','2020-01-05',365.91,'Base room charge');
INSERT INTO INVOICECHARGE VALUES ('20200105KJ4004569829842-ch00002','20200105KJ4004569829842','2020-01-05',188.5,'Room Service');
INSERT INTO PAYMENT VALUES ('20200105KJ4004569829842-p00001','20200105KJ4004569829842','2020-05-05','CC',554.41,'Romaine Reck','5253985654133167',5,2027,228,'Mastercard');
-- ------- SAMPLE 65 ----------
INSERT INTO GUEST VALUES(1065,'Joann','Joplin','JJoplin@gmail.com','1234 DaWrong Lane','Flonkerton','MD','12345','895-468-1533');
INSERT INTO RESERVATION VALUES ('20200531KI1889547749520',1065,null,'KI','2020-05-31','2020-06-02',null,'active');
-- ------- SAMPLE 66 ----------
INSERT INTO GUEST VALUES(1066,'Francie','Fairbank','FFairbank@gmail.com','1234 DaWrong Lane','Flonkerton','MD','12345','596-891-3185');
INSERT INTO RESERVATION VALUES ('20191104QS9605210956097',1066,207,'QS','2019-11-04','2019-11-05',null,'complete');
-- ------- SAMPLE 67 ----------
INSERT INTO GUEST VALUES(1067,'Mario','Macdowell','MMacdowell@yahoo.com','1234 DaWrong Lane','Flonkerton','MD','12345','027-613-1132');
INSERT INTO RESERVATION VALUES ('20200525KS9662653505508',1067,null,'KS','2020-05-25','2020-05-28',null,'active');
INSERT INTO INVOICECHARGE VALUES ('20200525KS9662653505508-ch00001','20200525KS9662653505508','2020-05-25',319.84,'Base room charge');
INSERT INTO PAYMENT (payment_id,invoice_id,payment_date,payment_type,payment_amount) VALUES ('20200525KS9662653505508-p00001','20200525KS9662653505508','2020-05-05','CA',156);
-- ------- SAMPLE 68 ----------
INSERT INTO GUEST VALUES(1068,'Delsie','Delong','DDelong@gmail.com','1234 DaWrong Lane','Flonkerton','MD','12345','139-991-6404');
INSERT INTO RESERVATION VALUES ('20191216KJ1198198120094',1068,109,'KJ','2019-12-16','2019-12-18',null,'complete');
-- ------- SAMPLE 69 ----------
INSERT INTO GUEST VALUES(1069,'Stan','Schnell','SSchnell@gmail.com','1234 DaWrong Lane','Flonkerton','MD','12345','469-817-6173');
INSERT INTO RESERVATION VALUES ('20201231KJ4324953401344',1069,null,'KJ','2020-12-31','2021-01-01',null,'active');
INSERT INTO INVOICECHARGE VALUES ('20201231KJ4324953401344-ch00001','20201231KJ4324953401344','2020-12-31',138.6,'Base room charge');
INSERT INTO PAYMENT VALUES ('20201231KJ4324953401344-p00001','20201231KJ4324953401344','2020-05-05','CC',138.6,'Stan Schnell','3921249708697826',5,2023,403,'Mastercard');
-- ------- SAMPLE 70 ----------
INSERT INTO GUEST VALUES(1070,'Boyce','Bate','BBate@gmail.com','1234 DaWrong Lane','Flonkerton','MD','12345','368-190-5020');
INSERT INTO RESERVATION VALUES ('20200704QS2325091938306',1070,null,'QS','2020-07-04','2020-07-06',null,'active');
-- ------- SAMPLE 71 ----------
INSERT INTO GUEST VALUES(1071,'Yuette','Yetman','YYetman@gmail.com','1234 DaWrong Lane','Flonkerton','MD','12345','572-573-8502');
INSERT INTO RESERVATION VALUES ('20190907KJ4809692341639',1071,104,'KJ','2019-09-07','2019-09-11',null,'cancelled');
-- ------- SAMPLE 72 ----------
INSERT INTO GUEST VALUES(1072,'Lynda','Linda','LLinda@hotmail.com','1234 DaWrong Lane','Flonkerton','MD','12345','837-644-4826');
INSERT INTO RESERVATION VALUES ('20191018KJ9339307651569',1072,119,'KJ','2019-10-18','2019-10-21',null,'complete');
INSERT INTO INVOICECHARGE VALUES ('20191018KJ9339307651569-ch00001','20191018KJ9339307651569','2019-10-18',415.81,'Base room charge');
INSERT INTO PAYMENT VALUES ('20191018KJ9339307651569-p00001','20191018KJ9339307651569','2020-05-05','CC',415.81,'Lynda Linda','2742904706256702',5,2024,300,'Mastercard');
-- ------- SAMPLE 73 ----------
INSERT INTO GUEST VALUES(1073,'Jammie','Jo','JJo@yahoo.com','1234 DaWrong Lane','Flonkerton','MD','12345','150-996-2023');
INSERT INTO RESERVATION VALUES ('20201226KI4401325036750',1073,null,'KI','2020-12-26','2020-12-29',null,'active');
-- ------- SAMPLE 74 ----------
INSERT INTO GUEST VALUES(1074,'Louisa','Laroque','LLaroque@gmail.com','1234 DaWrong Lane','Flonkerton','MD','12345','599-143-3515');
INSERT INTO RESERVATION VALUES ('20210128KS3826520975787',1074,null,'KS','2021-01-28','2021-02-01',null,'active');
INSERT INTO INVOICECHARGE VALUES ('20210128KS3826520975787-ch00001','20210128KS3826520975787','2021-01-28',426.46,'Base room charge');
INSERT INTO PAYMENT VALUES ('20210128KS3826520975787-p00001','20210128KS3826520975787','2020-05-05','CC',340,'Louisa Laroque','9156618094167537',6,2021,941,'Mastercard');
-- ------- SAMPLE 75 ----------
INSERT INTO GUEST VALUES(1075,'Bessie','Buhler','BBuhler@gmail.com','1234 DaWrong Lane','Flonkerton','MD','12345','461-574-4442');
INSERT INTO RESERVATION VALUES ('20200310QS8833272782901',1075,118,'QS','2020-03-10','2020-03-15',null,'complete');
-- ------- SAMPLE 76 ----------
INSERT INTO GUEST VALUES(1076,'Romelia','Rigdon','RRigdon@gmail.com','1234 DaWrong Lane','Flonkerton','MD','12345','877-535-0055');
INSERT INTO RESERVATION VALUES ('20190620KS3330245074943',1076,107,'KS','2019-06-20','2019-06-21',null,'complete');
INSERT INTO INVOICECHARGE VALUES ('20190620KS3330245074943-ch00001','20190620KS3330245074943','2019-06-20',70.37,'Base room charge');
INSERT INTO INVOICECHARGE VALUES ('20190620KS3330245074943-ch00002','20190620KS3330245074943','2019-06-20',36.25,'Cleaning fee');
INSERT INTO PAYMENT (payment_id,invoice_id,payment_date,payment_type,payment_amount) VALUES ('20190620KS3330245074943-p00001','20190620KS3330245074943','2020-05-05','CA',106.61);
-- ------- SAMPLE 77 ----------
INSERT INTO GUEST VALUES(1077,'Shena','Sandoz','SSandoz@yahoo.com','1234 DaWrong Lane','Flonkerton','MD','12345','236-540-3490');
INSERT INTO RESERVATION VALUES ('20200821QD6739353202244',1077,null,'QD','2020-08-21','2020-08-23',null,'active');
INSERT INTO INVOICECHARGE VALUES ('20200821QD6739353202244-ch00001','20200821QD6739353202244','2020-08-21',126.66,'Base room charge');
INSERT INTO INVOICECHARGE VALUES ('20200821QD6739353202244-ch00002','20200821QD6739353202244','2020-08-21',65.25,'Cleaning fee');
INSERT INTO PAYMENT (payment_id,invoice_id,payment_date,payment_type,payment_amount) VALUES ('20200821QD6739353202244-p00001','20200821QD6739353202244','2020-05-05','CA',191.9);
-- ------- SAMPLE 78 ----------
INSERT INTO GUEST VALUES(1078,'Anita','Amezcua','AAmezcua@hotmail.com','1234 DaWrong Lane','Flonkerton','MD','12345','478-423-4798');
INSERT INTO RESERVATION VALUES ('20191105KI8285028080054',1078,209,'KI','2019-11-05','2019-11-09',null,'complete');
INSERT INTO INVOICECHARGE VALUES ('20191105KI8285028080054-ch00001','20191105KI8285028080054','2019-11-05',225.16,'Base room charge');
INSERT INTO INVOICECHARGE VALUES ('20191105KI8285028080054-ch00002','20191105KI8285028080054','2019-11-05',115.99,'Room Service');
INSERT INTO PAYMENT VALUES ('20191105KI8285028080054-p00001','20191105KI8285028080054','2020-05-05','CC',341.16,'Anita Amezcua','8068223899561881',4,2023,206,'Mastercard');
-- ------- SAMPLE 79 ----------
INSERT INTO GUEST VALUES(1079,'Boris','Berner','BBerner@gmail.com','1234 DaWrong Lane','Flonkerton','MD','12345','113-345-2718');
INSERT INTO RESERVATION VALUES ('20201115KJ5391875081134',1079,null,'KJ','2020-11-15','2020-11-19',null,'active');
INSERT INTO INVOICECHARGE VALUES ('20201115KJ5391875081134-ch00001','20201115KJ5391875081134','2020-11-15',554.41,'Base room charge');
INSERT INTO PAYMENT (payment_id,invoice_id,payment_date,payment_type,payment_amount) VALUES ('20201115KJ5391875081134-p00001','20201115KJ5391875081134','2020-05-05','CA',554.41);
-- ------- SAMPLE 80 ----------
INSERT INTO GUEST VALUES(1080,'Jamey','Jen','JJen@yahoo.com','1234 DaWrong Lane','Flonkerton','MD','12345','925-578-6763');
INSERT INTO RESERVATION VALUES ('20200608QS5672011110307',1080,null,'QS','2020-06-08','2020-06-10',null,'active');
INSERT INTO INVOICECHARGE VALUES ('20200608QS5672011110307-ch00001','20200608QS5672011110307','2020-06-08',154.81,'Base room charge');
INSERT INTO INVOICECHARGE VALUES ('20200608QS5672011110307-ch00002','20200608QS5672011110307','2020-06-08',79.75,'Room Service');
INSERT INTO PAYMENT VALUES ('20200608QS5672011110307-p00001','20200608QS5672011110307','2020-05-05','CC',40,'Jamey Jen','8632732322802447',6,2023,942,'Mastercard');
-- ------- SAMPLE 81 ----------
INSERT INTO GUEST VALUES(1081,'Vicky','Vanderhoff','VVanderhoff@yahoo.com','1234 DaWrong Lane','Flonkerton','MD','12345','394-050-4580');
INSERT INTO RESERVATION VALUES ('20200709QD9355812632192',1081,null,'QD','2020-07-09','2020-07-10',null,'active');
INSERT INTO INVOICECHARGE VALUES ('20200709QD9355812632192-ch00001','20200709QD9355812632192','2020-07-09',63.33,'Base room charge');
INSERT INTO INVOICECHARGE VALUES ('20200709QD9355812632192-ch00002','20200709QD9355812632192','2020-07-09',32.62,'Cleaning fee');
INSERT INTO PAYMENT (payment_id,invoice_id,payment_date,payment_type,payment_amount) VALUES ('20200709QD9355812632192-p00001','20200709QD9355812632192','2020-05-05','CA',95.95);
-- ------- SAMPLE 82 ----------
INSERT INTO GUEST VALUES(1082,'Buford','Biddy','BBiddy@gmail.com','1234 DaWrong Lane','Flonkerton','MD','12345','414-846-7987');
INSERT INTO RESERVATION VALUES ('20201120QD8964993805762',1082,null,'QD','2020-11-20','2020-11-25',null,'active');
INSERT INTO INVOICECHARGE VALUES ('20201120QD8964993805762-ch00001','20201120QD8964993805762','2020-11-20',479.76,'Base room charge');
INSERT INTO PAYMENT VALUES ('20201120QD8964993805762-p00001','20201120QD8964993805762','2020-05-05','CC',223,'Buford Biddy','4719538346000475',10,2021,732,'Mastercard');
-- ------- SAMPLE 83 ----------
INSERT INTO GUEST VALUES(1083,'Delsie','Dunstan','DDunstan@yahoo.com','1234 DaWrong Lane','Flonkerton','MD','12345','778-543-5096');
INSERT INTO RESERVATION VALUES ('20190516KI7858888141314',1083,105,'KI','2019-05-16','2019-05-20',null,'complete');
INSERT INTO INVOICECHARGE VALUES ('20190516KI7858888141314-ch00001','20190516KI7858888141314','2019-05-16',341.16,'Base room charge');
INSERT INTO PAYMENT VALUES ('20190516KI7858888141314-p00001','20190516KI7858888141314','2020-05-05','CC',341.16,'Delsie Dunstan','5787170669502712',9,2021,883,'Mastercard');
-- ------- SAMPLE 84 ----------
INSERT INTO GUEST VALUES(1084,'Rossana','Running','RRunning@hotmail.com','1234 DaWrong Lane','Flonkerton','MD','12345','271-964-1172');
INSERT INTO RESERVATION VALUES ('20200123QD5823336913897',1084,205,'QD','2020-01-23','2020-01-26',null,'complete');
INSERT INTO INVOICECHARGE VALUES ('20200123QD5823336913897-ch00001','20200123QD5823336913897','2020-01-23',287.86,'Base room charge');
INSERT INTO PAYMENT VALUES ('20200123QD5823336913897-p00001','20200123QD5823336913897','2020-05-05','CC',8,'Rossana Running','9610814929759145',6,2023,120,'Mastercard');
-- ------- SAMPLE 85 ----------
INSERT INTO GUEST VALUES(1085,'Lorean','Loden','LLoden@hotmail.com','1234 DaWrong Lane','Flonkerton','MD','12345','146-007-1908');
INSERT INTO RESERVATION VALUES ('20201116KJ7284894971719',1085,null,'KJ','2020-11-16','2020-11-21',null,'active');
INSERT INTO INVOICECHARGE VALUES ('20201116KJ7284894971719-ch00001','20201116KJ7284894971719','2020-11-16',693.01,'Base room charge');
INSERT INTO PAYMENT (payment_id,invoice_id,payment_date,payment_type,payment_amount) VALUES ('20201116KJ7284894971719-p00001','20201116KJ7284894971719','2020-05-05','CA',693.01);
-- ------- SAMPLE 86 ----------
INSERT INTO GUEST VALUES(1086,'Kathey','Kingston','KKingston@gmail.com','1234 DaWrong Lane','Flonkerton','MD','12345','106-957-6584');
INSERT INTO RESERVATION VALUES ('20191204KI4621325067294',1086,105,'KI','2019-12-04','2019-12-08',null,'complete');
INSERT INTO INVOICECHARGE VALUES ('20191204KI4621325067294-ch00001','20191204KI4621325067294','2019-12-04',225.16,'Base room charge');
INSERT INTO INVOICECHARGE VALUES ('20191204KI4621325067294-ch00002','20191204KI4621325067294','2019-12-04',115.99,'Room Service');
INSERT INTO PAYMENT VALUES ('20191204KI4621325067294-p00001','20191204KI4621325067294','2020-05-05','CC',341.16,'Kathey Kingston','3115267498568754',11,2022,685,'Mastercard');
-- ------- SAMPLE 87 ----------
INSERT INTO GUEST VALUES(1087,'Lynda','Linda','LLinda@hotmail.com','1234 DaWrong Lane','Flonkerton','MD','12345','882-103-4991');
INSERT INTO RESERVATION VALUES ('20190508KJ2914190826454',1087,203,'KJ','2019-05-08','2019-05-09',null,'complete');
INSERT INTO INVOICECHARGE VALUES ('20190508KJ2914190826454-ch00001','20190508KJ2914190826454','2019-05-08',138.6,'Base room charge');
INSERT INTO PAYMENT VALUES ('20190508KJ2914190826454-p00001','20190508KJ2914190826454','2020-05-05','CC',138.6,'Lynda Linda','3335824636844415',7,2026,97,'Mastercard');
-- ------- SAMPLE 88 ----------
INSERT INTO GUEST VALUES(1088,'Rickie','Redfern','RRedfern@gmail.com','1234 DaWrong Lane','Flonkerton','MD','12345','447-534-2305');
INSERT INTO RESERVATION VALUES ('20190703QS6779237940861',1088,207,'QS','2019-07-03','2019-07-04',null,'complete');
INSERT INTO INVOICECHARGE VALUES ('20190703QS6779237940861-ch00001','20190703QS6779237940861','2019-07-03',77.4,'Base room charge');
INSERT INTO INVOICECHARGE VALUES ('20190703QS6779237940861-ch00002','20190703QS6779237940861','2019-07-03',39.87,'Cleaning fee');
INSERT INTO PAYMENT (payment_id,invoice_id,payment_date,payment_type,payment_amount) VALUES ('20190703QS6779237940861-p00001','20190703QS6779237940861','2020-05-05','CA',23);
-- ------- SAMPLE 89 ----------
INSERT INTO GUEST VALUES(1089,'Rose','Royall','RRoyall@yahoo.com','1234 DaWrong Lane','Flonkerton','MD','12345','679-563-5929');
INSERT INTO RESERVATION VALUES ('20190918KI4547491780338',1089,105,'KI','2019-09-18','2019-09-22',null,'complete');
INSERT INTO INVOICECHARGE VALUES ('20190918KI4547491780338-ch00001','20190918KI4547491780338','2019-09-18',225.16,'Base room charge');
INSERT INTO INVOICECHARGE VALUES ('20190918KI4547491780338-ch00002','20190918KI4547491780338','2019-09-18',115.99,'Room Service');
INSERT INTO PAYMENT VALUES ('20190918KI4547491780338-p00001','20190918KI4547491780338','2020-05-05','CC',341.16,'Rose Royall','2756887030742766',7,2023,205,'Mastercard');
-- ------- SAMPLE 90 ----------
INSERT INTO GUEST VALUES(1090,'Maryann','Mccutcheon','MMccutcheon@hotmail.com','1234 DaWrong Lane','Flonkerton','MD','12345','396-132-3356');
INSERT INTO RESERVATION VALUES ('20210129QD8006931887084',1090,null,'QD','2021-01-29','2021-02-01',null,'active');
-- ------- SAMPLE 91 ----------
INSERT INTO GUEST VALUES(1091,'Lucius','Liles','LLiles@gmail.com','1234 DaWrong Lane','Flonkerton','MD','12345','092-275-2394');
INSERT INTO RESERVATION VALUES ('20200806KJ8112819128423',1091,null,'KJ','2020-08-06','2020-08-11',null,'active');
INSERT INTO INVOICECHARGE VALUES ('20200806KJ8112819128423-ch00001','20200806KJ8112819128423','2020-08-06',457.39,'Base room charge');
INSERT INTO INVOICECHARGE VALUES ('20200806KJ8112819128423-ch00002','20200806KJ8112819128423','2020-08-06',235.62,'Cleaning fee');
INSERT INTO PAYMENT VALUES ('20200806KJ8112819128423-p00001','20200806KJ8112819128423','2020-05-05','CC',250,'Lucius Liles','6417876835047814',10,2021,762,'Mastercard');
-- ------- SAMPLE 92 ----------
INSERT INTO GUEST VALUES(1092,'Missy','Mcclintock','MMcclintock@hotmail.com','1234 DaWrong Lane','Flonkerton','MD','12345','646-232-2992');
INSERT INTO RESERVATION VALUES ('20200819KI7869429084428',1092,null,'KI','2020-08-19','2020-08-21',null,'active');
INSERT INTO INVOICECHARGE VALUES ('20200819KI7869429084428-ch00001','20200819KI7869429084428','2020-08-19',112.58,'Base room charge');
INSERT INTO INVOICECHARGE VALUES ('20200819KI7869429084428-ch00002','20200819KI7869429084428','2020-08-19',58,'Cleaning fee');
INSERT INTO PAYMENT VALUES ('20200819KI7869429084428-p00001','20200819KI7869429084428','2020-05-05','CC',170.58,'Missy Mcclintock','9742485189430440',9,2023,714,'Mastercard');
-- ------- SAMPLE 93 ----------
INSERT INTO GUEST VALUES(1093,'Linwood','Layden','LLayden@gmail.com','1234 DaWrong Lane','Flonkerton','MD','12345','787-807-0808');
INSERT INTO RESERVATION VALUES ('20190703QD1679110273935',1093,111,'QD','2019-07-03','2019-07-04',null,'complete');
INSERT INTO INVOICECHARGE VALUES ('20190703QD1679110273935-ch00001','20190703QD1679110273935','2019-07-03',95.95,'Base room charge');
INSERT INTO PAYMENT (payment_id,invoice_id,payment_date,payment_type,payment_amount) VALUES ('20190703QD1679110273935-p00001','20190703QD1679110273935','2020-05-05','CA',50);
-- ------- SAMPLE 94 ----------
INSERT INTO GUEST VALUES(1094,'Mandi','Mcwain','MMcwain@gmail.com','1234 DaWrong Lane','Flonkerton','MD','12345','303-244-0830');
INSERT INTO RESERVATION VALUES ('20191019KI3052753397740',1094,209,'KI','2019-10-19','2019-10-23',null,'cancelled');
INSERT INTO INVOICECHARGE VALUES ('20191019KI3052753397740-ch00001','20191019KI3052753397740','2019-10-19',341.16,'Base room charge');
INSERT INTO PAYMENT (payment_id,invoice_id,payment_date,payment_type,payment_amount) VALUES ('20191019KI3052753397740-p00001','20191019KI3052753397740','2020-05-05','CA',341.16);
-- ------- SAMPLE 95 ----------
INSERT INTO GUEST VALUES(1095,'Abdul','Ashe','AAshe@gmail.com','1234 DaWrong Lane','Flonkerton','MD','12345','859-523-0351');
INSERT INTO RESERVATION VALUES ('20200309KS3757897930985',1095,206,'KS','2020-03-09','2020-03-12',null,'complete');
INSERT INTO INVOICECHARGE VALUES ('20200309KS3757897930985-ch00001','20200309KS3757897930985','2020-03-09',211.1,'Base room charge');
INSERT INTO INVOICECHARGE VALUES ('20200309KS3757897930985-ch00002','20200309KS3757897930985','2020-03-09',108.75,'Cleaning fee');
INSERT INTO PAYMENT VALUES ('20200309KS3757897930985-p00001','20200309KS3757897930985','2020-05-05','CC',319.84,'Abdul Ashe','2511895262251881',1,2026,342,'Mastercard');
-- ------- SAMPLE 96 ----------
INSERT INTO GUEST VALUES(1096,'Shandi','Scharf','SScharf@hotmail.com','1234 DaWrong Lane','Flonkerton','MD','12345','768-740-1248');
INSERT INTO RESERVATION VALUES ('20191122KS7534762915501',1096,102,'KS','2019-11-22','2019-11-23',null,'complete');
INSERT INTO INVOICECHARGE VALUES ('20191122KS7534762915501-ch00001','20191122KS7534762915501','2019-11-22',70.37,'Base room charge');
INSERT INTO INVOICECHARGE VALUES ('20191122KS7534762915501-ch00002','20191122KS7534762915501','2019-11-22',36.25,'Room Service');
INSERT INTO PAYMENT (payment_id,invoice_id,payment_date,payment_type,payment_amount) VALUES ('20191122KS7534762915501-p00001','20191122KS7534762915501','2020-05-05','CA',106.61);
-- ------- SAMPLE 97 ----------
INSERT INTO GUEST VALUES(1097,'Shae','Sansom','SSansom@yahoo.com','1234 DaWrong Lane','Flonkerton','MD','12345','681-779-1864');
INSERT INTO RESERVATION VALUES ('20191109KS8661809059299',1097,201,'KS','2019-11-09','2019-11-11',null,'complete');
INSERT INTO INVOICECHARGE VALUES ('20191109KS8661809059299-ch00001','20191109KS8661809059299','2019-11-09',140.73,'Base room charge');
INSERT INTO INVOICECHARGE VALUES ('20191109KS8661809059299-ch00002','20191109KS8661809059299','2019-11-09',72.5,'Cleaning fee');
INSERT INTO PAYMENT VALUES ('20191109KS8661809059299-p00001','20191109KS8661809059299','2020-05-05','CC',213.23,'Shae Sansom','5850333369136382',2,2025,809,'Mastercard');
-- ------- SAMPLE 98 ----------
INSERT INTO GUEST VALUES(1098,'Luella','Lundstrom','LLundstrom@hotmail.com','1234 DaWrong Lane','Flonkerton','MD','12345','277-502-3531');
INSERT INTO RESERVATION VALUES ('20200627KJ9005999485943',1098,null,'KJ','2020-06-27','2020-07-02',null,'active');
INSERT INTO INVOICECHARGE VALUES ('20200627KJ9005999485943-ch00001','20200627KJ9005999485943','2020-06-27',457.39,'Base room charge');
INSERT INTO INVOICECHARGE VALUES ('20200627KJ9005999485943-ch00002','20200627KJ9005999485943','2020-06-27',235.62,'Cleaning fee');
INSERT INTO PAYMENT VALUES ('20200627KJ9005999485943-p00001','20200627KJ9005999485943','2020-05-05','CC',224,'Luella Lundstrom','1735462701387048',9,2025,642,'Mastercard');
-- ------- SAMPLE 99 ----------
INSERT INTO GUEST VALUES(1099,'Shawna','Schmit','SSchmit@yahoo.com','1234 DaWrong Lane','Flonkerton','MD','12345','040-447-8516');
INSERT INTO RESERVATION VALUES ('20201118QS9981464146537',1099,null,'QS','2020-11-18','2020-11-19',null,'active');
INSERT INTO INVOICECHARGE VALUES ('20201118QS9981464146537-ch00001','20201118QS9981464146537','2020-11-18',77.4,'Base room charge');
INSERT INTO INVOICECHARGE VALUES ('20201118QS9981464146537-ch00002','20201118QS9981464146537','2020-11-18',39.87,'Room Service');
INSERT INTO PAYMENT VALUES ('20201118QS9981464146537-p00001','20201118QS9981464146537','2020-05-05','CC',117.28,'Shawna Schmit','6011904542059724',6,2022,230,'Mastercard');
-- ------- SAMPLE 100 ----------
INSERT INTO GUEST VALUES(1100,'Deandre','Defore','DDefore@hotmail.com','1234 DaWrong Lane','Flonkerton','MD','12345','422-337-6927');
INSERT INTO RESERVATION VALUES ('20190612KJ2791312646234',1100,119,'KJ','2019-06-12','2019-06-16',null,'cancelled');
-- ------- SAMPLE 101 ----------
INSERT INTO GUEST VALUES(1101,'Kasey','Kipp','KKipp@gmail.com','1234 DaWrong Lane','Flonkerton','MD','12345','131-096-0800');
INSERT INTO RESERVATION VALUES ('20210405QS9003803295667',1101,null,'QS','2021-04-05','2021-04-08',null,'active');
INSERT INTO INVOICECHARGE VALUES ('20210405QS9003803295667-ch00001','20210405QS9003803295667','2021-04-05',232.21,'Base room charge');
INSERT INTO INVOICECHARGE VALUES ('20210405QS9003803295667-ch00002','20210405QS9003803295667','2021-04-05',119.62,'Room Service');
INSERT INTO PAYMENT VALUES ('20210405QS9003803295667-p00001','20210405QS9003803295667','2020-05-05','CC',351.83,'Kasey Kipp','6195419600836944',8,2024,839,'Mastercard');
-- ------- SAMPLE 102 ----------
INSERT INTO GUEST VALUES(1102,'Annie','Albrecht','AAlbrecht@gmail.com','1234 DaWrong Lane','Flonkerton','MD','12345','634-185-6179');
INSERT INTO RESERVATION VALUES ('20190716KI8192177897131',1102,105,'KI','2019-07-16','2019-07-18',null,'cancelled');
INSERT INTO INVOICECHARGE VALUES ('20190716KI8192177897131-ch00001','20190716KI8192177897131','2019-07-16',170.58,'Base room charge');
INSERT INTO PAYMENT VALUES ('20190716KI8192177897131-p00001','20190716KI8192177897131','2020-05-05','CC',170.58,'Annie Albrecht','1753277430040526',1,2027,608,'Mastercard');
-- ------- SAMPLE 103 ----------
INSERT INTO GUEST VALUES(1103,'Shandi','Scharf','SScharf@gmail.com','1234 DaWrong Lane','Flonkerton','MD','12345','863-145-1841');
INSERT INTO RESERVATION VALUES ('20200212KS3700636639131',1103,117,'KS','2020-02-12','2020-02-15',null,'complete');
INSERT INTO INVOICECHARGE VALUES ('20200212KS3700636639131-ch00001','20200212KS3700636639131','2020-02-12',211.1,'Base room charge');
INSERT INTO INVOICECHARGE VALUES ('20200212KS3700636639131-ch00002','20200212KS3700636639131','2020-02-12',108.75,'Cleaning fee');
INSERT INTO PAYMENT (payment_id,invoice_id,payment_date,payment_type,payment_amount) VALUES ('20200212KS3700636639131-p00001','20200212KS3700636639131','2020-05-05','CA',218);
-- ------- SAMPLE 104 ----------
INSERT INTO GUEST VALUES(1104,'Rossana','Running','RRunning@hotmail.com','1234 DaWrong Lane','Flonkerton','MD','12345','299-153-7163');
INSERT INTO RESERVATION VALUES ('20200903QS7334953623156',1104,null,'QS','2020-09-03','2020-09-05',null,'cancelled');
INSERT INTO INVOICECHARGE VALUES ('20200903QS7334953623156-ch00001','20200903QS7334953623156','2020-09-03',234.55,'Base room charge');
INSERT INTO PAYMENT VALUES ('20200903QS7334953623156-p00001','20200903QS7334953623156','2020-05-05','CC',234.55,'Rossana Running','8232236194451808',2,2023,961,'Mastercard');
-- ------- SAMPLE 105 ----------
INSERT INTO GUEST VALUES(1105,'Daron','Dycus','DDycus@hotmail.com','1234 DaWrong Lane','Flonkerton','MD','12345','500-918-1495');
INSERT INTO RESERVATION VALUES ('20210217KS5963214043224',1105,null,'KS','2021-02-17','2021-02-19',null,'active');
INSERT INTO INVOICECHARGE VALUES ('20210217KS5963214043224-ch00001','20210217KS5963214043224','2021-02-17',213.23,'Base room charge');
INSERT INTO PAYMENT VALUES ('20210217KS5963214043224-p00001','20210217KS5963214043224','2020-05-05','CC',193,'Daron Dycus','6474419615597616',3,2026,198,'Mastercard');
-- ------- SAMPLE 106 ----------
INSERT INTO GUEST VALUES(1106,'Daron','Dycus','DDycus@hotmail.com','1234 DaWrong Lane','Flonkerton','MD','12345','270-143-9172');
INSERT INTO RESERVATION VALUES ('20190728KS2864733829629',1106,112,'KS','2019-07-28','2019-07-29',null,'complete');
INSERT INTO INVOICECHARGE VALUES ('20190728KS2864733829629-ch00001','20190728KS2864733829629','2019-07-28',70.37,'Base room charge');
INSERT INTO INVOICECHARGE VALUES ('20190728KS2864733829629-ch00002','20190728KS2864733829629','2019-07-28',36.25,'Room Service');
INSERT INTO PAYMENT VALUES ('20190728KS2864733829629-p00001','20190728KS2864733829629','2020-05-05','CC',106.61,'Daron Dycus','7419403685320070',4,2024,774,'Mastercard');
-- ------- SAMPLE 107 ----------
INSERT INTO GUEST VALUES(1107,'Irma','Irby','IIrby@hotmail.com','1234 DaWrong Lane','Flonkerton','MD','12345','139-031-7531');
INSERT INTO RESERVATION VALUES ('20190703KS7696486766125',1107,117,'KS','2019-07-03','2019-07-05',null,'complete');
INSERT INTO INVOICECHARGE VALUES ('20190703KS7696486766125-ch00001','20190703KS7696486766125','2019-07-03',140.73,'Base room charge');
INSERT INTO INVOICECHARGE VALUES ('20190703KS7696486766125-ch00002','20190703KS7696486766125','2019-07-03',72.5,'Room Service');
INSERT INTO PAYMENT VALUES ('20190703KS7696486766125-p00001','20190703KS7696486766125','2020-05-05','CC',140,'Irma Irby','7852049862714571',8,2025,500,'Mastercard');
-- ------- SAMPLE 108 ----------
INSERT INTO GUEST VALUES(1108,'Dorian','Delbosque','DDelbosque@gmail.com','1234 DaWrong Lane','Flonkerton','MD','12345','946-659-0036');
INSERT INTO RESERVATION VALUES ('20190824KJ4267307229726',1108,203,'KJ','2019-08-24','2019-08-26',null,'complete');
INSERT INTO INVOICECHARGE VALUES ('20190824KJ4267307229726-ch00001','20190824KJ4267307229726','2019-08-24',182.95,'Base room charge');
INSERT INTO INVOICECHARGE VALUES ('20190824KJ4267307229726-ch00002','20190824KJ4267307229726','2019-08-24',94.25,'Cleaning fee');
INSERT INTO PAYMENT VALUES ('20190824KJ4267307229726-p00001','20190824KJ4267307229726','2020-05-05','CC',277.2,'Dorian Delbosque','4713801443012969',6,2025,427,'Mastercard');
-- ------- SAMPLE 109 ----------
INSERT INTO GUEST VALUES(1109,'Joann','Joplin','JJoplin@hotmail.com','1234 DaWrong Lane','Flonkerton','MD','12345','534-182-6386');
INSERT INTO RESERVATION VALUES ('20201029KJ4285406174661',1109,null,'KJ','2020-10-29','2020-11-02',null,'active');
INSERT INTO INVOICECHARGE VALUES ('20201029KJ4285406174661-ch00001','20201029KJ4285406174661','2020-10-29',554.41,'Base room charge');
INSERT INTO PAYMENT VALUES ('20201029KJ4285406174661-p00001','20201029KJ4285406174661','2020-05-05','CC',375,'Joann Joplin','8261270887428867',3,2021,16,'Mastercard');
-- ------- SAMPLE 110 ----------
INSERT INTO GUEST VALUES(1110,'Boyce','Bate','BBate@gmail.com','1234 DaWrong Lane','Flonkerton','MD','12345','230-015-5516');
INSERT INTO RESERVATION VALUES ('20210424KI3118208156212',1110,null,'KI','2021-04-24','2021-04-25',null,'cancelled');
INSERT INTO INVOICECHARGE VALUES ('20210424KI3118208156212-ch00001','20210424KI3118208156212','2021-04-24',56.29,'Base room charge');
INSERT INTO INVOICECHARGE VALUES ('20210424KI3118208156212-ch00002','20210424KI3118208156212','2021-04-24',29,'Cleaning fee');
INSERT INTO PAYMENT VALUES ('20210424KI3118208156212-p00001','20210424KI3118208156212','2020-05-05','CC',85.29,'Boyce Bate','1955138472861314',6,2021,359,'Mastercard');
-- ------- SAMPLE 111 ----------
INSERT INTO GUEST VALUES(1111,'Leonore','Losh','LLosh@hotmail.com','1234 DaWrong Lane','Flonkerton','MD','12345','220-972-4633');
INSERT INTO RESERVATION VALUES ('20200918KI9149283553865',1111,null,'KI','2020-09-18','2020-09-22',null,'active');
INSERT INTO INVOICECHARGE VALUES ('20200918KI9149283553865-ch00001','20200918KI9149283553865','2020-09-18',341.16,'Base room charge');
INSERT INTO PAYMENT (payment_id,invoice_id,payment_date,payment_type,payment_amount) VALUES ('20200918KI9149283553865-p00001','20200918KI9149283553865','2020-05-05','CA',341.16);
-- ------- SAMPLE 112 ----------
INSERT INTO GUEST VALUES(1112,'Theodora','Trickey','TTrickey@yahoo.com','1234 DaWrong Lane','Flonkerton','MD','12345','941-576-7063');
INSERT INTO RESERVATION VALUES ('20200820QD2938824365401',1112,null,'QD','2020-08-20','2020-08-22',null,'active');
INSERT INTO INVOICECHARGE VALUES ('20200820QD2938824365401-ch00001','20200820QD2938824365401','2020-08-20',191.9,'Base room charge');
INSERT INTO PAYMENT VALUES ('20200820QD2938824365401-p00001','20200820QD2938824365401','2020-05-05','CC',191.9,'Theodora Trickey','3263359001947906',12,2026,428,'Mastercard');
-- ------- SAMPLE 113 ----------
INSERT INTO GUEST VALUES(1113,'Lillia','Linen','LLinen@gmail.com','1234 DaWrong Lane','Flonkerton','MD','12345','252-247-8168');
INSERT INTO RESERVATION VALUES ('20201120QD5510590949935',1113,null,'QD','2020-11-20','2020-11-23',null,'cancelled');
INSERT INTO INVOICECHARGE VALUES ('20201120QD5510590949935-ch00001','20201120QD5510590949935','2020-11-20',189.98,'Base room charge');
INSERT INTO INVOICECHARGE VALUES ('20201120QD5510590949935-ch00002','20201120QD5510590949935','2020-11-20',97.87,'Room Service');
INSERT INTO PAYMENT (payment_id,invoice_id,payment_date,payment_type,payment_amount) VALUES ('20201120QD5510590949935-p00001','20201120QD5510590949935','2020-05-05','CA',287.86);
-- ------- SAMPLE 114 ----------
INSERT INTO GUEST VALUES(1114,'Freida','Forbis','FForbis@hotmail.com','1234 DaWrong Lane','Flonkerton','MD','12345','483-547-9098');
INSERT INTO RESERVATION VALUES ('20201202QD3058171697782',1114,null,'QD','2020-12-02','2020-12-06',null,'active');
INSERT INTO INVOICECHARGE VALUES ('20201202QD3058171697782-ch00001','20201202QD3058171697782','2020-12-02',253.31,'Base room charge');
INSERT INTO INVOICECHARGE VALUES ('20201202QD3058171697782-ch00002','20201202QD3058171697782','2020-12-02',130.49,'Cleaning fee');
INSERT INTO PAYMENT VALUES ('20201202QD3058171697782-p00001','20201202QD3058171697782','2020-05-05','CC',116,'Freida Forbis','2076361777634935',12,2022,327,'Mastercard');
-- ------- SAMPLE 115 ----------
INSERT INTO GUEST VALUES(1115,'Darrin','Drum','DDrum@hotmail.com','1234 DaWrong Lane','Flonkerton','MD','12345','031-447-9186');
INSERT INTO RESERVATION VALUES ('20201030KJ5639375908461',1115,null,'KJ','2020-10-30','2020-11-02',null,'cancelled');
-- ------- SAMPLE 116 ----------
INSERT INTO GUEST VALUES(1116,'Leonore','Losh','LLosh@gmail.com','1234 DaWrong Lane','Flonkerton','MD','12345','750-648-2404');
INSERT INTO RESERVATION VALUES ('20190821KS3075215845028',1116,112,'KS','2019-08-21','2019-08-24',null,'complete');
INSERT INTO INVOICECHARGE VALUES ('20190821KS3075215845028-ch00001','20190821KS3075215845028','2019-08-21',211.1,'Base room charge');
INSERT INTO INVOICECHARGE VALUES ('20190821KS3075215845028-ch00002','20190821KS3075215845028','2019-08-21',108.75,'Cleaning fee');
INSERT INTO PAYMENT VALUES ('20190821KS3075215845028-p00001','20190821KS3075215845028','2020-05-05','CC',319.84,'Leonore Losh','9465571951767295',7,2022,232,'Mastercard');
-- ------- SAMPLE 117 ----------
INSERT INTO GUEST VALUES(1117,'Shawn','Stefanski','SStefanski@yahoo.com','1234 DaWrong Lane','Flonkerton','MD','12345','200-172-0545');
INSERT INTO RESERVATION VALUES ('20190509KJ8516724771380',1117,203,'KJ','2019-05-09','2019-05-13',null,'complete');
-- ------- SAMPLE 118 ----------
INSERT INTO GUEST VALUES(1118,'Kenisha','Kane','KKane@yahoo.com','1234 DaWrong Lane','Flonkerton','MD','12345','383-754-6237');
INSERT INTO RESERVATION VALUES ('20201010QS6905211891370',1118,null,'QS','2020-10-10','2020-10-15',null,'active');
INSERT INTO INVOICECHARGE VALUES ('20201010QS6905211891370-ch00001','20201010QS6905211891370','2020-10-10',387.01,'Base room charge');
INSERT INTO INVOICECHARGE VALUES ('20201010QS6905211891370-ch00002','20201010QS6905211891370','2020-10-10',199.37,'Cleaning fee');
INSERT INTO PAYMENT VALUES ('20201010QS6905211891370-p00001','20201010QS6905211891370','2020-05-05','CC',586.38,'Kenisha Kane','5088684854698954',3,2021,864,'Mastercard');
-- ------- SAMPLE 119 ----------
INSERT INTO GUEST VALUES(1119,'Bell','Belizaire','BBelizaire@yahoo.com','1234 DaWrong Lane','Flonkerton','MD','12345','645-705-8667');
INSERT INTO RESERVATION VALUES ('20191127KS3079247229031',1119,201,'KS','2019-11-27','2019-11-29',null,'complete');
INSERT INTO INVOICECHARGE VALUES ('20191127KS3079247229031-ch00001','20191127KS3079247229031','2019-11-27',140.73,'Base room charge');
INSERT INTO INVOICECHARGE VALUES ('20191127KS3079247229031-ch00002','20191127KS3079247229031','2019-11-27',72.5,'Room Service');
INSERT INTO PAYMENT VALUES ('20191127KS3079247229031-p00001','20191127KS3079247229031','2020-05-05','CC',213.23,'Bell Belizaire','8481134101904629',6,2026,53,'Mastercard');
-- ------- SAMPLE 120 ----------
INSERT INTO GUEST VALUES(1120,'Margorie','Mcnish','MMcnish@gmail.com','1234 DaWrong Lane','Flonkerton','MD','12345','840-373-8232');
INSERT INTO RESERVATION VALUES ('20210309KJ3542585609563',1120,null,'KJ','2021-03-09','2021-03-11',null,'active');
INSERT INTO INVOICECHARGE VALUES ('20210309KJ3542585609563-ch00001','20210309KJ3542585609563','2021-03-09',277.2,'Base room charge');
INSERT INTO PAYMENT VALUES ('20210309KJ3542585609563-p00001','20210309KJ3542585609563','2020-05-05','CC',277.2,'Margorie Mcnish','6346052923418283',6,2022,71,'Mastercard');
-- ------- SAMPLE 121 ----------
INSERT INTO GUEST VALUES(1121,'Collin','Chaparro','CChaparro@hotmail.com','1234 DaWrong Lane','Flonkerton','MD','12345','813-060-6081');
INSERT INTO RESERVATION VALUES ('20190806QS2348945590905',1121,113,'QS','2019-08-06','2019-08-07',null,'complete');
INSERT INTO INVOICECHARGE VALUES ('20190806QS2348945590905-ch00001','20190806QS2348945590905','2019-08-06',117.28,'Base room charge');
INSERT INTO PAYMENT (payment_id,invoice_id,payment_date,payment_type,payment_amount) VALUES ('20190806QS2348945590905-p00001','20190806QS2348945590905','2020-05-05','CA',117.28);
-- ------- SAMPLE 122 ----------
INSERT INTO GUEST VALUES(1122,'Randal','Rohman','RRohman@hotmail.com','1234 DaWrong Lane','Flonkerton','MD','12345','302-414-9666');
INSERT INTO RESERVATION VALUES ('20200903KI9072129503541',1122,null,'KI','2020-09-03','2020-09-04',null,'active');
INSERT INTO INVOICECHARGE VALUES ('20200903KI9072129503541-ch00001','20200903KI9072129503541','2020-09-03',56.29,'Base room charge');
INSERT INTO INVOICECHARGE VALUES ('20200903KI9072129503541-ch00002','20200903KI9072129503541','2020-09-03',29,'Room Service');
INSERT INTO PAYMENT (payment_id,invoice_id,payment_date,payment_type,payment_amount) VALUES ('20200903KI9072129503541-p00001','20200903KI9072129503541','2020-05-05','CA',85.29);
-- ------- SAMPLE 123 ----------
INSERT INTO GUEST VALUES(1123,'Marylynn','Musson','MMusson@yahoo.com','1234 DaWrong Lane','Flonkerton','MD','12345','521-755-1196');
INSERT INTO RESERVATION VALUES ('20210203QD9069031076935',1123,null,'QD','2021-02-03','2021-02-06',null,'cancelled');
INSERT INTO INVOICECHARGE VALUES ('20210203QD9069031076935-ch00001','20210203QD9069031076935','2021-02-03',287.86,'Base room charge');
INSERT INTO PAYMENT VALUES ('20210203QD9069031076935-p00001','20210203QD9069031076935','2020-05-05','CC',287.86,'Marylynn Musson','7130209222625594',2,2023,699,'Mastercard');
-- ------- SAMPLE 124 ----------
INSERT INTO GUEST VALUES(1124,'Raven','Rybicki','RRybicki@gmail.com','1234 DaWrong Lane','Flonkerton','MD','12345','279-446-7058');
INSERT INTO RESERVATION VALUES ('20200124KJ5613431987484',1124,104,'KJ','2020-01-24','2020-01-28',null,'complete');
INSERT INTO INVOICECHARGE VALUES ('20200124KJ5613431987484-ch00001','20200124KJ5613431987484','2020-01-24',554.41,'Base room charge');
INSERT INTO PAYMENT VALUES ('20200124KJ5613431987484-p00001','20200124KJ5613431987484','2020-05-05','CC',554.41,'Raven Rybicki','5374035178033724',8,2023,673,'Mastercard');
-- ------- SAMPLE 125 ----------
INSERT INTO GUEST VALUES(1125,'Freida','Forbis','FForbis@gmail.com','1234 DaWrong Lane','Flonkerton','MD','12345','356-807-8881');
INSERT INTO RESERVATION VALUES ('20200829KS7877550917458',1125,null,'KS','2020-08-29','2020-09-01',null,'active');
INSERT INTO INVOICECHARGE VALUES ('20200829KS7877550917458-ch00001','20200829KS7877550917458','2020-08-29',319.84,'Base room charge');
INSERT INTO PAYMENT (payment_id,invoice_id,payment_date,payment_type,payment_amount) VALUES ('20200829KS7877550917458-p00001','20200829KS7877550917458','2020-05-05','CA',319.84);
-- ------- SAMPLE 126 ----------
INSERT INTO GUEST VALUES(1126,'Freida','Forbis','FForbis@yahoo.com','1234 DaWrong Lane','Flonkerton','MD','12345','762-151-3305');
INSERT INTO RESERVATION VALUES ('20210426QD4189841480234',1126,null,'QD','2021-04-26','2021-05-01',null,'cancelled');
INSERT INTO INVOICECHARGE VALUES ('20210426QD4189841480234-ch00001','20210426QD4189841480234','2021-04-26',479.76,'Base room charge');
INSERT INTO PAYMENT (payment_id,invoice_id,payment_date,payment_type,payment_amount) VALUES ('20210426QD4189841480234-p00001','20210426QD4189841480234','2020-05-05','CA',304);
-- ------- SAMPLE 127 ----------
INSERT INTO GUEST VALUES(1127,'Florentino','Feth','FFeth@yahoo.com','1234 DaWrong Lane','Flonkerton','MD','12345','757-388-7868');
INSERT INTO RESERVATION VALUES ('20201011QS4191163706820',1127,null,'QS','2020-10-11','2020-10-13',null,'active');
INSERT INTO INVOICECHARGE VALUES ('20201011QS4191163706820-ch00001','20201011QS4191163706820','2020-10-11',154.81,'Base room charge');
INSERT INTO INVOICECHARGE VALUES ('20201011QS4191163706820-ch00002','20201011QS4191163706820','2020-10-11',79.75,'Room Service');
INSERT INTO PAYMENT (payment_id,invoice_id,payment_date,payment_type,payment_amount) VALUES ('20201011QS4191163706820-p00001','20201011QS4191163706820','2020-05-05','CA',222);
-- ------- SAMPLE 128 ----------
INSERT INTO GUEST VALUES(1128,'Shandi','Scharf','SScharf@hotmail.com','1234 DaWrong Lane','Flonkerton','MD','12345','611-668-2161');
INSERT INTO RESERVATION VALUES ('20200903QD4737802236949',1128,null,'QD','2020-09-03','2020-09-05',null,'active');
-- ------- SAMPLE 129 ----------
INSERT INTO GUEST VALUES(1129,'Kandra','Kelty','KKelty@hotmail.com','1234 DaWrong Lane','Flonkerton','MD','12345','578-759-8165');
INSERT INTO RESERVATION VALUES ('20201210KS5914815804171',1129,null,'KS','2020-12-10','2020-12-14',null,'active');
INSERT INTO INVOICECHARGE VALUES ('20201210KS5914815804171-ch00001','20201210KS5914815804171','2020-12-10',426.46,'Base room charge');
INSERT INTO PAYMENT VALUES ('20201210KS5914815804171-p00001','20201210KS5914815804171','2020-05-05','CC',277,'Kandra Kelty','9637148914034865',10,2025,772,'Mastercard');
-- ------- SAMPLE 130 ----------
INSERT INTO GUEST VALUES(1130,'Ngan','Nalley','NNalley@gmail.com','1234 DaWrong Lane','Flonkerton','MD','12345','037-037-0416');
INSERT INTO RESERVATION VALUES ('20201117QD1418660191176',1130,null,'QD','2020-11-17','2020-11-19',null,'active');
-- ------- SAMPLE 131 ----------
INSERT INTO GUEST VALUES(1131,'Lucius','Liles','LLiles@hotmail.com','1234 DaWrong Lane','Flonkerton','MD','12345','269-734-1855');
INSERT INTO RESERVATION VALUES ('20201124QS8243901523433',1131,null,'QS','2020-11-24','2020-11-26',null,'active');
INSERT INTO INVOICECHARGE VALUES ('20201124QS8243901523433-ch00001','20201124QS8243901523433','2020-11-24',234.55,'Base room charge');
INSERT INTO PAYMENT VALUES ('20201124QS8243901523433-p00001','20201124QS8243901523433','2020-05-05','CC',234.55,'Lucius Liles','3937386986507319',1,2025,727,'Mastercard');
-- ------- SAMPLE 132 ----------
INSERT INTO GUEST VALUES(1132,'Tai','Tookes','TTookes@yahoo.com','1234 DaWrong Lane','Flonkerton','MD','12345','688-120-7908');
INSERT INTO RESERVATION VALUES ('20190706QD8197140080685',1132,106,'QD','2019-07-06','2019-07-08',null,'complete');
INSERT INTO INVOICECHARGE VALUES ('20190706QD8197140080685-ch00001','20190706QD8197140080685','2019-07-06',126.66,'Base room charge');
INSERT INTO INVOICECHARGE VALUES ('20190706QD8197140080685-ch00002','20190706QD8197140080685','2019-07-06',65.25,'Room Service');
INSERT INTO PAYMENT VALUES ('20190706QD8197140080685-p00001','20190706QD8197140080685','2020-05-05','CC',191.9,'Tai Tookes','1935983533000833',8,2023,307,'Mastercard');
-- ------- SAMPLE 133 ----------
INSERT INTO GUEST VALUES(1133,'Kathern','Korn','KKorn@hotmail.com','1234 DaWrong Lane','Flonkerton','MD','12345','544-539-5830');
INSERT INTO RESERVATION VALUES ('20200106QD9838900371740',1133,200,'QD','2020-01-06','2020-01-11',null,'cancelled');
INSERT INTO INVOICECHARGE VALUES ('20200106QD9838900371740-ch00001','20200106QD9838900371740','2020-01-06',316.64,'Base room charge');
INSERT INTO INVOICECHARGE VALUES ('20200106QD9838900371740-ch00002','20200106QD9838900371740','2020-01-06',163.12,'Cleaning fee');
INSERT INTO PAYMENT VALUES ('20200106QD9838900371740-p00001','20200106QD9838900371740','2020-05-05','CC',479.76,'Kathern Korn','9237404012499248',9,2023,940,'Mastercard');
-- ------- SAMPLE 134 ----------
INSERT INTO GUEST VALUES(1134,'Stan','Schnell','SSchnell@gmail.com','1234 DaWrong Lane','Flonkerton','MD','12345','866-129-0181');
INSERT INTO RESERVATION VALUES ('20200406QS4628200884233',1134,103,'QS','2020-04-06','2020-04-11',null,'complete');
-- ------- SAMPLE 135 ----------
INSERT INTO GUEST VALUES(1135,'Buffy','Beattie','BBeattie@gmail.com','1234 DaWrong Lane','Flonkerton','MD','12345','409-985-4366');
INSERT INTO RESERVATION VALUES ('20210311QS8638190123240',1135,null,'QS','2021-03-11','2021-03-16',null,'active');
INSERT INTO INVOICECHARGE VALUES ('20210311QS8638190123240-ch00001','20210311QS8638190123240','2021-03-11',469.11,'Base room charge');
INSERT INTO PAYMENT VALUES ('20210311QS8638190123240-p00001','20210311QS8638190123240','2020-05-05','CC',469.11,'Buffy Beattie','2711728612486042',10,2025,718,'Mastercard');
-- ------- SAMPLE 136 ----------
INSERT INTO GUEST VALUES(1136,'Kathern','Korn','KKorn@gmail.com','1234 DaWrong Lane','Flonkerton','MD','12345','808-042-1063');
INSERT INTO RESERVATION VALUES ('20210323KS8502321518655',1136,null,'KS','2021-03-23','2021-03-24',null,'active');
-- ------- SAMPLE 137 ----------
INSERT INTO GUEST VALUES(1137,'Francie','Fairbank','FFairbank@yahoo.com','1234 DaWrong Lane','Flonkerton','MD','12345','857-093-2489');
INSERT INTO RESERVATION VALUES ('20201206KS1876359733093',1137,null,'KS','2020-12-06','2020-12-10',null,'active');
INSERT INTO INVOICECHARGE VALUES ('20201206KS1876359733093-ch00001','20201206KS1876359733093','2020-12-06',281.46,'Base room charge');
INSERT INTO INVOICECHARGE VALUES ('20201206KS1876359733093-ch00002','20201206KS1876359733093','2020-12-06',145,'Room Service');
INSERT INTO PAYMENT VALUES ('20201206KS1876359733093-p00001','20201206KS1876359733093','2020-05-05','CC',395,'Francie Fairbank','4329677328648499',2,2025,280,'Mastercard');
-- ------- SAMPLE 138 ----------
INSERT INTO GUEST VALUES(1138,'Shawna','Schmit','SSchmit@yahoo.com','1234 DaWrong Lane','Flonkerton','MD','12345','396-155-4039');
INSERT INTO RESERVATION VALUES ('20200217KI5890523683506',1138,105,'KI','2020-02-17','2020-02-21',null,'complete');
INSERT INTO INVOICECHARGE VALUES ('20200217KI5890523683506-ch00001','20200217KI5890523683506','2020-02-17',341.16,'Base room charge');
INSERT INTO PAYMENT (payment_id,invoice_id,payment_date,payment_type,payment_amount) VALUES ('20200217KI5890523683506-p00001','20200217KI5890523683506','2020-05-05','CA',341.16);
-- ------- SAMPLE 139 ----------
INSERT INTO GUEST VALUES(1139,'Shonda','Schult','SSchult@gmail.com','1234 DaWrong Lane','Flonkerton','MD','12345','846-413-3023');
INSERT INTO RESERVATION VALUES ('20201026KS6743591584614',1139,null,'KS','2020-10-26','2020-10-31',null,'active');
INSERT INTO INVOICECHARGE VALUES ('20201026KS6743591584614-ch00001','20201026KS6743591584614','2020-10-26',533.07,'Base room charge');
INSERT INTO PAYMENT VALUES ('20201026KS6743591584614-p00001','20201026KS6743591584614','2020-05-05','CC',397,'Shonda Schult','1609900341932511',11,2025,805,'Mastercard');
-- ------- SAMPLE 140 ----------
INSERT INTO GUEST VALUES(1140,'Fiona','Figgs','FFiggs@gmail.com','1234 DaWrong Lane','Flonkerton','MD','12345','061-203-6699');
INSERT INTO RESERVATION VALUES ('20210430KS4393519461944',1140,null,'KS','2021-04-30','2021-05-04',null,'cancelled');
INSERT INTO INVOICECHARGE VALUES ('20210430KS4393519461944-ch00001','20210430KS4393519461944','2021-04-30',426.46,'Base room charge');
INSERT INTO PAYMENT VALUES ('20210430KS4393519461944-p00001','20210430KS4393519461944','2020-05-05','CC',139,'Fiona Figgs','1560195189488293',7,2027,388,'Mastercard');
-- ------- SAMPLE 141 ----------
INSERT INTO GUEST VALUES(1141,'Fonda','Foreman','FForeman@gmail.com','1234 DaWrong Lane','Flonkerton','MD','12345','374-148-6644');
INSERT INTO RESERVATION VALUES ('20210102QS6556327143177',1141,null,'QS','2021-01-02','2021-01-05',null,'active');
INSERT INTO INVOICECHARGE VALUES ('20210102QS6556327143177-ch00001','20210102QS6556327143177','2021-01-02',232.21,'Base room charge');
INSERT INTO INVOICECHARGE VALUES ('20210102QS6556327143177-ch00002','20210102QS6556327143177','2021-01-02',119.62,'Cleaning fee');
INSERT INTO PAYMENT VALUES ('20210102QS6556327143177-p00001','20210102QS6556327143177','2020-05-05','CC',351.83,'Fonda Foreman','2181452672138289',5,2023,229,'Mastercard');
-- ------- SAMPLE 142 ----------
INSERT INTO GUEST VALUES(1142,'Annie','Albrecht','AAlbrecht@gmail.com','1234 DaWrong Lane','Flonkerton','MD','12345','236-620-0645');
INSERT INTO RESERVATION VALUES ('20200201KJ6377192325931',1142,208,'KJ','2020-02-01','2020-02-05',null,'complete');
INSERT INTO INVOICECHARGE VALUES ('20200201KJ6377192325931-ch00001','20200201KJ6377192325931','2020-02-01',365.91,'Base room charge');
INSERT INTO INVOICECHARGE VALUES ('20200201KJ6377192325931-ch00002','20200201KJ6377192325931','2020-02-01',188.5,'Room Service');
INSERT INTO PAYMENT VALUES ('20200201KJ6377192325931-p00001','20200201KJ6377192325931','2020-05-05','CC',485,'Annie Albrecht','1030634711040416',1,2021,721,'Mastercard');
-- ------- SAMPLE 143 ----------
INSERT INTO GUEST VALUES(1143,'Bessie','Buhler','BBuhler@hotmail.com','1234 DaWrong Lane','Flonkerton','MD','12345','582-539-0119');
INSERT INTO RESERVATION VALUES ('20200220QD1485299560036',1143,205,'QD','2020-02-20','2020-02-23',null,'complete');
-- ------- SAMPLE 144 ----------
INSERT INTO GUEST VALUES(1144,'Tish','Tusing','TTusing@yahoo.com','1234 DaWrong Lane','Flonkerton','MD','12345','515-698-1614');
INSERT INTO RESERVATION VALUES ('20190613KI7340461399938',1144,110,'KI','2019-06-13','2019-06-16',null,'complete');
INSERT INTO INVOICECHARGE VALUES ('20190613KI7340461399938-ch00001','20190613KI7340461399938','2019-06-13',255.87,'Base room charge');
INSERT INTO PAYMENT VALUES ('20190613KI7340461399938-p00001','20190613KI7340461399938','2020-05-05','CC',255.87,'Tish Tusing','9007938582569531',10,2022,946,'Mastercard');
-- ------- SAMPLE 145 ----------
INSERT INTO GUEST VALUES(1145,'Lillia','Linen','LLinen@gmail.com','1234 DaWrong Lane','Flonkerton','MD','12345','924-313-0751');
INSERT INTO RESERVATION VALUES ('20210325KJ1857599010158',1145,null,'KJ','2021-03-25','2021-03-28',null,'active');
INSERT INTO INVOICECHARGE VALUES ('20210325KJ1857599010158-ch00001','20210325KJ1857599010158','2021-03-25',274.43,'Base room charge');
INSERT INTO INVOICECHARGE VALUES ('20210325KJ1857599010158-ch00002','20210325KJ1857599010158','2021-03-25',141.37,'Cleaning fee');
INSERT INTO PAYMENT (payment_id,invoice_id,payment_date,payment_type,payment_amount) VALUES ('20210325KJ1857599010158-p00001','20210325KJ1857599010158','2020-05-05','CA',415.81);
-- ------- SAMPLE 146 ----------
INSERT INTO GUEST VALUES(1146,'Marcelino','Meisner','MMeisner@yahoo.com','1234 DaWrong Lane','Flonkerton','MD','12345','998-924-3564');
INSERT INTO RESERVATION VALUES ('20201218QD6447127211855',1146,null,'QD','2020-12-18','2020-12-21',null,'active');
-- ------- SAMPLE 147 ----------
INSERT INTO GUEST VALUES(1147,'Kenisha','Kane','KKane@yahoo.com','1234 DaWrong Lane','Flonkerton','MD','12345','106-500-6014');
INSERT INTO RESERVATION VALUES ('20200608KI5700244617259',1147,null,'KI','2020-06-08','2020-06-11',null,'active');
INSERT INTO INVOICECHARGE VALUES ('20200608KI5700244617259-ch00001','20200608KI5700244617259','2020-06-08',255.87,'Base room charge');
INSERT INTO PAYMENT VALUES ('20200608KI5700244617259-p00001','20200608KI5700244617259','2020-05-05','CC',255.87,'Kenisha Kane','2814622628622359',12,2023,465,'Mastercard');
-- ------- SAMPLE 148 ----------
INSERT INTO GUEST VALUES(1148,'Deangelo','Deloera','DDeloera@gmail.com','1234 DaWrong Lane','Flonkerton','MD','12345','571-905-0702');
INSERT INTO RESERVATION VALUES ('20191107KI3704612736579',1148,209,'KI','2019-11-07','2019-11-10',null,'complete');
INSERT INTO INVOICECHARGE VALUES ('20191107KI3704612736579-ch00001','20191107KI3704612736579','2019-11-07',168.87,'Base room charge');
INSERT INTO INVOICECHARGE VALUES ('20191107KI3704612736579-ch00002','20191107KI3704612736579','2019-11-07',87,'Room Service');
INSERT INTO PAYMENT (payment_id,invoice_id,payment_date,payment_type,payment_amount) VALUES ('20191107KI3704612736579-p00001','20191107KI3704612736579','2020-05-05','CA',255.87);
-- ------- SAMPLE 149 ----------
INSERT INTO GUEST VALUES(1149,'Ngan','Nalley','NNalley@hotmail.com','1234 DaWrong Lane','Flonkerton','MD','12345','940-013-9680');
INSERT INTO RESERVATION VALUES ('20200618KI9377402990963',1149,null,'KI','2020-06-18','2020-06-20',null,'active');
INSERT INTO INVOICECHARGE VALUES ('20200618KI9377402990963-ch00001','20200618KI9377402990963','2020-06-18',112.58,'Base room charge');
INSERT INTO INVOICECHARGE VALUES ('20200618KI9377402990963-ch00002','20200618KI9377402990963','2020-06-18',58,'Cleaning fee');
INSERT INTO PAYMENT VALUES ('20200618KI9377402990963-p00001','20200618KI9377402990963','2020-05-05','CC',170.58,'Ngan Nalley','2901825764862682',1,2026,387,'Mastercard');
-- ------- SAMPLE 150 ----------
INSERT INTO GUEST VALUES(1150,'Major','Meng','MMeng@hotmail.com','1234 DaWrong Lane','Flonkerton','MD','12345','531-252-7676');
INSERT INTO RESERVATION VALUES ('20200211QD4262336583985',1150,205,'QD','2020-02-11','2020-02-14',null,'complete');
INSERT INTO INVOICECHARGE VALUES ('20200211QD4262336583985-ch00001','20200211QD4262336583985','2020-02-11',189.98,'Base room charge');
INSERT INTO INVOICECHARGE VALUES ('20200211QD4262336583985-ch00002','20200211QD4262336583985','2020-02-11',97.87,'Room Service');
INSERT INTO PAYMENT (payment_id,invoice_id,payment_date,payment_type,payment_amount) VALUES ('20200211QD4262336583985-p00001','20200211QD4262336583985','2020-05-05','CA',41);
-- ------- SAMPLE 151 ----------
INSERT INTO GUEST VALUES(1151,'Shenna','Salmi','SSalmi@gmail.com','1234 DaWrong Lane','Flonkerton','MD','12345','502-744-8122');
INSERT INTO RESERVATION VALUES ('20200326KJ4060772657925',1151,109,'KJ','2020-03-26','2020-03-28',null,'complete');
INSERT INTO INVOICECHARGE VALUES ('20200326KJ4060772657925-ch00001','20200326KJ4060772657925','2020-03-26',182.95,'Base room charge');
INSERT INTO INVOICECHARGE VALUES ('20200326KJ4060772657925-ch00002','20200326KJ4060772657925','2020-03-26',94.25,'Cleaning fee');
INSERT INTO PAYMENT VALUES ('20200326KJ4060772657925-p00001','20200326KJ4060772657925','2020-05-05','CC',277.2,'Shenna Salmi','5656627642127575',8,2024,810,'Mastercard');
-- ------- SAMPLE 152 ----------
INSERT INTO GUEST VALUES(1152,'Bessie','Buhler','BBuhler@yahoo.com','1234 DaWrong Lane','Flonkerton','MD','12345','192-369-6553');
INSERT INTO RESERVATION VALUES ('20191116QS5853114636431',1152,108,'QS','2019-11-16','2019-11-21',null,'complete');
INSERT INTO INVOICECHARGE VALUES ('20191116QS5853114636431-ch00001','20191116QS5853114636431','2019-11-16',586.38,'Base room charge');
INSERT INTO PAYMENT VALUES ('20191116QS5853114636431-p00001','20191116QS5853114636431','2020-05-05','CC',586.38,'Bessie Buhler','6434817364896306',5,2024,166,'Mastercard');
-- ------- SAMPLE 153 ----------
INSERT INTO GUEST VALUES(1153,'Cherry','Chiarello','CChiarello@yahoo.com','1234 DaWrong Lane','Flonkerton','MD','12345','120-017-1645');
INSERT INTO RESERVATION VALUES ('20200920QS8303996074801',1153,null,'QS','2020-09-20','2020-09-21',null,'active');
-- ------- SAMPLE 154 ----------
INSERT INTO GUEST VALUES(1154,'Natalya','Neathery','NNeathery@yahoo.com','1234 DaWrong Lane','Flonkerton','MD','12345','247-597-9395');
INSERT INTO RESERVATION VALUES ('20190714KI6781724308280',1154,105,'KI','2019-07-14','2019-07-15',null,'complete');
INSERT INTO INVOICECHARGE VALUES ('20190714KI6781724308280-ch00001','20190714KI6781724308280','2019-07-14',85.29,'Base room charge');
INSERT INTO PAYMENT VALUES ('20190714KI6781724308280-p00001','20190714KI6781724308280','2020-05-05','CC',83,'Natalya Neathery','2219637679235999',7,2026,757,'Mastercard');
-- ------- SAMPLE 155 ----------
INSERT INTO GUEST VALUES(1155,'Corene','Carmody','CCarmody@hotmail.com','1234 DaWrong Lane','Flonkerton','MD','12345','036-655-3409');
INSERT INTO RESERVATION VALUES ('20200627QS9697133676067',1155,null,'QS','2020-06-27','2020-06-30',null,'active');
INSERT INTO INVOICECHARGE VALUES ('20200627QS9697133676067-ch00001','20200627QS9697133676067','2020-06-27',351.83,'Base room charge');
INSERT INTO PAYMENT VALUES ('20200627QS9697133676067-p00001','20200627QS9697133676067','2020-05-05','CC',351.83,'Corene Carmody','5736166949110933',1,2026,166,'Mastercard');
-- ------- SAMPLE 156 ----------
INSERT INTO GUEST VALUES(1156,'Lynda','Linda','LLinda@gmail.com','1234 DaWrong Lane','Flonkerton','MD','12345','237-448-0223');
INSERT INTO RESERVATION VALUES ('20190628KS8024644406306',1156,102,'KS','2019-06-28','2019-07-02',null,'cancelled');
-- ------- SAMPLE 157 ----------
INSERT INTO GUEST VALUES(1157,'Eda','Elmendorf','EElmendorf@yahoo.com','1234 DaWrong Lane','Flonkerton','MD','12345','156-924-8108');
INSERT INTO RESERVATION VALUES ('20190918QS4399961171187',1157,202,'QS','2019-09-18','2019-09-23',null,'complete');
INSERT INTO INVOICECHARGE VALUES ('20190918QS4399961171187-ch00001','20190918QS4399961171187','2019-09-18',387.01,'Base room charge');
INSERT INTO INVOICECHARGE VALUES ('20190918QS4399961171187-ch00002','20190918QS4399961171187','2019-09-18',199.37,'Cleaning fee');
INSERT INTO PAYMENT VALUES ('20190918QS4399961171187-p00001','20190918QS4399961171187','2020-05-05','CC',586.38,'Eda Elmendorf','6865783051744176',12,2021,343,'Mastercard');
-- ------- SAMPLE 158 ----------
INSERT INTO GUEST VALUES(1158,'Abram','Adolph','AAdolph@hotmail.com','1234 DaWrong Lane','Flonkerton','MD','12345','196-830-3103');
INSERT INTO RESERVATION VALUES ('20200809QS2152897819415',1158,null,'QS','2020-08-09','2020-08-10',null,'active');
INSERT INTO INVOICECHARGE VALUES ('20200809QS2152897819415-ch00001','20200809QS2152897819415','2020-08-09',117.28,'Base room charge');
INSERT INTO PAYMENT VALUES ('20200809QS2152897819415-p00001','20200809QS2152897819415','2020-05-05','CC',53,'Abram Adolph','1128759332547276',7,2026,816,'Mastercard');
-- ------- SAMPLE 159 ----------
INSERT INTO GUEST VALUES(1159,'Fleta','Fickel','FFickel@hotmail.com','1234 DaWrong Lane','Flonkerton','MD','12345','686-850-0203');
INSERT INTO RESERVATION VALUES ('20200809QS8638039487144',1159,null,'QS','2020-08-09','2020-08-10',null,'active');
INSERT INTO INVOICECHARGE VALUES ('20200809QS8638039487144-ch00001','20200809QS8638039487144','2020-08-09',77.4,'Base room charge');
INSERT INTO INVOICECHARGE VALUES ('20200809QS8638039487144-ch00002','20200809QS8638039487144','2020-08-09',39.87,'Cleaning fee');
INSERT INTO PAYMENT (payment_id,invoice_id,payment_date,payment_type,payment_amount) VALUES ('20200809QS8638039487144-p00001','20200809QS8638039487144','2020-05-05','CA',117.28);
-- ------- SAMPLE 160 ----------
INSERT INTO GUEST VALUES(1160,'Corene','Carmody','CCarmody@hotmail.com','1234 DaWrong Lane','Flonkerton','MD','12345','092-873-6349');
INSERT INTO RESERVATION VALUES ('20191208KI5653085658524',1160,209,'KI','2019-12-08','2019-12-09',null,'complete');
INSERT INTO INVOICECHARGE VALUES ('20191208KI5653085658524-ch00001','20191208KI5653085658524','2019-12-08',56.29,'Base room charge');
INSERT INTO INVOICECHARGE VALUES ('20191208KI5653085658524-ch00002','20191208KI5653085658524','2019-12-08',29,'Room Service');
INSERT INTO PAYMENT VALUES ('20191208KI5653085658524-p00001','20191208KI5653085658524','2020-05-05','CC',53,'Corene Carmody','4662131394595936',6,2024,600,'Mastercard');
-- ------- SAMPLE 161 ----------
INSERT INTO GUEST VALUES(1161,'Lucius','Liles','LLiles@gmail.com','1234 DaWrong Lane','Flonkerton','MD','12345','609-967-3605');
INSERT INTO RESERVATION VALUES ('20190815QD8676290126980',1161,101,'QD','2019-08-15','2019-08-16',null,'complete');
-- ------- SAMPLE 162 ----------
INSERT INTO GUEST VALUES(1162,'Abram','Adolph','AAdolph@yahoo.com','1234 DaWrong Lane','Flonkerton','MD','12345','476-792-5199');
INSERT INTO RESERVATION VALUES ('20200518KJ3317700072359',1162,null,'KJ','2020-05-18','2020-05-19',null,'active');
-- ------- SAMPLE 163 ----------
INSERT INTO GUEST VALUES(1163,'Willian','Wiest','WWiest@gmail.com','1234 DaWrong Lane','Flonkerton','MD','12345','447-497-4701');
INSERT INTO RESERVATION VALUES ('20200826KJ6799979380345',1163,null,'KJ','2020-08-26','2020-08-27',null,'cancelled');
-- ------- SAMPLE 164 ----------
INSERT INTO GUEST VALUES(1164,'Lakenya','Langston','LLangston@gmail.com','1234 DaWrong Lane','Flonkerton','MD','12345','872-252-2387');
INSERT INTO RESERVATION VALUES ('20200319QS7062608919378',1164,207,'QS','2020-03-19','2020-03-22',null,'complete');
-- ------- SAMPLE 165 ----------
INSERT INTO GUEST VALUES(1165,'Anita','Amezcua','AAmezcua@gmail.com','1234 DaWrong Lane','Flonkerton','MD','12345','939-427-1934');
INSERT INTO RESERVATION VALUES ('20210409QS1778208610141',1165,null,'QS','2021-04-09','2021-04-11',null,'active');
INSERT INTO INVOICECHARGE VALUES ('20210409QS1778208610141-ch00001','20210409QS1778208610141','2021-04-09',154.81,'Base room charge');
INSERT INTO INVOICECHARGE VALUES ('20210409QS1778208610141-ch00002','20210409QS1778208610141','2021-04-09',79.75,'Room Service');
INSERT INTO PAYMENT VALUES ('20210409QS1778208610141-p00001','20210409QS1778208610141','2020-05-05','CC',234.55,'Anita Amezcua','5694813713052363',6,2026,958,'Mastercard');
-- ------- SAMPLE 166 ----------
INSERT INTO GUEST VALUES(1166,'Piedad','Proctor','PProctor@hotmail.com','1234 DaWrong Lane','Flonkerton','MD','12345','937-021-8081');
INSERT INTO RESERVATION VALUES ('20200705KS8750735242117',1166,null,'KS','2020-07-05','2020-07-07',null,'active');
-- ------- SAMPLE 167 ----------
INSERT INTO GUEST VALUES(1167,'Collin','Chaparro','CChaparro@hotmail.com','1234 DaWrong Lane','Flonkerton','MD','12345','442-638-7806');
INSERT INTO RESERVATION VALUES ('20200903QS8615430860138',1167,null,'QS','2020-09-03','2020-09-07',null,'active');
INSERT INTO INVOICECHARGE VALUES ('20200903QS8615430860138-ch00001','20200903QS8615430860138','2020-09-03',309.61,'Base room charge');
INSERT INTO INVOICECHARGE VALUES ('20200903QS8615430860138-ch00002','20200903QS8615430860138','2020-09-03',159.5,'Cleaning fee');
INSERT INTO PAYMENT VALUES ('20200903QS8615430860138-p00001','20200903QS8615430860138','2020-05-05','CC',417,'Collin Chaparro','4668539226515168',1,2021,685,'Mastercard');
-- ------- SAMPLE 168 ----------
INSERT INTO GUEST VALUES(1168,'Boyce','Bate','BBate@gmail.com','1234 DaWrong Lane','Flonkerton','MD','12345','067-752-8718');
INSERT INTO RESERVATION VALUES ('20190521QD7218364309235',1168,200,'QD','2019-05-21','2019-05-25',null,'complete');
INSERT INTO INVOICECHARGE VALUES ('20190521QD7218364309235-ch00001','20190521QD7218364309235','2019-05-21',253.31,'Base room charge');
INSERT INTO INVOICECHARGE VALUES ('20190521QD7218364309235-ch00002','20190521QD7218364309235','2019-05-21',130.49,'Cleaning fee');
INSERT INTO PAYMENT VALUES ('20190521QD7218364309235-p00001','20190521QD7218364309235','2020-05-05','CC',383.81,'Boyce Bate','5615935075912432',12,2023,613,'Mastercard');
-- ------- SAMPLE 169 ----------
INSERT INTO GUEST VALUES(1169,'Shawna','Schmit','SSchmit@yahoo.com','1234 DaWrong Lane','Flonkerton','MD','12345','827-544-3373');
INSERT INTO RESERVATION VALUES ('20210125QD3293151599421',1169,null,'QD','2021-01-25','2021-01-30',null,'active');
INSERT INTO INVOICECHARGE VALUES ('20210125QD3293151599421-ch00001','20210125QD3293151599421','2021-01-25',316.64,'Base room charge');
INSERT INTO INVOICECHARGE VALUES ('20210125QD3293151599421-ch00002','20210125QD3293151599421','2021-01-25',163.12,'Cleaning fee');
INSERT INTO PAYMENT VALUES ('20210125QD3293151599421-p00001','20210125QD3293151599421','2020-05-05','CC',479.76,'Shawna Schmit','2647505963103383',2,2022,613,'Mastercard');
-- ------- SAMPLE 170 ----------
INSERT INTO GUEST VALUES(1170,'Missy','Mcclintock','MMcclintock@gmail.com','1234 DaWrong Lane','Flonkerton','MD','12345','336-003-4725');
INSERT INTO RESERVATION VALUES ('20201103QD6227601401602',1170,null,'QD','2020-11-03','2020-11-07',null,'active');
INSERT INTO INVOICECHARGE VALUES ('20201103QD6227601401602-ch00001','20201103QD6227601401602','2020-11-03',383.81,'Base room charge');
INSERT INTO PAYMENT (payment_id,invoice_id,payment_date,payment_type,payment_amount) VALUES ('20201103QD6227601401602-p00001','20201103QD6227601401602','2020-05-05','CA',37);
-- ------- SAMPLE 171 ----------
INSERT INTO GUEST VALUES(1171,'Ginger','Gordillo','GGordillo@hotmail.com','1234 DaWrong Lane','Flonkerton','MD','12345','449-048-7733');
INSERT INTO RESERVATION VALUES ('20201022QD4324008269427',1171,null,'QD','2020-10-22','2020-10-24',null,'active');
INSERT INTO INVOICECHARGE VALUES ('20201022QD4324008269427-ch00001','20201022QD4324008269427','2020-10-22',191.9,'Base room charge');
INSERT INTO PAYMENT VALUES ('20201022QD4324008269427-p00001','20201022QD4324008269427','2020-05-05','CC',191.9,'Ginger Gordillo','7732295454065221',3,2023,385,'Mastercard');
-- ------- SAMPLE 172 ----------
INSERT INTO GUEST VALUES(1172,'Tifany','Temple','TTemple@hotmail.com','1234 DaWrong Lane','Flonkerton','MD','12345','439-999-2045');
INSERT INTO RESERVATION VALUES ('20191126KJ4520285075951',1172,119,'KJ','2019-11-26','2019-12-01',null,'complete');
INSERT INTO INVOICECHARGE VALUES ('20191126KJ4520285075951-ch00001','20191126KJ4520285075951','2019-11-26',457.39,'Base room charge');
INSERT INTO INVOICECHARGE VALUES ('20191126KJ4520285075951-ch00002','20191126KJ4520285075951','2019-11-26',235.62,'Cleaning fee');
INSERT INTO PAYMENT (payment_id,invoice_id,payment_date,payment_type,payment_amount) VALUES ('20191126KJ4520285075951-p00001','20191126KJ4520285075951','2020-05-05','CA',693.01);
-- ------- SAMPLE 173 ----------
INSERT INTO GUEST VALUES(1173,'Kerstin','Khalaf','KKhalaf@yahoo.com','1234 DaWrong Lane','Flonkerton','MD','12345','429-182-8489');
INSERT INTO RESERVATION VALUES ('20200110KJ6926375804254',1173,109,'KJ','2020-01-10','2020-01-12',null,'complete');
INSERT INTO INVOICECHARGE VALUES ('20200110KJ6926375804254-ch00001','20200110KJ6926375804254','2020-01-10',277.2,'Base room charge');
INSERT INTO PAYMENT VALUES ('20200110KJ6926375804254-p00001','20200110KJ6926375804254','2020-05-05','CC',277.2,'Kerstin Khalaf','5833093550191271',9,2025,193,'Mastercard');
-- ------- SAMPLE 174 ----------
INSERT INTO GUEST VALUES(1174,'Julene','Jahn','JJahn@yahoo.com','1234 DaWrong Lane','Flonkerton','MD','12345','905-373-5160');
INSERT INTO RESERVATION VALUES ('20201101KJ9841188523739',1174,null,'KJ','2020-11-01','2020-11-05',null,'active');
INSERT INTO INVOICECHARGE VALUES ('20201101KJ9841188523739-ch00001','20201101KJ9841188523739','2020-11-01',554.41,'Base room charge');
INSERT INTO PAYMENT VALUES ('20201101KJ9841188523739-p00001','20201101KJ9841188523739','2020-05-05','CC',554.41,'Julene Jahn','9522445549074082',1,2025,409,'Mastercard');
-- ------- SAMPLE 175 ----------
INSERT INTO GUEST VALUES(1175,'Julene','Jahn','JJahn@gmail.com','1234 DaWrong Lane','Flonkerton','MD','12345','350-431-1368');
INSERT INTO RESERVATION VALUES ('20210314KS1946017958331',1175,null,'KS','2021-03-14','2021-03-19',null,'active');
-- ------- SAMPLE 176 ----------
INSERT INTO GUEST VALUES(1176,'Danette','Dammann','DDammann@hotmail.com','1234 DaWrong Lane','Flonkerton','MD','12345','407-217-2671');
INSERT INTO RESERVATION VALUES ('20191121QD1458407212910',1176,200,'QD','2019-11-21','2019-11-22',null,'complete');
-- ------- SAMPLE 177 ----------
INSERT INTO GUEST VALUES(1177,'Bessie','Buhler','BBuhler@gmail.com','1234 DaWrong Lane','Flonkerton','MD','12345','242-287-0296');
INSERT INTO RESERVATION VALUES ('20210227QS3516136853394',1177,null,'QS','2021-02-27','2021-03-02',null,'active');
INSERT INTO INVOICECHARGE VALUES ('20210227QS3516136853394-ch00001','20210227QS3516136853394','2021-02-27',351.83,'Base room charge');
INSERT INTO PAYMENT VALUES ('20210227QS3516136853394-p00001','20210227QS3516136853394','2020-05-05','CC',351.83,'Bessie Buhler','2513862795291201',2,2027,969,'Mastercard');
-- ------- SAMPLE 178 ----------
INSERT INTO GUEST VALUES(1178,'Irma','Irby','IIrby@hotmail.com','1234 DaWrong Lane','Flonkerton','MD','12345','447-098-8280');
INSERT INTO RESERVATION VALUES ('20191004QS9273438661474',1178,118,'QS','2019-10-04','2019-10-05',null,'complete');
-- ------- SAMPLE 179 ----------
INSERT INTO GUEST VALUES(1179,'Florentino','Feth','FFeth@hotmail.com','1234 DaWrong Lane','Flonkerton','MD','12345','396-254-2349');
INSERT INTO RESERVATION VALUES ('20200318QS9522642352751',1179,207,'QS','2020-03-18','2020-03-21',null,'complete');
INSERT INTO INVOICECHARGE VALUES ('20200318QS9522642352751-ch00001','20200318QS9522642352751','2020-03-18',232.21,'Base room charge');
INSERT INTO INVOICECHARGE VALUES ('20200318QS9522642352751-ch00002','20200318QS9522642352751','2020-03-18',119.62,'Room Service');
INSERT INTO PAYMENT VALUES ('20200318QS9522642352751-p00001','20200318QS9522642352751','2020-05-05','CC',351.83,'Florentino Feth','9661967511464850',12,2027,198,'Mastercard');
-- ------- SAMPLE 180 ----------
INSERT INTO GUEST VALUES(1180,'Eda','Elmendorf','EElmendorf@gmail.com','1234 DaWrong Lane','Flonkerton','MD','12345','654-863-9762');
INSERT INTO RESERVATION VALUES ('20200424KJ4914100267078',1180,208,'KJ','2020-04-24','2020-04-28',null,'complete');
-- ------- SAMPLE 181 ----------
INSERT INTO GUEST VALUES(1181,'Abdul','Ashe','AAshe@gmail.com','1234 DaWrong Lane','Flonkerton','MD','12345','454-747-4177');
INSERT INTO RESERVATION VALUES ('20200501KI7085709240303',1181,204,'KI','2020-05-01','2020-05-05',null,'complete');
INSERT INTO INVOICECHARGE VALUES ('20200501KI7085709240303-ch00001','20200501KI7085709240303','2020-05-01',341.16,'Base room charge');
INSERT INTO PAYMENT VALUES ('20200501KI7085709240303-p00001','20200501KI7085709240303','2020-05-05','CC',341.16,'Abdul Ashe','3126322089906945',11,2023,279,'Mastercard');
-- ------- SAMPLE 182 ----------
INSERT INTO GUEST VALUES(1182,'Lakenya','Langston','LLangston@hotmail.com','1234 DaWrong Lane','Flonkerton','MD','12345','382-594-7526');
INSERT INTO RESERVATION VALUES ('20201013KI9751776158002',1182,null,'KI','2020-10-13','2020-10-18',null,'active');
-- ------- SAMPLE 183 ----------
INSERT INTO GUEST VALUES(1183,'Selene','Staiger','SStaiger@hotmail.com','1234 DaWrong Lane','Flonkerton','MD','12345','206-411-9979');
INSERT INTO RESERVATION VALUES ('20190828KJ1938364839172',1183,203,'KJ','2019-08-28','2019-09-01',null,'complete');
INSERT INTO INVOICECHARGE VALUES ('20190828KJ1938364839172-ch00001','20190828KJ1938364839172','2019-08-28',365.91,'Base room charge');
INSERT INTO INVOICECHARGE VALUES ('20190828KJ1938364839172-ch00002','20190828KJ1938364839172','2019-08-28',188.5,'Room Service');
INSERT INTO PAYMENT VALUES ('20190828KJ1938364839172-p00001','20190828KJ1938364839172','2020-05-05','CC',554.41,'Selene Staiger','3297693145125309',9,2023,556,'Mastercard');
-- ------- SAMPLE 184 ----------
INSERT INTO GUEST VALUES(1184,'Leonore','Losh','LLosh@gmail.com','1234 DaWrong Lane','Flonkerton','MD','12345','727-697-1493');
INSERT INTO RESERVATION VALUES ('20191201KS3309552030764',1184,206,'KS','2019-12-01','2019-12-02',null,'complete');
-- ------- SAMPLE 185 ----------
INSERT INTO GUEST VALUES(1185,'Rickie','Redfern','RRedfern@gmail.com','1234 DaWrong Lane','Flonkerton','MD','12345','506-010-7258');
INSERT INTO RESERVATION VALUES ('20200314QD1870104240792',1185,200,'QD','2020-03-14','2020-03-18',null,'complete');
INSERT INTO INVOICECHARGE VALUES ('20200314QD1870104240792-ch00001','20200314QD1870104240792','2020-03-14',253.31,'Base room charge');
INSERT INTO INVOICECHARGE VALUES ('20200314QD1870104240792-ch00002','20200314QD1870104240792','2020-03-14',130.49,'Room Service');
INSERT INTO PAYMENT (payment_id,invoice_id,payment_date,payment_type,payment_amount) VALUES ('20200314QD1870104240792-p00001','20200314QD1870104240792','2020-05-05','CA',383.81);
-- ------- SAMPLE 186 ----------
INSERT INTO GUEST VALUES(1186,'Gwyneth','Gamber','GGamber@hotmail.com','1234 DaWrong Lane','Flonkerton','MD','12345','014-071-4734');
INSERT INTO RESERVATION VALUES ('20200311KS1684885566069',1186,201,'KS','2020-03-11','2020-03-12',null,'complete');
INSERT INTO INVOICECHARGE VALUES ('20200311KS1684885566069-ch00001','20200311KS1684885566069','2020-03-11',106.61,'Base room charge');
INSERT INTO PAYMENT VALUES ('20200311KS1684885566069-p00001','20200311KS1684885566069','2020-05-05','CC',58,'Gwyneth Gamber','3329719535432319',4,2021,436,'Mastercard');
-- ------- SAMPLE 187 ----------
INSERT INTO GUEST VALUES(1187,'Rosemarie','Roeser','RRoeser@yahoo.com','1234 DaWrong Lane','Flonkerton','MD','12345','629-767-1465');
INSERT INTO RESERVATION VALUES ('20190716KS5954342512900',1187,112,'KS','2019-07-16','2019-07-18',null,'complete');
INSERT INTO INVOICECHARGE VALUES ('20190716KS5954342512900-ch00001','20190716KS5954342512900','2019-07-16',213.23,'Base room charge');
INSERT INTO PAYMENT (payment_id,invoice_id,payment_date,payment_type,payment_amount) VALUES ('20190716KS5954342512900-p00001','20190716KS5954342512900','2020-05-05','CA',85);
-- ------- SAMPLE 188 ----------
INSERT INTO GUEST VALUES(1188,'Kandra','Kelty','KKelty@hotmail.com','1234 DaWrong Lane','Flonkerton','MD','12345','130-191-9766');
INSERT INTO RESERVATION VALUES ('20200717QD1881871859448',1188,null,'QD','2020-07-17','2020-07-20',null,'active');
INSERT INTO INVOICECHARGE VALUES ('20200717QD1881871859448-ch00001','20200717QD1881871859448','2020-07-17',189.98,'Base room charge');
INSERT INTO INVOICECHARGE VALUES ('20200717QD1881871859448-ch00002','20200717QD1881871859448','2020-07-17',97.87,'Cleaning fee');
INSERT INTO PAYMENT (payment_id,invoice_id,payment_date,payment_type,payment_amount) VALUES ('20200717QD1881871859448-p00001','20200717QD1881871859448','2020-05-05','CA',287.86);
-- ------- SAMPLE 189 ----------
INSERT INTO GUEST VALUES(1189,'Boyce','Bate','BBate@gmail.com','1234 DaWrong Lane','Flonkerton','MD','12345','466-468-1050');
INSERT INTO RESERVATION VALUES ('20190712KI3326695030315',1189,105,'KI','2019-07-12','2019-07-17',null,'complete');
-- ------- SAMPLE 190 ----------
INSERT INTO GUEST VALUES(1190,'Bessie','Buhler','BBuhler@yahoo.com','1234 DaWrong Lane','Flonkerton','MD','12345','308-625-6319');
INSERT INTO RESERVATION VALUES ('20200329KI2201971175751',1190,120,'KI','2020-03-29','2020-04-01',null,'complete');
-- ------- SAMPLE 191 ----------
INSERT INTO GUEST VALUES(1191,'Delsie','Delong','DDelong@yahoo.com','1234 DaWrong Lane','Flonkerton','MD','12345','645-732-9517');
INSERT INTO RESERVATION VALUES ('20191105KS5567412473571',1191,107,'KS','2019-11-05','2019-11-10',null,'complete');
INSERT INTO INVOICECHARGE VALUES ('20191105KS5567412473571-ch00001','20191105KS5567412473571','2019-11-05',533.07,'Base room charge');
INSERT INTO PAYMENT VALUES ('20191105KS5567412473571-p00001','20191105KS5567412473571','2020-05-05','CC',533.07,'Delsie Delong','3068063677413868',3,2024,922,'Mastercard');
-- ------- SAMPLE 192 ----------
INSERT INTO GUEST VALUES(1192,'Julene','Jahn','JJahn@yahoo.com','1234 DaWrong Lane','Flonkerton','MD','12345','164-290-8228');
INSERT INTO RESERVATION VALUES ('20201008KS2922883471906',1192,null,'KS','2020-10-08','2020-10-12',null,'active');
INSERT INTO INVOICECHARGE VALUES ('20201008KS2922883471906-ch00001','20201008KS2922883471906','2020-10-08',281.46,'Base room charge');
INSERT INTO INVOICECHARGE VALUES ('20201008KS2922883471906-ch00002','20201008KS2922883471906','2020-10-08',145,'Room Service');
INSERT INTO PAYMENT VALUES ('20201008KS2922883471906-p00001','20201008KS2922883471906','2020-05-05','CC',143,'Julene Jahn','5870270451191193',2,2026,701,'Mastercard');
-- ------- SAMPLE 193 ----------
INSERT INTO GUEST VALUES(1193,'Fiona','Figgs','FFiggs@yahoo.com','1234 DaWrong Lane','Flonkerton','MD','12345','863-243-7480');
INSERT INTO RESERVATION VALUES ('20200217QD2244710992063',1193,101,'QD','2020-02-17','2020-02-20',null,'complete');
INSERT INTO INVOICECHARGE VALUES ('20200217QD2244710992063-ch00001','20200217QD2244710992063','2020-02-17',287.86,'Base room charge');
INSERT INTO PAYMENT VALUES ('20200217QD2244710992063-p00001','20200217QD2244710992063','2020-05-05','CC',71,'Fiona Figgs','4025704854608872',2,2024,14,'Mastercard');
-- ------- SAMPLE 194 ----------
INSERT INTO GUEST VALUES(1194,'Floy','Feinstein','FFeinstein@yahoo.com','1234 DaWrong Lane','Flonkerton','MD','12345','344-784-0473');
INSERT INTO RESERVATION VALUES ('20190527KI4621108427299',1194,115,'KI','2019-05-27','2019-06-01',null,'complete');
INSERT INTO INVOICECHARGE VALUES ('20190527KI4621108427299-ch00001','20190527KI4621108427299','2019-05-27',281.45,'Base room charge');
INSERT INTO INVOICECHARGE VALUES ('20190527KI4621108427299-ch00002','20190527KI4621108427299','2019-05-27',144.99,'Cleaning fee');
INSERT INTO PAYMENT VALUES ('20190527KI4621108427299-p00001','20190527KI4621108427299','2020-05-05','CC',35,'Floy Feinstein','4521528488620272',1,2027,63,'Mastercard');
-- ------- SAMPLE 195 ----------
INSERT INTO GUEST VALUES(1195,'Natalya','Neathery','NNeathery@yahoo.com','1234 DaWrong Lane','Flonkerton','MD','12345','688-105-0829');
INSERT INTO RESERVATION VALUES ('20200109QS6239550544798',1195,202,'QS','2020-01-09','2020-01-14',null,'complete');
INSERT INTO INVOICECHARGE VALUES ('20200109QS6239550544798-ch00001','20200109QS6239550544798','2020-01-09',586.38,'Base room charge');
INSERT INTO PAYMENT VALUES ('20200109QS6239550544798-p00001','20200109QS6239550544798','2020-05-05','CC',144,'Natalya Neathery','8161752876210716',4,2027,188,'Mastercard');
-- ------- SAMPLE 196 ----------
INSERT INTO GUEST VALUES(1196,'Tifany','Temple','TTemple@gmail.com','1234 DaWrong Lane','Flonkerton','MD','12345','223-763-3085');
INSERT INTO RESERVATION VALUES ('20210408QD7104023710083',1196,null,'QD','2021-04-08','2021-04-10',null,'active');
-- ------- SAMPLE 197 ----------
INSERT INTO GUEST VALUES(1197,'Clara','Crimmins','CCrimmins@yahoo.com','1234 DaWrong Lane','Flonkerton','MD','12345','885-759-8281');
INSERT INTO RESERVATION VALUES ('20190703KS7983943115666',1197,201,'KS','2019-07-03','2019-07-05',null,'complete');
INSERT INTO INVOICECHARGE VALUES ('20190703KS7983943115666-ch00001','20190703KS7983943115666','2019-07-03',140.73,'Base room charge');
INSERT INTO INVOICECHARGE VALUES ('20190703KS7983943115666-ch00002','20190703KS7983943115666','2019-07-03',72.5,'Cleaning fee');
INSERT INTO PAYMENT VALUES ('20190703KS7983943115666-p00001','20190703KS7983943115666','2020-05-05','CC',213.23,'Clara Crimmins','1974413589975743',7,2025,130,'Mastercard');
-- ------- SAMPLE 198 ----------
INSERT INTO GUEST VALUES(1198,'Leonore','Losh','LLosh@yahoo.com','1234 DaWrong Lane','Flonkerton','MD','12345','895-453-8648');
INSERT INTO RESERVATION VALUES ('20200921KI8143610529916',1198,null,'KI','2020-09-21','2020-09-22',null,'active');
INSERT INTO INVOICECHARGE VALUES ('20200921KI8143610529916-ch00001','20200921KI8143610529916','2020-09-21',56.29,'Base room charge');
INSERT INTO INVOICECHARGE VALUES ('20200921KI8143610529916-ch00002','20200921KI8143610529916','2020-09-21',29,'Cleaning fee');
INSERT INTO PAYMENT VALUES ('20200921KI8143610529916-p00001','20200921KI8143610529916','2020-05-05','CC',85.29,'Leonore Losh','1943332522297766',7,2024,720,'Mastercard');
-- ------- SAMPLE 199 ----------
INSERT INTO GUEST VALUES(1199,'Shonda','Schult','SSchult@gmail.com','1234 DaWrong Lane','Flonkerton','MD','12345','121-647-4705');
INSERT INTO RESERVATION VALUES ('20191227QD7963715218735',1199,200,'QD','2019-12-27','2019-12-29',null,'complete');
INSERT INTO INVOICECHARGE VALUES ('20191227QD7963715218735-ch00001','20191227QD7963715218735','2019-12-27',126.66,'Base room charge');
INSERT INTO INVOICECHARGE VALUES ('20191227QD7963715218735-ch00002','20191227QD7963715218735','2019-12-27',65.25,'Cleaning fee');
INSERT INTO PAYMENT VALUES ('20191227QD7963715218735-p00001','20191227QD7963715218735','2020-05-05','CC',65,'Shonda Schult','2720654356558218',2,2022,410,'Mastercard');
-- ------- SAMPLE 200 ----------
INSERT INTO GUEST VALUES(1200,'Rosemarie','Roeser','RRoeser@gmail.com','1234 DaWrong Lane','Flonkerton','MD','12345','340-818-9279');
INSERT INTO RESERVATION VALUES ('20200428KJ9710010936632',1200,119,'KJ','2020-04-28','2020-05-01',null,'complete');
INSERT INTO INVOICECHARGE VALUES ('20200428KJ9710010936632-ch00001','20200428KJ9710010936632','2020-04-28',415.81,'Base room charge');
INSERT INTO PAYMENT VALUES ('20200428KJ9710010936632-p00001','20200428KJ9710010936632','2020-05-05','CC',415.81,'Rosemarie Roeser','9822140251548545',3,2027,968,'Mastercard');
-- ------- SAMPLE 201 ----------
INSERT INTO GUEST VALUES(1201,'Tanner','Tomasello','TTomasello@gmail.com','1234 DaWrong Lane','Flonkerton','MD','12345','709-367-7940');
INSERT INTO RESERVATION VALUES ('20210224QS4435426824656',1201,null,'QS','2021-02-24','2021-02-26',null,'active');
INSERT INTO INVOICECHARGE VALUES ('20210224QS4435426824656-ch00001','20210224QS4435426824656','2021-02-24',154.81,'Base room charge');
INSERT INTO INVOICECHARGE VALUES ('20210224QS4435426824656-ch00002','20210224QS4435426824656','2021-02-24',79.75,'Cleaning fee');
INSERT INTO PAYMENT (payment_id,invoice_id,payment_date,payment_type,payment_amount) VALUES ('20210224QS4435426824656-p00001','20210224QS4435426824656','2020-05-05','CA',234.55);
-- ------- SAMPLE 202 ----------
INSERT INTO GUEST VALUES(1202,'Liliana','Lueck','LLueck@yahoo.com','1234 DaWrong Lane','Flonkerton','MD','12345','618-537-3757');
INSERT INTO RESERVATION VALUES ('20191101KJ5042733399202',1202,109,'KJ','2019-11-01','2019-11-02',null,'complete');
INSERT INTO INVOICECHARGE VALUES ('20191101KJ5042733399202-ch00001','20191101KJ5042733399202','2019-11-01',91.48,'Base room charge');
INSERT INTO INVOICECHARGE VALUES ('20191101KJ5042733399202-ch00002','20191101KJ5042733399202','2019-11-01',47.12,'Cleaning fee');
INSERT INTO PAYMENT (payment_id,invoice_id,payment_date,payment_type,payment_amount) VALUES ('20191101KJ5042733399202-p00001','20191101KJ5042733399202','2020-05-05','CA',138.6);
-- ------- SAMPLE 203 ----------
INSERT INTO GUEST VALUES(1203,'Katerine','Kawakami','KKawakami@gmail.com','1234 DaWrong Lane','Flonkerton','MD','12345','665-774-9854');
INSERT INTO RESERVATION VALUES ('20201124QS5651462746505',1203,null,'QS','2020-11-24','2020-11-28',null,'active');
INSERT INTO INVOICECHARGE VALUES ('20201124QS5651462746505-ch00001','20201124QS5651462746505','2020-11-24',309.61,'Base room charge');
INSERT INTO INVOICECHARGE VALUES ('20201124QS5651462746505-ch00002','20201124QS5651462746505','2020-11-24',159.5,'Cleaning fee');
INSERT INTO PAYMENT VALUES ('20201124QS5651462746505-p00001','20201124QS5651462746505','2020-05-05','CC',469.11,'Katerine Kawakami','1166070321557114',9,2027,634,'Mastercard');
-- ------- SAMPLE 204 ----------
INSERT INTO GUEST VALUES(1204,'Gwyneth','Gamber','GGamber@gmail.com','1234 DaWrong Lane','Flonkerton','MD','12345','127-272-6058');
INSERT INTO RESERVATION VALUES ('20190722KS8807335909116',1204,102,'KS','2019-07-22','2019-07-26',null,'complete');
INSERT INTO INVOICECHARGE VALUES ('20190722KS8807335909116-ch00001','20190722KS8807335909116','2019-07-22',281.46,'Base room charge');
INSERT INTO INVOICECHARGE VALUES ('20190722KS8807335909116-ch00002','20190722KS8807335909116','2019-07-22',145,'Cleaning fee');
INSERT INTO PAYMENT VALUES ('20190722KS8807335909116-p00001','20190722KS8807335909116','2020-05-05','CC',426.46,'Gwyneth Gamber','6342865233325084',2,2023,495,'Mastercard');
-- ------- SAMPLE 205 ----------
INSERT INTO GUEST VALUES(1205,'Shaneka','Stribling','SStribling@gmail.com','1234 DaWrong Lane','Flonkerton','MD','12345','914-718-3872');
INSERT INTO RESERVATION VALUES ('20200213QD6403039080820',1205,205,'QD','2020-02-13','2020-02-18',null,'complete');
INSERT INTO INVOICECHARGE VALUES ('20200213QD6403039080820-ch00001','20200213QD6403039080820','2020-02-13',316.64,'Base room charge');
INSERT INTO INVOICECHARGE VALUES ('20200213QD6403039080820-ch00002','20200213QD6403039080820','2020-02-13',163.12,'Cleaning fee');
INSERT INTO PAYMENT VALUES ('20200213QD6403039080820-p00001','20200213QD6403039080820','2020-05-05','CC',479.76,'Shaneka Stribling','5560106715378888',10,2023,974,'Mastercard');
-- ------- SAMPLE 206 ----------
INSERT INTO GUEST VALUES(1206,'Dewey','Dye','DDye@gmail.com','1234 DaWrong Lane','Flonkerton','MD','12345','604-427-7317');
INSERT INTO RESERVATION VALUES ('20191028QD1452080027527',1206,106,'QD','2019-10-28','2019-10-30',null,'complete');
INSERT INTO INVOICECHARGE VALUES ('20191028QD1452080027527-ch00001','20191028QD1452080027527','2019-10-28',126.66,'Base room charge');
INSERT INTO INVOICECHARGE VALUES ('20191028QD1452080027527-ch00002','20191028QD1452080027527','2019-10-28',65.25,'Cleaning fee');
INSERT INTO PAYMENT (payment_id,invoice_id,payment_date,payment_type,payment_amount) VALUES ('20191028QD1452080027527-p00001','20191028QD1452080027527','2020-05-05','CA',71);
-- ------- SAMPLE 207 ----------
INSERT INTO GUEST VALUES(1207,'Deangelo','Deloera','DDeloera@gmail.com','1234 DaWrong Lane','Flonkerton','MD','12345','612-560-6123');
INSERT INTO RESERVATION VALUES ('20191221QS4400300374895',1207,202,'QS','2019-12-21','2019-12-24',null,'complete');
INSERT INTO INVOICECHARGE VALUES ('20191221QS4400300374895-ch00001','20191221QS4400300374895','2019-12-21',232.21,'Base room charge');
INSERT INTO INVOICECHARGE VALUES ('20191221QS4400300374895-ch00002','20191221QS4400300374895','2019-12-21',119.62,'Room Service');
INSERT INTO PAYMENT VALUES ('20191221QS4400300374895-p00001','20191221QS4400300374895','2020-05-05','CC',351.83,'Deangelo Deloera','4594376561154324',1,2021,876,'Mastercard');
-- ------- SAMPLE 208 ----------
INSERT INTO GUEST VALUES(1208,'Kenisha','Kane','KKane@yahoo.com','1234 DaWrong Lane','Flonkerton','MD','12345','987-597-9707');
INSERT INTO RESERVATION VALUES ('20200502KS4750931138963',1208,206,'KS','2020-05-02','2020-05-04',null,'complete');
-- ------- SAMPLE 209 ----------
INSERT INTO GUEST VALUES(1209,'Boris','Berner','BBerner@hotmail.com','1234 DaWrong Lane','Flonkerton','MD','12345','647-482-0308');
INSERT INTO RESERVATION VALUES ('20210420QD8333641004343',1209,null,'QD','2021-04-20','2021-04-24',null,'active');
INSERT INTO INVOICECHARGE VALUES ('20210420QD8333641004343-ch00001','20210420QD8333641004343','2021-04-20',253.31,'Base room charge');
INSERT INTO INVOICECHARGE VALUES ('20210420QD8333641004343-ch00002','20210420QD8333641004343','2021-04-20',130.49,'Cleaning fee');
INSERT INTO PAYMENT VALUES ('20210420QD8333641004343-p00001','20210420QD8333641004343','2020-05-05','CC',383.81,'Boris Berner','1950084033902614',4,2021,229,'Mastercard');
-- ------- SAMPLE 210 ----------
INSERT INTO GUEST VALUES(1210,'Lillia','Linen','LLinen@yahoo.com','1234 DaWrong Lane','Flonkerton','MD','12345','983-756-4399');
INSERT INTO RESERVATION VALUES ('20190831KS6837154814832',1210,206,'KS','2019-08-31','2019-09-04',null,'complete');
INSERT INTO INVOICECHARGE VALUES ('20190831KS6837154814832-ch00001','20190831KS6837154814832','2019-08-31',426.46,'Base room charge');
INSERT INTO PAYMENT (payment_id,invoice_id,payment_date,payment_type,payment_amount) VALUES ('20190831KS6837154814832-p00001','20190831KS6837154814832','2020-05-05','CA',426.46);
-- ------- SAMPLE 211 ----------
INSERT INTO GUEST VALUES(1211,'Audrey','Aikens','AAikens@gmail.com','1234 DaWrong Lane','Flonkerton','MD','12345','980-476-7358');
INSERT INTO RESERVATION VALUES ('20200112KS4342609300909',1211,201,'KS','2020-01-12','2020-01-15',null,'complete');
INSERT INTO INVOICECHARGE VALUES ('20200112KS4342609300909-ch00001','20200112KS4342609300909','2020-01-12',319.84,'Base room charge');
INSERT INTO PAYMENT (payment_id,invoice_id,payment_date,payment_type,payment_amount) VALUES ('20200112KS4342609300909-p00001','20200112KS4342609300909','2020-05-05','CA',319.84);
-- ------- SAMPLE 212 ----------
INSERT INTO GUEST VALUES(1212,'Leighann','Leith','LLeith@yahoo.com','1234 DaWrong Lane','Flonkerton','MD','12345','864-257-8753');
INSERT INTO RESERVATION VALUES ('20201026QS5933602532989',1212,null,'QS','2020-10-26','2020-10-31',null,'cancelled');
-- ------- SAMPLE 213 ----------
INSERT INTO GUEST VALUES(1213,'Deangelo','Deloera','DDeloera@gmail.com','1234 DaWrong Lane','Flonkerton','MD','12345','119-005-9509');
INSERT INTO RESERVATION VALUES ('20191123KJ6223085621385',1213,203,'KJ','2019-11-23','2019-11-24',null,'cancelled');
INSERT INTO INVOICECHARGE VALUES ('20191123KJ6223085621385-ch00001','20191123KJ6223085621385','2019-11-23',91.48,'Base room charge');
INSERT INTO INVOICECHARGE VALUES ('20191123KJ6223085621385-ch00002','20191123KJ6223085621385','2019-11-23',47.12,'Room Service');
INSERT INTO PAYMENT (payment_id,invoice_id,payment_date,payment_type,payment_amount) VALUES ('20191123KJ6223085621385-p00001','20191123KJ6223085621385','2020-05-05','CA',1);
-- ------- SAMPLE 214 ----------
INSERT INTO GUEST VALUES(1214,'Rickie','Redfern','RRedfern@hotmail.com','1234 DaWrong Lane','Flonkerton','MD','12345','454-125-0442');
INSERT INTO RESERVATION VALUES ('20210409KS7943454602973',1214,null,'KS','2021-04-09','2021-04-10',null,'cancelled');
INSERT INTO INVOICECHARGE VALUES ('20210409KS7943454602973-ch00001','20210409KS7943454602973','2021-04-09',70.37,'Base room charge');
INSERT INTO INVOICECHARGE VALUES ('20210409KS7943454602973-ch00002','20210409KS7943454602973','2021-04-09',36.25,'Room Service');
INSERT INTO PAYMENT (payment_id,invoice_id,payment_date,payment_type,payment_amount) VALUES ('20210409KS7943454602973-p00001','20210409KS7943454602973','2020-05-05','CA',92);
-- ------- SAMPLE 215 ----------
INSERT INTO GUEST VALUES(1215,'James','Janey','JJaney@gmail.com','1234 DaWrong Lane','Flonkerton','MD','12345','212-954-5615');
INSERT INTO RESERVATION VALUES ('20190815KI7705291682688',1215,209,'KI','2019-08-15','2019-08-17',null,'complete');
INSERT INTO INVOICECHARGE VALUES ('20190815KI7705291682688-ch00001','20190815KI7705291682688','2019-08-15',112.58,'Base room charge');
INSERT INTO INVOICECHARGE VALUES ('20190815KI7705291682688-ch00002','20190815KI7705291682688','2019-08-15',58,'Room Service');
INSERT INTO PAYMENT VALUES ('20190815KI7705291682688-p00001','20190815KI7705291682688','2020-05-05','CC',170.58,'James Janey','1424789026803076',8,2025,705,'Mastercard');
-- ------- SAMPLE 216 ----------
INSERT INTO GUEST VALUES(1216,'Walter','Wellington','WWellington@gmail.com','1234 DaWrong Lane','Flonkerton','MD','12345','915-173-8267');
INSERT INTO RESERVATION VALUES ('20200426KJ9426246821926',1216,104,'KJ','2020-04-26','2020-05-01',null,'complete');
INSERT INTO INVOICECHARGE VALUES ('20200426KJ9426246821926-ch00001','20200426KJ9426246821926','2020-04-26',457.39,'Base room charge');
INSERT INTO INVOICECHARGE VALUES ('20200426KJ9426246821926-ch00002','20200426KJ9426246821926','2020-04-26',235.62,'Cleaning fee');
INSERT INTO PAYMENT VALUES ('20200426KJ9426246821926-p00001','20200426KJ9426246821926','2020-05-05','CC',423,'Walter Wellington','7255218891039539',4,2025,851,'Mastercard');
-- ------- SAMPLE 217 ----------
INSERT INTO GUEST VALUES(1217,'Bessie','Buhler','BBuhler@gmail.com','1234 DaWrong Lane','Flonkerton','MD','12345','403-032-5099');
INSERT INTO RESERVATION VALUES ('20190809KS5289848612779',1217,107,'KS','2019-08-09','2019-08-10',null,'complete');
INSERT INTO INVOICECHARGE VALUES ('20190809KS5289848612779-ch00001','20190809KS5289848612779','2019-08-09',106.61,'Base room charge');
INSERT INTO PAYMENT (payment_id,invoice_id,payment_date,payment_type,payment_amount) VALUES ('20190809KS5289848612779-p00001','20190809KS5289848612779','2020-05-05','CA',72);
-- ------- SAMPLE 218 ----------
INSERT INTO GUEST VALUES(1218,'Shandi','Scharf','SScharf@gmail.com','1234 DaWrong Lane','Flonkerton','MD','12345','900-863-2355');
INSERT INTO RESERVATION VALUES ('20190726KI4176869216061',1218,204,'KI','2019-07-26','2019-07-28',null,'cancelled');
INSERT INTO INVOICECHARGE VALUES ('20190726KI4176869216061-ch00001','20190726KI4176869216061','2019-07-26',112.58,'Base room charge');
INSERT INTO INVOICECHARGE VALUES ('20190726KI4176869216061-ch00002','20190726KI4176869216061','2019-07-26',58,'Room Service');
INSERT INTO PAYMENT VALUES ('20190726KI4176869216061-p00001','20190726KI4176869216061','2020-05-05','CC',170.58,'Shandi Scharf','6462819128525261',4,2024,661,'Mastercard');
-- ------- SAMPLE 219 ----------
INSERT INTO GUEST VALUES(1219,'Asa','Allan','AAllan@gmail.com','1234 DaWrong Lane','Flonkerton','MD','12345','109-565-9459');
INSERT INTO RESERVATION VALUES ('20200331QS9995164487247',1219,108,'QS','2020-03-31','2020-04-05',null,'complete');
-- ------- SAMPLE 220 ----------
INSERT INTO GUEST VALUES(1220,'Romaine','Reck','RReck@yahoo.com','1234 DaWrong Lane','Flonkerton','MD','12345','030-506-7688');
INSERT INTO RESERVATION VALUES ('20190708QD2676181540265',1220,106,'QD','2019-07-08','2019-07-09',null,'complete');
INSERT INTO INVOICECHARGE VALUES ('20190708QD2676181540265-ch00001','20190708QD2676181540265','2019-07-08',63.33,'Base room charge');
INSERT INTO INVOICECHARGE VALUES ('20190708QD2676181540265-ch00002','20190708QD2676181540265','2019-07-08',32.62,'Room Service');
INSERT INTO PAYMENT (payment_id,invoice_id,payment_date,payment_type,payment_amount) VALUES ('20190708QD2676181540265-p00001','20190708QD2676181540265','2020-05-05','CA',95.95);
-- ------- SAMPLE 221 ----------
INSERT INTO GUEST VALUES(1221,'Cherry','Chiarello','CChiarello@gmail.com','1234 DaWrong Lane','Flonkerton','MD','12345','358-898-1995');
INSERT INTO RESERVATION VALUES ('20200913KI2410188789120',1221,null,'KI','2020-09-13','2020-09-14',null,'cancelled');
INSERT INTO INVOICECHARGE VALUES ('20200913KI2410188789120-ch00001','20200913KI2410188789120','2020-09-13',56.29,'Base room charge');
INSERT INTO INVOICECHARGE VALUES ('20200913KI2410188789120-ch00002','20200913KI2410188789120','2020-09-13',29,'Room Service');
INSERT INTO PAYMENT VALUES ('20200913KI2410188789120-p00001','20200913KI2410188789120','2020-05-05','CC',85.29,'Cherry Chiarello','2790916233895043',6,2021,504,'Mastercard');
-- ------- SAMPLE 222 ----------
INSERT INTO GUEST VALUES(1222,'Nena','Nunez','NNunez@yahoo.com','1234 DaWrong Lane','Flonkerton','MD','12345','330-153-9002');
INSERT INTO RESERVATION VALUES ('20190701KJ3782599042052',1222,203,'KJ','2019-07-01','2019-07-05',null,'complete');
-- ------- SAMPLE 223 ----------
INSERT INTO GUEST VALUES(1223,'Leonore','Losh','LLosh@hotmail.com','1234 DaWrong Lane','Flonkerton','MD','12345','699-851-1105');
INSERT INTO RESERVATION VALUES ('20201216QS5706652480542',1223,null,'QS','2020-12-16','2020-12-17',null,'active');
-- ------- SAMPLE 224 ----------
INSERT INTO GUEST VALUES(1224,'Adrianna','Aungst','AAungst@hotmail.com','1234 DaWrong Lane','Flonkerton','MD','12345','723-776-4277');
INSERT INTO RESERVATION VALUES ('20190910KI3580173598067',1224,105,'KI','2019-09-10','2019-09-14',null,'complete');
INSERT INTO INVOICECHARGE VALUES ('20190910KI3580173598067-ch00001','20190910KI3580173598067','2019-09-10',225.16,'Base room charge');
INSERT INTO INVOICECHARGE VALUES ('20190910KI3580173598067-ch00002','20190910KI3580173598067','2019-09-10',115.99,'Room Service');
INSERT INTO PAYMENT VALUES ('20190910KI3580173598067-p00001','20190910KI3580173598067','2020-05-05','CC',227,'Adrianna Aungst','1170825380784747',3,2027,841,'Mastercard');
-- ------- SAMPLE 225 ----------
INSERT INTO GUEST VALUES(1225,'Clara','Crimmins','CCrimmins@yahoo.com','1234 DaWrong Lane','Flonkerton','MD','12345','579-044-2269');
INSERT INTO RESERVATION VALUES ('20190809KI1752832839642',1225,120,'KI','2019-08-09','2019-08-12',null,'complete');
-- ------- SAMPLE 226 ----------
INSERT INTO GUEST VALUES(1226,'Kandra','Kelty','KKelty@yahoo.com','1234 DaWrong Lane','Flonkerton','MD','12345','628-261-3405');
INSERT INTO RESERVATION VALUES ('20210426KJ9345872785152',1226,null,'KJ','2021-04-26','2021-04-30',null,'active');
INSERT INTO INVOICECHARGE VALUES ('20210426KJ9345872785152-ch00001','20210426KJ9345872785152','2021-04-26',554.41,'Base room charge');
INSERT INTO PAYMENT VALUES ('20210426KJ9345872785152-p00001','20210426KJ9345872785152','2020-05-05','CC',554.41,'Kandra Kelty','6756591313220639',10,2025,548,'Mastercard');
-- ------- SAMPLE 227 ----------
INSERT INTO GUEST VALUES(1227,'Sherryl','Shurtleff','SShurtleff@yahoo.com','1234 DaWrong Lane','Flonkerton','MD','12345','808-957-6832');
INSERT INTO RESERVATION VALUES ('20200917QD4882612117352',1227,null,'QD','2020-09-17','2020-09-19',null,'active');
INSERT INTO INVOICECHARGE VALUES ('20200917QD4882612117352-ch00001','20200917QD4882612117352','2020-09-17',126.66,'Base room charge');
INSERT INTO INVOICECHARGE VALUES ('20200917QD4882612117352-ch00002','20200917QD4882612117352','2020-09-17',65.25,'Cleaning fee');
INSERT INTO PAYMENT VALUES ('20200917QD4882612117352-p00001','20200917QD4882612117352','2020-05-05','CC',191.9,'Sherryl Shurtleff','4796627815493635',2,2026,688,'Mastercard');
-- ------- SAMPLE 228 ----------
INSERT INTO GUEST VALUES(1228,'Audrey','Aikens','AAikens@yahoo.com','1234 DaWrong Lane','Flonkerton','MD','12345','916-432-9393');
INSERT INTO RESERVATION VALUES ('20200706KS2461315612189',1228,null,'KS','2020-07-06','2020-07-07',null,'active');
INSERT INTO INVOICECHARGE VALUES ('20200706KS2461315612189-ch00001','20200706KS2461315612189','2020-07-06',106.61,'Base room charge');
INSERT INTO PAYMENT VALUES ('20200706KS2461315612189-p00001','20200706KS2461315612189','2020-05-05','CC',74,'Audrey Aikens','9103146376904740',11,2025,130,'Mastercard');
-- ------- SAMPLE 229 ----------
INSERT INTO GUEST VALUES(1229,'Selene','Staiger','SStaiger@yahoo.com','1234 DaWrong Lane','Flonkerton','MD','12345','837-295-9590');
INSERT INTO RESERVATION VALUES ('20210329QS9034783428608',1229,null,'QS','2021-03-29','2021-04-02',null,'active');
-- ------- SAMPLE 230 ----------
INSERT INTO GUEST VALUES(1230,'Eda','Elmendorf','EElmendorf@gmail.com','1234 DaWrong Lane','Flonkerton','MD','12345','339-770-0762');
INSERT INTO RESERVATION VALUES ('20200206KS6484672494516',1230,117,'KS','2020-02-06','2020-02-11',null,'complete');
INSERT INTO INVOICECHARGE VALUES ('20200206KS6484672494516-ch00001','20200206KS6484672494516','2020-02-06',533.07,'Base room charge');
INSERT INTO PAYMENT VALUES ('20200206KS6484672494516-p00001','20200206KS6484672494516','2020-05-05','CC',276,'Eda Elmendorf','3614225277211066',6,2027,939,'Mastercard');
-- ------- SAMPLE 231 ----------
INSERT INTO GUEST VALUES(1231,'Walter','Wellington','WWellington@yahoo.com','1234 DaWrong Lane','Flonkerton','MD','12345','678-133-5477');
INSERT INTO RESERVATION VALUES ('20190706QS4184012632903',1231,103,'QS','2019-07-06','2019-07-10',null,'complete');
INSERT INTO INVOICECHARGE VALUES ('20190706QS4184012632903-ch00001','20190706QS4184012632903','2019-07-06',309.61,'Base room charge');
INSERT INTO INVOICECHARGE VALUES ('20190706QS4184012632903-ch00002','20190706QS4184012632903','2019-07-06',159.5,'Cleaning fee');
INSERT INTO PAYMENT VALUES ('20190706QS4184012632903-p00001','20190706QS4184012632903','2020-05-05','CC',469.11,'Walter Wellington','3355757335556875',7,2027,888,'Mastercard');
-- ------- SAMPLE 232 ----------
INSERT INTO GUEST VALUES(1232,'Romaine','Reck','RReck@gmail.com','1234 DaWrong Lane','Flonkerton','MD','12345','476-201-0571');
INSERT INTO RESERVATION VALUES ('20210204KS3637719585232',1232,null,'KS','2021-02-04','2021-02-05',null,'active');
INSERT INTO INVOICECHARGE VALUES ('20210204KS3637719585232-ch00001','20210204KS3637719585232','2021-02-04',70.37,'Base room charge');
INSERT INTO INVOICECHARGE VALUES ('20210204KS3637719585232-ch00002','20210204KS3637719585232','2021-02-04',36.25,'Cleaning fee');
INSERT INTO PAYMENT VALUES ('20210204KS3637719585232-p00001','20210204KS3637719585232','2020-05-05','CC',67,'Romaine Reck','9654420041599755',3,2021,35,'Mastercard');
-- ------- SAMPLE 233 ----------
INSERT INTO GUEST VALUES(1233,'Kaley','Kilmon','KKilmon@gmail.com','1234 DaWrong Lane','Flonkerton','MD','12345','573-827-0574');
INSERT INTO RESERVATION VALUES ('20190709QD3798089479163',1233,200,'QD','2019-07-09','2019-07-13',null,'cancelled');
-- ------- SAMPLE 234 ----------
INSERT INTO GUEST VALUES(1234,'Bell','Belizaire','BBelizaire@gmail.com','1234 DaWrong Lane','Flonkerton','MD','12345','499-730-8464');
INSERT INTO RESERVATION VALUES ('20190530KS4465520616169',1234,102,'KS','2019-05-30','2019-06-04',null,'complete');
INSERT INTO INVOICECHARGE VALUES ('20190530KS4465520616169-ch00001','20190530KS4465520616169','2019-05-30',351.83,'Base room charge');
INSERT INTO INVOICECHARGE VALUES ('20190530KS4465520616169-ch00002','20190530KS4465520616169','2019-05-30',181.24,'Cleaning fee');
INSERT INTO PAYMENT (payment_id,invoice_id,payment_date,payment_type,payment_amount) VALUES ('20190530KS4465520616169-p00001','20190530KS4465520616169','2020-05-05','CA',533.07);
-- ------- SAMPLE 235 ----------
INSERT INTO GUEST VALUES(1235,'Major','Meng','MMeng@hotmail.com','1234 DaWrong Lane','Flonkerton','MD','12345','161-226-7769');
INSERT INTO RESERVATION VALUES ('20190611QS8590917868365',1235,108,'QS','2019-06-11','2019-06-13',null,'complete');
INSERT INTO INVOICECHARGE VALUES ('20190611QS8590917868365-ch00001','20190611QS8590917868365','2019-06-11',234.55,'Base room charge');
INSERT INTO PAYMENT (payment_id,invoice_id,payment_date,payment_type,payment_amount) VALUES ('20190611QS8590917868365-p00001','20190611QS8590917868365','2020-05-05','CA',58);
-- ------- SAMPLE 236 ----------
INSERT INTO GUEST VALUES(1236,'Lillia','Linen','LLinen@yahoo.com','1234 DaWrong Lane','Flonkerton','MD','12345','214-501-6528');
INSERT INTO RESERVATION VALUES ('20191231KS2307604571170',1236,107,'KS','2019-12-31','2020-01-03',null,'cancelled');
INSERT INTO INVOICECHARGE VALUES ('20191231KS2307604571170-ch00001','20191231KS2307604571170','2019-12-31',211.1,'Base room charge');
INSERT INTO INVOICECHARGE VALUES ('20191231KS2307604571170-ch00002','20191231KS2307604571170','2019-12-31',108.75,'Room Service');
INSERT INTO PAYMENT VALUES ('20191231KS2307604571170-p00001','20191231KS2307604571170','2020-05-05','CC',319.84,'Lillia Linen','1918635325471014',9,2023,964,'Mastercard');
-- ------- SAMPLE 237 ----------
INSERT INTO GUEST VALUES(1237,'Doyle','Dykema','DDykema@gmail.com','1234 DaWrong Lane','Flonkerton','MD','12345','678-321-7770');
INSERT INTO RESERVATION VALUES ('20200121KJ5329369540833',1237,109,'KJ','2020-01-21','2020-01-25',null,'complete');
-- ------- SAMPLE 238 ----------
INSERT INTO GUEST VALUES(1238,'Melony','Mcmartin','MMcmartin@gmail.com','1234 DaWrong Lane','Flonkerton','MD','12345','574-517-1181');
INSERT INTO RESERVATION VALUES ('20200606KI2915131984892',1238,null,'KI','2020-06-06','2020-06-11',null,'active');
INSERT INTO INVOICECHARGE VALUES ('20200606KI2915131984892-ch00001','20200606KI2915131984892','2020-06-06',281.45,'Base room charge');
INSERT INTO INVOICECHARGE VALUES ('20200606KI2915131984892-ch00002','20200606KI2915131984892','2020-06-06',144.99,'Cleaning fee');
INSERT INTO PAYMENT VALUES ('20200606KI2915131984892-p00001','20200606KI2915131984892','2020-05-05','CC',426.45,'Melony Mcmartin','8348606849307674',10,2025,306,'Mastercard');
-- ------- SAMPLE 239 ----------
INSERT INTO GUEST VALUES(1239,'Alverta','Arce','AArce@hotmail.com','1234 DaWrong Lane','Flonkerton','MD','12345','650-109-7440');
INSERT INTO RESERVATION VALUES ('20200427KJ5718816695683',1239,104,'KJ','2020-04-27','2020-04-28',null,'cancelled');
-- ------- SAMPLE 240 ----------
INSERT INTO GUEST VALUES(1240,'Major','Meng','MMeng@yahoo.com','1234 DaWrong Lane','Flonkerton','MD','12345','492-653-6401');
INSERT INTO RESERVATION VALUES ('20201016KJ3309619694486',1240,null,'KJ','2020-10-16','2020-10-21',null,'active');
INSERT INTO INVOICECHARGE VALUES ('20201016KJ3309619694486-ch00001','20201016KJ3309619694486','2020-10-16',693.01,'Base room charge');
INSERT INTO PAYMENT VALUES ('20201016KJ3309619694486-p00001','20201016KJ3309619694486','2020-05-05','CC',693.01,'Major Meng','7753458117881921',10,2026,427,'Mastercard');
-- ------- SAMPLE 241 ----------
INSERT INTO GUEST VALUES(1241,'Kandra','Kelty','KKelty@yahoo.com','1234 DaWrong Lane','Flonkerton','MD','12345','979-817-8770');
INSERT INTO RESERVATION VALUES ('20200929KI9577353869843',1241,null,'KI','2020-09-29','2020-10-02',null,'active');
INSERT INTO INVOICECHARGE VALUES ('20200929KI9577353869843-ch00001','20200929KI9577353869843','2020-09-29',255.87,'Base room charge');
INSERT INTO PAYMENT VALUES ('20200929KI9577353869843-p00001','20200929KI9577353869843','2020-05-05','CC',255.87,'Kandra Kelty','3588578810708203',8,2021,929,'Mastercard');
-- ------- SAMPLE 242 ----------
INSERT INTO GUEST VALUES(1242,'Kathlyn','Kinser','KKinser@hotmail.com','1234 DaWrong Lane','Flonkerton','MD','12345','798-835-7153');
INSERT INTO RESERVATION VALUES ('20190921QS2401223137257',1242,103,'QS','2019-09-21','2019-09-26',null,'complete');
INSERT INTO INVOICECHARGE VALUES ('20190921QS2401223137257-ch00001','20190921QS2401223137257','2019-09-21',586.38,'Base room charge');
INSERT INTO PAYMENT (payment_id,invoice_id,payment_date,payment_type,payment_amount) VALUES ('20190921QS2401223137257-p00001','20190921QS2401223137257','2020-05-05','CA',586.38);
-- ------- SAMPLE 243 ----------
INSERT INTO GUEST VALUES(1243,'Maryann','Mccutcheon','MMccutcheon@hotmail.com','1234 DaWrong Lane','Flonkerton','MD','12345','883-542-7906');
INSERT INTO RESERVATION VALUES ('20200405KJ3599216441567',1243,119,'KJ','2020-04-05','2020-04-08',null,'cancelled');
INSERT INTO INVOICECHARGE VALUES ('20200405KJ3599216441567-ch00001','20200405KJ3599216441567','2020-04-05',274.43,'Base room charge');
INSERT INTO INVOICECHARGE VALUES ('20200405KJ3599216441567-ch00002','20200405KJ3599216441567','2020-04-05',141.37,'Room Service');
INSERT INTO PAYMENT VALUES ('20200405KJ3599216441567-p00001','20200405KJ3599216441567','2020-05-05','CC',127,'Maryann Mccutcheon','6940207882231967',4,2022,404,'Mastercard');
-- ------- SAMPLE 244 ----------
INSERT INTO GUEST VALUES(1244,'Boris','Berner','BBerner@yahoo.com','1234 DaWrong Lane','Flonkerton','MD','12345','681-943-9307');
INSERT INTO RESERVATION VALUES ('20200126KJ6989688966718',1244,104,'KJ','2020-01-26','2020-01-28',null,'complete');
INSERT INTO INVOICECHARGE VALUES ('20200126KJ6989688966718-ch00001','20200126KJ6989688966718','2020-01-26',182.95,'Base room charge');
INSERT INTO INVOICECHARGE VALUES ('20200126KJ6989688966718-ch00002','20200126KJ6989688966718','2020-01-26',94.25,'Room Service');
INSERT INTO PAYMENT VALUES ('20200126KJ6989688966718-p00001','20200126KJ6989688966718','2020-05-05','CC',277.2,'Boris Berner','1653069231731655',1,2026,55,'Mastercard');
-- ------- SAMPLE 245 ----------
INSERT INTO GUEST VALUES(1245,'Clara','Crimmins','CCrimmins@hotmail.com','1234 DaWrong Lane','Flonkerton','MD','12345','094-820-0700');
INSERT INTO RESERVATION VALUES ('20191101QS7543127177062',1245,108,'QS','2019-11-01','2019-11-05',null,'complete');
-- ------- SAMPLE 246 ----------
INSERT INTO GUEST VALUES(1246,'Aretha','Acy','AAcy@yahoo.com','1234 DaWrong Lane','Flonkerton','MD','12345','278-789-6104');
INSERT INTO RESERVATION VALUES ('20190916KS6389330642446',1246,112,'KS','2019-09-16','2019-09-17',null,'complete');
INSERT INTO INVOICECHARGE VALUES ('20190916KS6389330642446-ch00001','20190916KS6389330642446','2019-09-16',70.37,'Base room charge');
INSERT INTO INVOICECHARGE VALUES ('20190916KS6389330642446-ch00002','20190916KS6389330642446','2019-09-16',36.25,'Cleaning fee');
INSERT INTO PAYMENT (payment_id,invoice_id,payment_date,payment_type,payment_amount) VALUES ('20190916KS6389330642446-p00001','20190916KS6389330642446','2020-05-05','CA',70);
-- ------- SAMPLE 247 ----------
INSERT INTO GUEST VALUES(1247,'Margorie','Mcnish','MMcnish@gmail.com','1234 DaWrong Lane','Flonkerton','MD','12345','769-182-5509');
INSERT INTO RESERVATION VALUES ('20201213QS8670352709408',1247,null,'QS','2020-12-13','2020-12-14',null,'active');
INSERT INTO INVOICECHARGE VALUES ('20201213QS8670352709408-ch00001','20201213QS8670352709408','2020-12-13',77.4,'Base room charge');
INSERT INTO INVOICECHARGE VALUES ('20201213QS8670352709408-ch00002','20201213QS8670352709408','2020-12-13',39.87,'Cleaning fee');
INSERT INTO PAYMENT (payment_id,invoice_id,payment_date,payment_type,payment_amount) VALUES ('20201213QS8670352709408-p00001','20201213QS8670352709408','2020-05-05','CA',117.28);
-- ------- SAMPLE 248 ----------
INSERT INTO GUEST VALUES(1248,'Delora','Delph','DDelph@hotmail.com','1234 DaWrong Lane','Flonkerton','MD','12345','799-766-1964');
INSERT INTO RESERVATION VALUES ('20200328QD3820645433151',1248,200,'QD','2020-03-28','2020-03-31',null,'complete');
INSERT INTO INVOICECHARGE VALUES ('20200328QD3820645433151-ch00001','20200328QD3820645433151','2020-03-28',287.86,'Base room charge');
INSERT INTO PAYMENT VALUES ('20200328QD3820645433151-p00001','20200328QD3820645433151','2020-05-05','CC',112,'Delora Delph','7931195827028108',9,2023,621,'Mastercard');
-- ------- SAMPLE 249 ----------
INSERT INTO GUEST VALUES(1249,'Abdul','Ashe','AAshe@hotmail.com','1234 DaWrong Lane','Flonkerton','MD','12345','322-882-5581');
INSERT INTO RESERVATION VALUES ('20190512KI3136126487985',1249,120,'KI','2019-05-12','2019-05-13',null,'complete');
INSERT INTO INVOICECHARGE VALUES ('20190512KI3136126487985-ch00001','20190512KI3136126487985','2019-05-12',56.29,'Base room charge');
INSERT INTO INVOICECHARGE VALUES ('20190512KI3136126487985-ch00002','20190512KI3136126487985','2019-05-12',29,'Cleaning fee');
INSERT INTO PAYMENT (payment_id,invoice_id,payment_date,payment_type,payment_amount) VALUES ('20190512KI3136126487985-p00001','20190512KI3136126487985','2020-05-05','CA',80);
-- ------- SAMPLE 250 ----------
INSERT INTO GUEST VALUES(1250,'Buffy','Beattie','BBeattie@gmail.com','1234 DaWrong Lane','Flonkerton','MD','12345','200-435-0403');
INSERT INTO RESERVATION VALUES ('20210324QS4665760394092',1250,null,'QS','2021-03-24','2021-03-29',null,'active');
INSERT INTO INVOICECHARGE VALUES ('20210324QS4665760394092-ch00001','20210324QS4665760394092','2021-03-24',387.01,'Base room charge');
INSERT INTO INVOICECHARGE VALUES ('20210324QS4665760394092-ch00002','20210324QS4665760394092','2021-03-24',199.37,'Room Service');
INSERT INTO PAYMENT VALUES ('20210324QS4665760394092-p00001','20210324QS4665760394092','2020-05-05','CC',564,'Buffy Beattie','7609199481379876',12,2025,291,'Mastercard');
-- ------- SAMPLE 251 ----------
INSERT INTO GUEST VALUES(1251,'Marcelino','Meisner','MMeisner@hotmail.com','1234 DaWrong Lane','Flonkerton','MD','12345','412-126-7503');
INSERT INTO RESERVATION VALUES ('20210213KI7023778962014',1251,null,'KI','2021-02-13','2021-02-17',null,'cancelled');
INSERT INTO INVOICECHARGE VALUES ('20210213KI7023778962014-ch00001','20210213KI7023778962014','2021-02-13',225.16,'Base room charge');
INSERT INTO INVOICECHARGE VALUES ('20210213KI7023778962014-ch00002','20210213KI7023778962014','2021-02-13',115.99,'Room Service');
INSERT INTO PAYMENT VALUES ('20210213KI7023778962014-p00001','20210213KI7023778962014','2020-05-05','CC',341.16,'Marcelino Meisner','4743597896926738',4,2022,727,'Mastercard');
-- ------- SAMPLE 252 ----------
INSERT INTO GUEST VALUES(1252,'Malia','Molden','MMolden@yahoo.com','1234 DaWrong Lane','Flonkerton','MD','12345','736-266-1348');
INSERT INTO RESERVATION VALUES ('20200504KJ4469171393090',1252,null,'KJ','2020-05-04','2020-05-05',null,'active');
INSERT INTO INVOICECHARGE VALUES ('20200504KJ4469171393090-ch00001','20200504KJ4469171393090','2020-05-04',91.48,'Base room charge');
INSERT INTO INVOICECHARGE VALUES ('20200504KJ4469171393090-ch00002','20200504KJ4469171393090','2020-05-04',47.12,'Room Service');
INSERT INTO PAYMENT (payment_id,invoice_id,payment_date,payment_type,payment_amount) VALUES ('20200504KJ4469171393090-p00001','20200504KJ4469171393090','2020-05-05','CA',138.6);
-- ------- SAMPLE 253 ----------
INSERT INTO GUEST VALUES(1253,'Boris','Berner','BBerner@gmail.com','1234 DaWrong Lane','Flonkerton','MD','12345','433-684-6718');
INSERT INTO RESERVATION VALUES ('20190710KI6488015637333',1253,209,'KI','2019-07-10','2019-07-14',null,'complete');
INSERT INTO INVOICECHARGE VALUES ('20190710KI6488015637333-ch00001','20190710KI6488015637333','2019-07-10',225.16,'Base room charge');
INSERT INTO INVOICECHARGE VALUES ('20190710KI6488015637333-ch00002','20190710KI6488015637333','2019-07-10',115.99,'Room Service');
INSERT INTO PAYMENT VALUES ('20190710KI6488015637333-p00001','20190710KI6488015637333','2020-05-05','CC',204,'Boris Berner','7124663261919274',8,2025,389,'Mastercard');
-- ------- SAMPLE 254 ----------
INSERT INTO GUEST VALUES(1254,'Fonda','Foreman','FForeman@yahoo.com','1234 DaWrong Lane','Flonkerton','MD','12345','823-870-4271');
INSERT INTO RESERVATION VALUES ('20210426QS2037700883922',1254,null,'QS','2021-04-26','2021-04-30',null,'active');
-- ------- SAMPLE 255 ----------
INSERT INTO GUEST VALUES(1255,'Kathern','Korn','KKorn@yahoo.com','1234 DaWrong Lane','Flonkerton','MD','12345','824-462-4104');
INSERT INTO RESERVATION VALUES ('20200730KJ5538942579421',1255,null,'KJ','2020-07-30','2020-07-31',null,'active');
INSERT INTO INVOICECHARGE VALUES ('20200730KJ5538942579421-ch00001','20200730KJ5538942579421','2020-07-30',91.48,'Base room charge');
INSERT INTO INVOICECHARGE VALUES ('20200730KJ5538942579421-ch00002','20200730KJ5538942579421','2020-07-30',47.12,'Room Service');
INSERT INTO PAYMENT VALUES ('20200730KJ5538942579421-p00001','20200730KJ5538942579421','2020-05-05','CC',138.6,'Kathern Korn','7056497727802260',4,2022,738,'Mastercard');
-- ------- SAMPLE 256 ----------
INSERT INTO GUEST VALUES(1256,'Jammie','Jo','JJo@gmail.com','1234 DaWrong Lane','Flonkerton','MD','12345','872-434-5568');
INSERT INTO RESERVATION VALUES ('20201202KJ6724622676486',1256,null,'KJ','2020-12-02','2020-12-05',null,'active');
INSERT INTO INVOICECHARGE VALUES ('20201202KJ6724622676486-ch00001','20201202KJ6724622676486','2020-12-02',274.43,'Base room charge');
INSERT INTO INVOICECHARGE VALUES ('20201202KJ6724622676486-ch00002','20201202KJ6724622676486','2020-12-02',141.37,'Cleaning fee');
INSERT INTO PAYMENT (payment_id,invoice_id,payment_date,payment_type,payment_amount) VALUES ('20201202KJ6724622676486-p00001','20201202KJ6724622676486','2020-05-05','CA',415.81);
-- ------- SAMPLE 257 ----------
INSERT INTO GUEST VALUES(1257,'Erminia','Eckard','EEckard@yahoo.com','1234 DaWrong Lane','Flonkerton','MD','12345','350-130-7044');
INSERT INTO RESERVATION VALUES ('20201231KJ4386434677477',1257,null,'KJ','2020-12-31','2021-01-05',null,'active');
INSERT INTO INVOICECHARGE VALUES ('20201231KJ4386434677477-ch00001','20201231KJ4386434677477','2020-12-31',457.39,'Base room charge');
INSERT INTO INVOICECHARGE VALUES ('20201231KJ4386434677477-ch00002','20201231KJ4386434677477','2020-12-31',235.62,'Room Service');
INSERT INTO PAYMENT VALUES ('20201231KJ4386434677477-p00001','20201231KJ4386434677477','2020-05-05','CC',693.01,'Erminia Eckard','9244370508675811',8,2026,213,'Mastercard');
-- ------- SAMPLE 258 ----------
INSERT INTO GUEST VALUES(1258,'Lincoln','Lattea','LLattea@yahoo.com','1234 DaWrong Lane','Flonkerton','MD','12345','102-566-6507');
INSERT INTO RESERVATION VALUES ('20191007QS6399001892626',1258,207,'QS','2019-10-07','2019-10-11',null,'complete');
INSERT INTO INVOICECHARGE VALUES ('20191007QS6399001892626-ch00001','20191007QS6399001892626','2019-10-07',469.11,'Base room charge');
INSERT INTO PAYMENT VALUES ('20191007QS6399001892626-p00001','20191007QS6399001892626','2020-05-05','CC',469.11,'Lincoln Lattea','2868138911360733',10,2025,166,'Mastercard');
-- ------- SAMPLE 259 ----------
INSERT INTO GUEST VALUES(1259,'Ngan','Nalley','NNalley@hotmail.com','1234 DaWrong Lane','Flonkerton','MD','12345','286-934-6341');
INSERT INTO RESERVATION VALUES ('20191218KJ8911610325714',1259,119,'KJ','2019-12-18','2019-12-19',null,'complete');
INSERT INTO INVOICECHARGE VALUES ('20191218KJ8911610325714-ch00001','20191218KJ8911610325714','2019-12-18',138.6,'Base room charge');
INSERT INTO PAYMENT (payment_id,invoice_id,payment_date,payment_type,payment_amount) VALUES ('20191218KJ8911610325714-p00001','20191218KJ8911610325714','2020-05-05','CA',123);
-- ------- SAMPLE 260 ----------
INSERT INTO GUEST VALUES(1260,'Leighann','Leith','LLeith@yahoo.com','1234 DaWrong Lane','Flonkerton','MD','12345','024-936-0848');
INSERT INTO RESERVATION VALUES ('20200721KJ3914806418125',1260,null,'KJ','2020-07-21','2020-07-26',null,'active');
INSERT INTO INVOICECHARGE VALUES ('20200721KJ3914806418125-ch00001','20200721KJ3914806418125','2020-07-21',693.01,'Base room charge');
INSERT INTO PAYMENT VALUES ('20200721KJ3914806418125-p00001','20200721KJ3914806418125','2020-05-05','CC',693.01,'Leighann Leith','7441662214484832',4,2022,755,'Mastercard');
-- ------- SAMPLE 261 ----------
INSERT INTO GUEST VALUES(1261,'Serafina','Singh','SSingh@gmail.com','1234 DaWrong Lane','Flonkerton','MD','12345','635-540-8598');
INSERT INTO RESERVATION VALUES ('20200114KS6740532984073',1261,107,'KS','2020-01-14','2020-01-16',null,'complete');
INSERT INTO INVOICECHARGE VALUES ('20200114KS6740532984073-ch00001','20200114KS6740532984073','2020-01-14',140.73,'Base room charge');
INSERT INTO INVOICECHARGE VALUES ('20200114KS6740532984073-ch00002','20200114KS6740532984073','2020-01-14',72.5,'Cleaning fee');
INSERT INTO PAYMENT (payment_id,invoice_id,payment_date,payment_type,payment_amount) VALUES ('20200114KS6740532984073-p00001','20200114KS6740532984073','2020-05-05','CA',213.23);
-- ------- SAMPLE 262 ----------
INSERT INTO GUEST VALUES(1262,'Katerine','Kawakami','KKawakami@yahoo.com','1234 DaWrong Lane','Flonkerton','MD','12345','982-580-0534');
INSERT INTO RESERVATION VALUES ('20210303QD1082979468325',1262,null,'QD','2021-03-03','2021-03-05',null,'active');
INSERT INTO INVOICECHARGE VALUES ('20210303QD1082979468325-ch00001','20210303QD1082979468325','2021-03-03',191.9,'Base room charge');
INSERT INTO PAYMENT (payment_id,invoice_id,payment_date,payment_type,payment_amount) VALUES ('20210303QD1082979468325-p00001','20210303QD1082979468325','2020-05-05','CA',191.9);
-- ------- SAMPLE 263 ----------
INSERT INTO GUEST VALUES(1263,'Buffy','Beattie','BBeattie@hotmail.com','1234 DaWrong Lane','Flonkerton','MD','12345','322-295-7229');
INSERT INTO RESERVATION VALUES ('20200303KI6447914418718',1263,209,'KI','2020-03-03','2020-03-05',null,'complete');
INSERT INTO INVOICECHARGE VALUES ('20200303KI6447914418718-ch00001','20200303KI6447914418718','2020-03-03',112.58,'Base room charge');
INSERT INTO INVOICECHARGE VALUES ('20200303KI6447914418718-ch00002','20200303KI6447914418718','2020-03-03',58,'Room Service');
INSERT INTO PAYMENT VALUES ('20200303KI6447914418718-p00001','20200303KI6447914418718','2020-05-05','CC',170.58,'Buffy Beattie','4474700777398815',12,2024,51,'Mastercard');
-- ------- SAMPLE 264 ----------
INSERT INTO GUEST VALUES(1264,'Tifany','Temple','TTemple@yahoo.com','1234 DaWrong Lane','Flonkerton','MD','12345','171-037-1489');
INSERT INTO RESERVATION VALUES ('20190623KJ8854904249763',1264,114,'KJ','2019-06-23','2019-06-28',null,'complete');
INSERT INTO INVOICECHARGE VALUES ('20190623KJ8854904249763-ch00001','20190623KJ8854904249763','2019-06-23',457.39,'Base room charge');
INSERT INTO INVOICECHARGE VALUES ('20190623KJ8854904249763-ch00002','20190623KJ8854904249763','2019-06-23',235.62,'Room Service');
INSERT INTO PAYMENT (payment_id,invoice_id,payment_date,payment_type,payment_amount) VALUES ('20190623KJ8854904249763-p00001','20190623KJ8854904249763','2020-05-05','CA',514);
-- ------- SAMPLE 265 ----------
INSERT INTO GUEST VALUES(1265,'Abel','Alire','AAlire@gmail.com','1234 DaWrong Lane','Flonkerton','MD','12345','115-636-4250');
INSERT INTO RESERVATION VALUES ('20201222QD6637287381986',1265,null,'QD','2020-12-22','2020-12-24',null,'active');
INSERT INTO INVOICECHARGE VALUES ('20201222QD6637287381986-ch00001','20201222QD6637287381986','2020-12-22',191.9,'Base room charge');
INSERT INTO PAYMENT VALUES ('20201222QD6637287381986-p00001','20201222QD6637287381986','2020-05-05','CC',191.9,'Abel Alire','9366626902516865',9,2026,982,'Mastercard');
-- ------- SAMPLE 266 ----------
INSERT INTO GUEST VALUES(1266,'Shena','Sandoz','SSandoz@yahoo.com','1234 DaWrong Lane','Flonkerton','MD','12345','339-312-5261');
INSERT INTO RESERVATION VALUES ('20190603QS3045592168810',1266,118,'QS','2019-06-03','2019-06-05',null,'complete');
INSERT INTO INVOICECHARGE VALUES ('20190603QS3045592168810-ch00001','20190603QS3045592168810','2019-06-03',234.55,'Base room charge');
INSERT INTO PAYMENT VALUES ('20190603QS3045592168810-p00001','20190603QS3045592168810','2020-05-05','CC',234.55,'Shena Sandoz','5876204175582703',5,2024,66,'Mastercard');
-- ------- SAMPLE 267 ----------
INSERT INTO GUEST VALUES(1267,'Ella','Evanoff','EEvanoff@yahoo.com','1234 DaWrong Lane','Flonkerton','MD','12345','151-274-0758');
INSERT INTO RESERVATION VALUES ('20190820KJ5868419785883',1267,203,'KJ','2019-08-20','2019-08-25',null,'complete');
INSERT INTO INVOICECHARGE VALUES ('20190820KJ5868419785883-ch00001','20190820KJ5868419785883','2019-08-20',457.39,'Base room charge');
INSERT INTO INVOICECHARGE VALUES ('20190820KJ5868419785883-ch00002','20190820KJ5868419785883','2019-08-20',235.62,'Cleaning fee');
INSERT INTO PAYMENT (payment_id,invoice_id,payment_date,payment_type,payment_amount) VALUES ('20190820KJ5868419785883-p00001','20190820KJ5868419785883','2020-05-05','CA',693.01);
-- ------- SAMPLE 268 ----------
INSERT INTO GUEST VALUES(1268,'Keturah','Kagawa','KKagawa@hotmail.com','1234 DaWrong Lane','Flonkerton','MD','12345','556-935-9698');
INSERT INTO RESERVATION VALUES ('20190521QS9050391984672',1268,207,'QS','2019-05-21','2019-05-26',null,'complete');
INSERT INTO INVOICECHARGE VALUES ('20190521QS9050391984672-ch00001','20190521QS9050391984672','2019-05-21',387.01,'Base room charge');
INSERT INTO INVOICECHARGE VALUES ('20190521QS9050391984672-ch00002','20190521QS9050391984672','2019-05-21',199.37,'Cleaning fee');
INSERT INTO PAYMENT VALUES ('20190521QS9050391984672-p00001','20190521QS9050391984672','2020-05-05','CC',586.38,'Keturah Kagawa','1007674872142803',1,2024,15,'Mastercard');
-- ------- SAMPLE 269 ----------
INSERT INTO GUEST VALUES(1269,'Collin','Chaparro','CChaparro@hotmail.com','1234 DaWrong Lane','Flonkerton','MD','12345','400-977-6055');
INSERT INTO RESERVATION VALUES ('20200912QS8222999649384',1269,null,'QS','2020-09-12','2020-09-17',null,'active');
INSERT INTO INVOICECHARGE VALUES ('20200912QS8222999649384-ch00001','20200912QS8222999649384','2020-09-12',387.01,'Base room charge');
INSERT INTO INVOICECHARGE VALUES ('20200912QS8222999649384-ch00002','20200912QS8222999649384','2020-09-12',199.37,'Cleaning fee');
INSERT INTO PAYMENT VALUES ('20200912QS8222999649384-p00001','20200912QS8222999649384','2020-05-05','CC',586.38,'Collin Chaparro','8294495094810899',4,2023,256,'Mastercard');
-- ------- SAMPLE 270 ----------
INSERT INTO GUEST VALUES(1270,'Kathlyn','Kinser','KKinser@hotmail.com','1234 DaWrong Lane','Flonkerton','MD','12345','654-420-3616');
INSERT INTO RESERVATION VALUES ('20200908QS2505835293506',1270,null,'QS','2020-09-08','2020-09-09',null,'active');
-- ------- SAMPLE 271 ----------
INSERT INTO GUEST VALUES(1271,'Malia','Molden','MMolden@yahoo.com','1234 DaWrong Lane','Flonkerton','MD','12345','965-870-2504');
INSERT INTO RESERVATION VALUES ('20190607KS8361703125333',1271,117,'KS','2019-06-07','2019-06-09',null,'complete');
INSERT INTO INVOICECHARGE VALUES ('20190607KS8361703125333-ch00001','20190607KS8361703125333','2019-06-07',140.73,'Base room charge');
INSERT INTO INVOICECHARGE VALUES ('20190607KS8361703125333-ch00002','20190607KS8361703125333','2019-06-07',72.5,'Cleaning fee');
INSERT INTO PAYMENT VALUES ('20190607KS8361703125333-p00001','20190607KS8361703125333','2020-05-05','CC',213.23,'Malia Molden','5667359035452281',5,2026,923,'Mastercard');
-- ------- SAMPLE 272 ----------
INSERT INTO GUEST VALUES(1272,'Len','Linquist','LLinquist@yahoo.com','1234 DaWrong Lane','Flonkerton','MD','12345','061-585-6818');
INSERT INTO RESERVATION VALUES ('20200728QD5641957713909',1272,null,'QD','2020-07-28','2020-07-29',null,'active');
INSERT INTO INVOICECHARGE VALUES ('20200728QD5641957713909-ch00001','20200728QD5641957713909','2020-07-28',95.95,'Base room charge');
INSERT INTO PAYMENT VALUES ('20200728QD5641957713909-p00001','20200728QD5641957713909','2020-05-05','CC',95.95,'Len Linquist','5845884944442955',5,2022,124,'Mastercard');
-- ------- SAMPLE 273 ----------
INSERT INTO GUEST VALUES(1273,'Francie','Fairbank','FFairbank@hotmail.com','1234 DaWrong Lane','Flonkerton','MD','12345','381-269-6019');
INSERT INTO RESERVATION VALUES ('20200624KS9088688383416',1273,null,'KS','2020-06-24','2020-06-26',null,'active');
INSERT INTO INVOICECHARGE VALUES ('20200624KS9088688383416-ch00001','20200624KS9088688383416','2020-06-24',213.23,'Base room charge');
INSERT INTO PAYMENT VALUES ('20200624KS9088688383416-p00001','20200624KS9088688383416','2020-05-05','CC',90,'Francie Fairbank','3068018214298934',9,2022,549,'Mastercard');
-- ------- SAMPLE 274 ----------
INSERT INTO GUEST VALUES(1274,'Buffy','Beattie','BBeattie@gmail.com','1234 DaWrong Lane','Flonkerton','MD','12345','683-566-9197');
INSERT INTO RESERVATION VALUES ('20190803KS7195545915000',1274,107,'KS','2019-08-03','2019-08-06',null,'complete');
INSERT INTO INVOICECHARGE VALUES ('20190803KS7195545915000-ch00001','20190803KS7195545915000','2019-08-03',319.84,'Base room charge');
INSERT INTO PAYMENT VALUES ('20190803KS7195545915000-p00001','20190803KS7195545915000','2020-05-05','CC',185,'Buffy Beattie','4862689259066803',5,2021,846,'Mastercard');
-- ------- SAMPLE 275 ----------
INSERT INTO GUEST VALUES(1275,'Lincoln','Lattea','LLattea@yahoo.com','1234 DaWrong Lane','Flonkerton','MD','12345','049-365-3720');
INSERT INTO RESERVATION VALUES ('20201222KJ5863976704158',1275,null,'KJ','2020-12-22','2020-12-23',null,'active');
INSERT INTO INVOICECHARGE VALUES ('20201222KJ5863976704158-ch00001','20201222KJ5863976704158','2020-12-22',138.6,'Base room charge');
INSERT INTO PAYMENT VALUES ('20201222KJ5863976704158-p00001','20201222KJ5863976704158','2020-05-05','CC',42,'Lincoln Lattea','8217937606197436',10,2025,76,'Mastercard');
-- ------- SAMPLE 276 ----------
INSERT INTO GUEST VALUES(1276,'Fleta','Fickel','FFickel@yahoo.com','1234 DaWrong Lane','Flonkerton','MD','12345','816-114-2639');
INSERT INTO RESERVATION VALUES ('20200701QS5801066706623',1276,null,'QS','2020-07-01','2020-07-05',null,'cancelled');
INSERT INTO INVOICECHARGE VALUES ('20200701QS5801066706623-ch00001','20200701QS5801066706623','2020-07-01',469.11,'Base room charge');
INSERT INTO PAYMENT VALUES ('20200701QS5801066706623-p00001','20200701QS5801066706623','2020-05-05','CC',469.11,'Fleta Fickel','5105063652677512',12,2022,97,'Mastercard');
-- ------- SAMPLE 277 ----------
INSERT INTO GUEST VALUES(1277,'Major','Meng','MMeng@yahoo.com','1234 DaWrong Lane','Flonkerton','MD','12345','468-367-1141');
INSERT INTO RESERVATION VALUES ('20201024KJ2709923138673',1277,null,'KJ','2020-10-24','2020-10-25',null,'active');
INSERT INTO INVOICECHARGE VALUES ('20201024KJ2709923138673-ch00001','20201024KJ2709923138673','2020-10-24',91.48,'Base room charge');
INSERT INTO INVOICECHARGE VALUES ('20201024KJ2709923138673-ch00002','20201024KJ2709923138673','2020-10-24',47.12,'Cleaning fee');
INSERT INTO PAYMENT VALUES ('20201024KJ2709923138673-p00001','20201024KJ2709923138673','2020-05-05','CC',59,'Major Meng','9067159030734324',7,2023,922,'Mastercard');
-- ------- SAMPLE 278 ----------
INSERT INTO GUEST VALUES(1278,'Melony','Mcmartin','MMcmartin@yahoo.com','1234 DaWrong Lane','Flonkerton','MD','12345','060-512-9042');
INSERT INTO RESERVATION VALUES ('20200106KI7980471307313',1278,105,'KI','2020-01-06','2020-01-08',null,'complete');
INSERT INTO INVOICECHARGE VALUES ('20200106KI7980471307313-ch00001','20200106KI7980471307313','2020-01-06',170.58,'Base room charge');
INSERT INTO PAYMENT VALUES ('20200106KI7980471307313-p00001','20200106KI7980471307313','2020-05-05','CC',170.58,'Melony Mcmartin','8782394015585976',12,2026,384,'Mastercard');
-- ------- SAMPLE 279 ----------
INSERT INTO GUEST VALUES(1279,'Mandi','Mcwain','MMcwain@gmail.com','1234 DaWrong Lane','Flonkerton','MD','12345','524-743-9949');
INSERT INTO RESERVATION VALUES ('20201211KI1486316663841',1279,null,'KI','2020-12-11','2020-12-14',null,'cancelled');
-- ------- SAMPLE 280 ----------
INSERT INTO GUEST VALUES(1280,'Aretha','Acy','AAcy@gmail.com','1234 DaWrong Lane','Flonkerton','MD','12345','601-348-9128');
INSERT INTO RESERVATION VALUES ('20210206KI6686607206095',1280,null,'KI','2021-02-06','2021-02-11',null,'active');
-- ------- SAMPLE 281 ----------
INSERT INTO GUEST VALUES(1281,'Floy','Feinstein','FFeinstein@gmail.com','1234 DaWrong Lane','Flonkerton','MD','12345','648-209-8067');
INSERT INTO RESERVATION VALUES ('20191109KS9176020268687',1281,117,'KS','2019-11-09','2019-11-12',null,'complete');
-- ------- SAMPLE 282 ----------
INSERT INTO GUEST VALUES(1282,'Kenisha','Kane','KKane@gmail.com','1234 DaWrong Lane','Flonkerton','MD','12345','419-259-4670');
INSERT INTO RESERVATION VALUES ('20201216KS9752387527418',1282,null,'KS','2020-12-16','2020-12-17',null,'active');
INSERT INTO INVOICECHARGE VALUES ('20201216KS9752387527418-ch00001','20201216KS9752387527418','2020-12-16',70.37,'Base room charge');
INSERT INTO INVOICECHARGE VALUES ('20201216KS9752387527418-ch00002','20201216KS9752387527418','2020-12-16',36.25,'Cleaning fee');
INSERT INTO PAYMENT VALUES ('20201216KS9752387527418-p00001','20201216KS9752387527418','2020-05-05','CC',106.61,'Kenisha Kane','7980016788753800',7,2022,330,'Mastercard');
-- ------- SAMPLE 283 ----------
INSERT INTO GUEST VALUES(1283,'Adrianna','Aungst','AAungst@yahoo.com','1234 DaWrong Lane','Flonkerton','MD','12345','689-292-5134');
INSERT INTO RESERVATION VALUES ('20201201KS5102564028253',1283,null,'KS','2020-12-01','2020-12-03',null,'active');
INSERT INTO INVOICECHARGE VALUES ('20201201KS5102564028253-ch00001','20201201KS5102564028253','2020-12-01',213.23,'Base room charge');
INSERT INTO PAYMENT VALUES ('20201201KS5102564028253-p00001','20201201KS5102564028253','2020-05-05','CC',194,'Adrianna Aungst','5507735597750201',2,2024,194,'Mastercard');
-- ------- SAMPLE 284 ----------
INSERT INTO GUEST VALUES(1284,'Laraine','Lazar','LLazar@hotmail.com','1234 DaWrong Lane','Flonkerton','MD','12345','505-190-7883');
INSERT INTO RESERVATION VALUES ('20200412KS7342138562615',1284,201,'KS','2020-04-12','2020-04-17',null,'complete');
INSERT INTO INVOICECHARGE VALUES ('20200412KS7342138562615-ch00001','20200412KS7342138562615','2020-04-12',351.83,'Base room charge');
INSERT INTO INVOICECHARGE VALUES ('20200412KS7342138562615-ch00002','20200412KS7342138562615','2020-04-12',181.24,'Room Service');
INSERT INTO PAYMENT VALUES ('20200412KS7342138562615-p00001','20200412KS7342138562615','2020-05-05','CC',533.07,'Laraine Lazar','3484432386179977',7,2021,545,'Mastercard');
-- ------- SAMPLE 285 ----------
INSERT INTO GUEST VALUES(1285,'Deandre','Defore','DDefore@hotmail.com','1234 DaWrong Lane','Flonkerton','MD','12345','723-466-6836');
INSERT INTO RESERVATION VALUES ('20210123QS8973359276598',1285,null,'QS','2021-01-23','2021-01-28',null,'active');
INSERT INTO INVOICECHARGE VALUES ('20210123QS8973359276598-ch00001','20210123QS8973359276598','2021-01-23',387.01,'Base room charge');
INSERT INTO INVOICECHARGE VALUES ('20210123QS8973359276598-ch00002','20210123QS8973359276598','2021-01-23',199.37,'Room Service');
INSERT INTO PAYMENT VALUES ('20210123QS8973359276598-p00001','20210123QS8973359276598','2020-05-05','CC',586.38,'Deandre Defore','2288650910605181',12,2021,364,'Mastercard');
-- ------- SAMPLE 286 ----------
INSERT INTO GUEST VALUES(1286,'Leanora','Locke','LLocke@gmail.com','1234 DaWrong Lane','Flonkerton','MD','12345','811-175-5663');
INSERT INTO RESERVATION VALUES ('20201104KS2460724114742',1286,null,'KS','2020-11-04','2020-11-09',null,'active');
INSERT INTO INVOICECHARGE VALUES ('20201104KS2460724114742-ch00001','20201104KS2460724114742','2020-11-04',533.07,'Base room charge');
INSERT INTO PAYMENT (payment_id,invoice_id,payment_date,payment_type,payment_amount) VALUES ('20201104KS2460724114742-p00001','20201104KS2460724114742','2020-05-05','CA',533.07);
-- ------- SAMPLE 287 ----------
INSERT INTO GUEST VALUES(1287,'Rick','Ritenour','RRitenour@gmail.com','1234 DaWrong Lane','Flonkerton','MD','12345','994-302-0305');
INSERT INTO RESERVATION VALUES ('20201114QD1640683341291',1287,null,'QD','2020-11-14','2020-11-18',null,'active');
INSERT INTO INVOICECHARGE VALUES ('20201114QD1640683341291-ch00001','20201114QD1640683341291','2020-11-14',253.31,'Base room charge');
INSERT INTO INVOICECHARGE VALUES ('20201114QD1640683341291-ch00002','20201114QD1640683341291','2020-11-14',130.49,'Room Service');
INSERT INTO PAYMENT VALUES ('20201114QD1640683341291-p00001','20201114QD1640683341291','2020-05-05','CC',383.81,'Rick Ritenour','9702955433740711',4,2023,182,'Mastercard');
-- ------- SAMPLE 288 ----------
INSERT INTO GUEST VALUES(1288,'Tanner','Tomasello','TTomasello@hotmail.com','1234 DaWrong Lane','Flonkerton','MD','12345','243-313-5702');
INSERT INTO RESERVATION VALUES ('20191008KS1938418950147',1288,206,'KS','2019-10-08','2019-10-12',null,'complete');
-- ------- SAMPLE 289 ----------
INSERT INTO GUEST VALUES(1289,'Collin','Chaparro','CChaparro@gmail.com','1234 DaWrong Lane','Flonkerton','MD','12345','263-604-9934');
INSERT INTO RESERVATION VALUES ('20200406KJ8952788803066',1289,208,'KJ','2020-04-06','2020-04-07',null,'complete');
-- ------- SAMPLE 290 ----------
INSERT INTO GUEST VALUES(1290,'Melony','Mcmartin','MMcmartin@hotmail.com','1234 DaWrong Lane','Flonkerton','MD','12345','062-651-4628');
INSERT INTO RESERVATION VALUES ('20200205KI3694043079720',1290,115,'KI','2020-02-05','2020-02-09',null,'complete');
-- ------- SAMPLE 291 ----------
INSERT INTO GUEST VALUES(1291,'Abram','Adolph','AAdolph@yahoo.com','1234 DaWrong Lane','Flonkerton','MD','12345','355-675-8972');
INSERT INTO RESERVATION VALUES ('20190911KJ5343332162327',1291,109,'KJ','2019-09-11','2019-09-15',null,'complete');
INSERT INTO INVOICECHARGE VALUES ('20190911KJ5343332162327-ch00001','20190911KJ5343332162327','2019-09-11',365.91,'Base room charge');
INSERT INTO INVOICECHARGE VALUES ('20190911KJ5343332162327-ch00002','20190911KJ5343332162327','2019-09-11',188.5,'Cleaning fee');
INSERT INTO PAYMENT VALUES ('20190911KJ5343332162327-p00001','20190911KJ5343332162327','2020-05-05','CC',554.41,'Abram Adolph','7926886388980820',4,2027,409,'Mastercard');
-- ------- SAMPLE 292 ----------
INSERT INTO GUEST VALUES(1292,'Nena','Nunez','NNunez@yahoo.com','1234 DaWrong Lane','Flonkerton','MD','12345','594-726-7769');
INSERT INTO RESERVATION VALUES ('20190717QS5279313488938',1292,113,'QS','2019-07-17','2019-07-18',null,'complete');
INSERT INTO INVOICECHARGE VALUES ('20190717QS5279313488938-ch00001','20190717QS5279313488938','2019-07-17',117.28,'Base room charge');
INSERT INTO PAYMENT VALUES ('20190717QS5279313488938-p00001','20190717QS5279313488938','2020-05-05','CC',117.28,'Nena Nunez','5850379230266251',4,2027,224,'Mastercard');
-- ------- SAMPLE 293 ----------
INSERT INTO GUEST VALUES(1293,'Lorean','Loden','LLoden@hotmail.com','1234 DaWrong Lane','Flonkerton','MD','12345','944-486-7704');
INSERT INTO RESERVATION VALUES ('20210429KJ7327003239351',1293,null,'KJ','2021-04-29','2021-05-01',null,'active');
INSERT INTO INVOICECHARGE VALUES ('20210429KJ7327003239351-ch00001','20210429KJ7327003239351','2021-04-29',182.95,'Base room charge');
INSERT INTO INVOICECHARGE VALUES ('20210429KJ7327003239351-ch00002','20210429KJ7327003239351','2021-04-29',94.25,'Cleaning fee');
INSERT INTO PAYMENT VALUES ('20210429KJ7327003239351-p00001','20210429KJ7327003239351','2020-05-05','CC',277.2,'Lorean Loden','1166285314527958',11,2026,58,'Mastercard');
-- ------- SAMPLE 294 ----------
INSERT INTO GUEST VALUES(1294,'Sherrie','Stultz','SStultz@hotmail.com','1234 DaWrong Lane','Flonkerton','MD','12345','727-970-5596');
INSERT INTO RESERVATION VALUES ('20201106KJ8284276623533',1294,null,'KJ','2020-11-06','2020-11-09',null,'active');
INSERT INTO INVOICECHARGE VALUES ('20201106KJ8284276623533-ch00001','20201106KJ8284276623533','2020-11-06',415.81,'Base room charge');
INSERT INTO PAYMENT VALUES ('20201106KJ8284276623533-p00001','20201106KJ8284276623533','2020-05-05','CC',415.81,'Sherrie Stultz','8377383434070470',6,2023,374,'Mastercard');
-- ------- SAMPLE 295 ----------
INSERT INTO GUEST VALUES(1295,'Doyle','Dykema','DDykema@hotmail.com','1234 DaWrong Lane','Flonkerton','MD','12345','973-694-1751');
INSERT INTO RESERVATION VALUES ('20210126QD2971494647207',1295,null,'QD','2021-01-26','2021-01-30',null,'active');
INSERT INTO INVOICECHARGE VALUES ('20210126QD2971494647207-ch00001','20210126QD2971494647207','2021-01-26',383.81,'Base room charge');
INSERT INTO PAYMENT (payment_id,invoice_id,payment_date,payment_type,payment_amount) VALUES ('20210126QD2971494647207-p00001','20210126QD2971494647207','2020-05-05','CA',383.81);
-- ------- SAMPLE 296 ----------
INSERT INTO GUEST VALUES(1296,'Jammie','Jo','JJo@yahoo.com','1234 DaWrong Lane','Flonkerton','MD','12345','696-556-1825');
INSERT INTO RESERVATION VALUES ('20210408KS3444290641028',1296,null,'KS','2021-04-08','2021-04-09',null,'active');
INSERT INTO INVOICECHARGE VALUES ('20210408KS3444290641028-ch00001','20210408KS3444290641028','2021-04-08',70.37,'Base room charge');
INSERT INTO INVOICECHARGE VALUES ('20210408KS3444290641028-ch00002','20210408KS3444290641028','2021-04-08',36.25,'Cleaning fee');
INSERT INTO PAYMENT VALUES ('20210408KS3444290641028-p00001','20210408KS3444290641028','2020-05-05','CC',88,'Jammie Jo','4781900920956378',6,2023,348,'Mastercard');
-- ------- SAMPLE 297 ----------
INSERT INTO GUEST VALUES(1297,'Vicky','Vanderhoff','VVanderhoff@hotmail.com','1234 DaWrong Lane','Flonkerton','MD','12345','856-697-7592');
INSERT INTO RESERVATION VALUES ('20200325KJ1156777940939',1297,208,'KJ','2020-03-25','2020-03-28',null,'cancelled');
INSERT INTO INVOICECHARGE VALUES ('20200325KJ1156777940939-ch00001','20200325KJ1156777940939','2020-03-25',274.43,'Base room charge');
INSERT INTO INVOICECHARGE VALUES ('20200325KJ1156777940939-ch00002','20200325KJ1156777940939','2020-03-25',141.37,'Cleaning fee');
INSERT INTO PAYMENT VALUES ('20200325KJ1156777940939-p00001','20200325KJ1156777940939','2020-05-05','CC',415.81,'Vicky Vanderhoff','2421798529828781',8,2022,566,'Mastercard');
-- ------- SAMPLE 298 ----------
INSERT INTO GUEST VALUES(1298,'Eda','Elmendorf','EElmendorf@hotmail.com','1234 DaWrong Lane','Flonkerton','MD','12345','161-627-3125');
INSERT INTO RESERVATION VALUES ('20191004KS1803649736383',1298,117,'KS','2019-10-04','2019-10-05',null,'complete');
-- ------- SAMPLE 299 ----------
INSERT INTO GUEST VALUES(1299,'Kaley','Kilmon','KKilmon@gmail.com','1234 DaWrong Lane','Flonkerton','MD','12345','787-958-6055');
INSERT INTO RESERVATION VALUES ('20210220QD7976699027829',1299,null,'QD','2021-02-20','2021-02-24',null,'active');
INSERT INTO INVOICECHARGE VALUES ('20210220QD7976699027829-ch00001','20210220QD7976699027829','2021-02-20',383.81,'Base room charge');
INSERT INTO PAYMENT VALUES ('20210220QD7976699027829-p00001','20210220QD7976699027829','2020-05-05','CC',277,'Kaley Kilmon','2322913013460930',9,2027,807,'Mastercard');
-- ------- SAMPLE 300 ----------
INSERT INTO GUEST VALUES(1300,'Fonda','Foreman','FForeman@yahoo.com','1234 DaWrong Lane','Flonkerton','MD','12345','096-510-3726');
INSERT INTO RESERVATION VALUES ('20191117KJ3677370730512',1300,114,'KJ','2019-11-17','2019-11-19',null,'complete');
INSERT INTO INVOICECHARGE VALUES ('20191117KJ3677370730512-ch00001','20191117KJ3677370730512','2019-11-17',277.2,'Base room charge');
INSERT INTO PAYMENT (payment_id,invoice_id,payment_date,payment_type,payment_amount) VALUES ('20191117KJ3677370730512-p00001','20191117KJ3677370730512','2020-05-05','CA',277.2);
-- ------- SAMPLE 301 ----------
INSERT INTO GUEST VALUES(1301,'Dorian','Delbosque','DDelbosque@gmail.com','1234 DaWrong Lane','Flonkerton','MD','12345','385-830-3493');
INSERT INTO RESERVATION VALUES ('20210117KS7460954529264',1301,null,'KS','2021-01-17','2021-01-21',null,'active');
INSERT INTO INVOICECHARGE VALUES ('20210117KS7460954529264-ch00001','20210117KS7460954529264','2021-01-17',426.46,'Base room charge');
INSERT INTO PAYMENT VALUES ('20210117KS7460954529264-p00001','20210117KS7460954529264','2020-05-05','CC',131,'Dorian Delbosque','4415254061549413',5,2027,428,'Mastercard');
-- ------- SAMPLE 302 ----------
INSERT INTO GUEST VALUES(1302,'Raisa','Romito','RRomito@hotmail.com','1234 DaWrong Lane','Flonkerton','MD','12345','957-223-4109');
INSERT INTO RESERVATION VALUES ('20191223QD1680688105858',1302,200,'QD','2019-12-23','2019-12-28',null,'complete');
INSERT INTO INVOICECHARGE VALUES ('20191223QD1680688105858-ch00001','20191223QD1680688105858','2019-12-23',316.64,'Base room charge');
INSERT INTO INVOICECHARGE VALUES ('20191223QD1680688105858-ch00002','20191223QD1680688105858','2019-12-23',163.12,'Cleaning fee');
INSERT INTO PAYMENT (payment_id,invoice_id,payment_date,payment_type,payment_amount) VALUES ('20191223QD1680688105858-p00001','20191223QD1680688105858','2020-05-05','CA',479.76);
-- ------- SAMPLE 303 ----------
INSERT INTO GUEST VALUES(1303,'Raisa','Romito','RRomito@yahoo.com','1234 DaWrong Lane','Flonkerton','MD','12345','247-580-0627');
INSERT INTO RESERVATION VALUES ('20210226KJ8392009448315',1303,null,'KJ','2021-02-26','2021-03-01',null,'active');
INSERT INTO INVOICECHARGE VALUES ('20210226KJ8392009448315-ch00001','20210226KJ8392009448315','2021-02-26',274.43,'Base room charge');
INSERT INTO INVOICECHARGE VALUES ('20210226KJ8392009448315-ch00002','20210226KJ8392009448315','2021-02-26',141.37,'Room Service');
INSERT INTO PAYMENT (payment_id,invoice_id,payment_date,payment_type,payment_amount) VALUES ('20210226KJ8392009448315-p00001','20210226KJ8392009448315','2020-05-05','CA',274);
-- ------- SAMPLE 304 ----------
INSERT INTO GUEST VALUES(1304,'Bradley','Bently','BBently@gmail.com','1234 DaWrong Lane','Flonkerton','MD','12345','987-618-0637');
INSERT INTO RESERVATION VALUES ('20191031QS8358519570183',1304,103,'QS','2019-10-31','2019-11-02',null,'complete');
INSERT INTO INVOICECHARGE VALUES ('20191031QS8358519570183-ch00001','20191031QS8358519570183','2019-10-31',154.81,'Base room charge');
INSERT INTO INVOICECHARGE VALUES ('20191031QS8358519570183-ch00002','20191031QS8358519570183','2019-10-31',79.75,'Room Service');
INSERT INTO PAYMENT VALUES ('20191031QS8358519570183-p00001','20191031QS8358519570183','2020-05-05','CC',76,'Bradley Bently','5815152080270570',1,2021,949,'Mastercard');
-- ------- SAMPLE 305 ----------
INSERT INTO GUEST VALUES(1305,'Antwan','Albury','AAlbury@gmail.com','1234 DaWrong Lane','Flonkerton','MD','12345','333-741-9094');
INSERT INTO RESERVATION VALUES ('20200217QS4183772538010',1305,113,'QS','2020-02-17','2020-02-22',null,'complete');
INSERT INTO INVOICECHARGE VALUES ('20200217QS4183772538010-ch00001','20200217QS4183772538010','2020-02-17',387.01,'Base room charge');
INSERT INTO INVOICECHARGE VALUES ('20200217QS4183772538010-ch00002','20200217QS4183772538010','2020-02-17',199.37,'Room Service');
INSERT INTO PAYMENT VALUES ('20200217QS4183772538010-p00001','20200217QS4183772538010','2020-05-05','CC',586.38,'Antwan Albury','3790186219461173',6,2025,625,'Mastercard');
-- ------- SAMPLE 306 ----------
INSERT INTO GUEST VALUES(1306,'Jarrett','Janelle','JJanelle@yahoo.com','1234 DaWrong Lane','Flonkerton','MD','12345','463-398-1379');
INSERT INTO RESERVATION VALUES ('20190712KI3284184361119',1306,110,'KI','2019-07-12','2019-07-13',null,'complete');
-- ------- SAMPLE 307 ----------
INSERT INTO GUEST VALUES(1307,'Sherryl','Shurtleff','SShurtleff@hotmail.com','1234 DaWrong Lane','Flonkerton','MD','12345','005-601-0801');
INSERT INTO RESERVATION VALUES ('20200220KS8672624974886',1307,102,'KS','2020-02-20','2020-02-21',null,'complete');
-- ------- SAMPLE 308 ----------
INSERT INTO GUEST VALUES(1308,'Major','Meng','MMeng@yahoo.com','1234 DaWrong Lane','Flonkerton','MD','12345','885-866-3837');
INSERT INTO RESERVATION VALUES ('20200831QD1451098406405',1308,null,'QD','2020-08-31','2020-09-05',null,'cancelled');
INSERT INTO INVOICECHARGE VALUES ('20200831QD1451098406405-ch00001','20200831QD1451098406405','2020-08-31',316.64,'Base room charge');
INSERT INTO INVOICECHARGE VALUES ('20200831QD1451098406405-ch00002','20200831QD1451098406405','2020-08-31',163.12,'Room Service');
INSERT INTO PAYMENT VALUES ('20200831QD1451098406405-p00001','20200831QD1451098406405','2020-05-05','CC',284,'Major Meng','9789045109547845',2,2022,294,'Mastercard');
-- ------- SAMPLE 309 ----------
INSERT INTO GUEST VALUES(1309,'Bell','Belizaire','BBelizaire@hotmail.com','1234 DaWrong Lane','Flonkerton','MD','12345','456-303-8704');
INSERT INTO RESERVATION VALUES ('20201207KJ8420782042017',1309,null,'KJ','2020-12-07','2020-12-11',null,'active');
INSERT INTO INVOICECHARGE VALUES ('20201207KJ8420782042017-ch00001','20201207KJ8420782042017','2020-12-07',554.41,'Base room charge');
INSERT INTO PAYMENT VALUES ('20201207KJ8420782042017-p00001','20201207KJ8420782042017','2020-05-05','CC',554.41,'Bell Belizaire','4169036258718115',12,2021,574,'Mastercard');
-- ------- SAMPLE 310 ----------
INSERT INTO GUEST VALUES(1310,'Lakenya','Langston','LLangston@gmail.com','1234 DaWrong Lane','Flonkerton','MD','12345','600-553-5621');
INSERT INTO RESERVATION VALUES ('20190611QS1129737020586',1310,207,'QS','2019-06-11','2019-06-16',null,'complete');
-- ------- SAMPLE 311 ----------
INSERT INTO GUEST VALUES(1311,'Eda','Elmendorf','EElmendorf@hotmail.com','1234 DaWrong Lane','Flonkerton','MD','12345','262-868-1497');
INSERT INTO RESERVATION VALUES ('20200214QD1777708348701',1311,101,'QD','2020-02-14','2020-02-16',null,'complete');
INSERT INTO INVOICECHARGE VALUES ('20200214QD1777708348701-ch00001','20200214QD1777708348701','2020-02-14',191.9,'Base room charge');
INSERT INTO PAYMENT VALUES ('20200214QD1777708348701-p00001','20200214QD1777708348701','2020-05-05','CC',191.9,'Eda Elmendorf','3537830279823907',10,2026,818,'Mastercard');
-- ------- SAMPLE 312 ----------
INSERT INTO GUEST VALUES(1312,'Fiona','Figgs','FFiggs@gmail.com','1234 DaWrong Lane','Flonkerton','MD','12345','753-078-9341');
INSERT INTO RESERVATION VALUES ('20201121KS4134403711124',1312,null,'KS','2020-11-21','2020-11-26',null,'active');
INSERT INTO INVOICECHARGE VALUES ('20201121KS4134403711124-ch00001','20201121KS4134403711124','2020-11-21',351.83,'Base room charge');
INSERT INTO INVOICECHARGE VALUES ('20201121KS4134403711124-ch00002','20201121KS4134403711124','2020-11-21',181.24,'Room Service');
INSERT INTO PAYMENT VALUES ('20201121KS4134403711124-p00001','20201121KS4134403711124','2020-05-05','CC',196,'Fiona Figgs','5686478494419000',7,2022,759,'Mastercard');
-- ------- SAMPLE 313 ----------
INSERT INTO GUEST VALUES(1313,'Fredericka','Farney','FFarney@yahoo.com','1234 DaWrong Lane','Flonkerton','MD','12345','428-548-6026');
INSERT INTO RESERVATION VALUES ('20200104QS4553905316044',1313,113,'QS','2020-01-04','2020-01-06',null,'complete');
INSERT INTO INVOICECHARGE VALUES ('20200104QS4553905316044-ch00001','20200104QS4553905316044','2020-01-04',234.55,'Base room charge');
INSERT INTO PAYMENT (payment_id,invoice_id,payment_date,payment_type,payment_amount) VALUES ('20200104QS4553905316044-p00001','20200104QS4553905316044','2020-05-05','CA',234.55);
-- ------- SAMPLE 314 ----------
INSERT INTO GUEST VALUES(1314,'Delsie','Dunstan','DDunstan@hotmail.com','1234 DaWrong Lane','Flonkerton','MD','12345','588-328-2883');
INSERT INTO RESERVATION VALUES ('20200529KS8357625599301',1314,null,'KS','2020-05-29','2020-06-01',null,'active');
INSERT INTO INVOICECHARGE VALUES ('20200529KS8357625599301-ch00001','20200529KS8357625599301','2020-05-29',319.84,'Base room charge');
INSERT INTO PAYMENT VALUES ('20200529KS8357625599301-p00001','20200529KS8357625599301','2020-05-05','CC',67,'Delsie Dunstan','7015763994074196',8,2023,987,'Mastercard');
-- ------- SAMPLE 315 ----------
INSERT INTO GUEST VALUES(1315,'Boyce','Bate','BBate@gmail.com','1234 DaWrong Lane','Flonkerton','MD','12345','804-943-7424');
INSERT INTO RESERVATION VALUES ('20210228KS8587530273637',1315,null,'KS','2021-02-28','2021-03-01',null,'active');
-- ------- SAMPLE 316 ----------
INSERT INTO GUEST VALUES(1316,'Rachell','Riser','RRiser@hotmail.com','1234 DaWrong Lane','Flonkerton','MD','12345','664-767-0252');
INSERT INTO RESERVATION VALUES ('20190827KS2323678976618',1316,206,'KS','2019-08-27','2019-08-31',null,'complete');
INSERT INTO INVOICECHARGE VALUES ('20190827KS2323678976618-ch00001','20190827KS2323678976618','2019-08-27',426.46,'Base room charge');
INSERT INTO PAYMENT (payment_id,invoice_id,payment_date,payment_type,payment_amount) VALUES ('20190827KS2323678976618-p00001','20190827KS2323678976618','2020-05-05','CA',401);
-- ------- SAMPLE 317 ----------
INSERT INTO GUEST VALUES(1317,'Shaneka','Stribling','SStribling@hotmail.com','1234 DaWrong Lane','Flonkerton','MD','12345','131-093-9564');
INSERT INTO RESERVATION VALUES ('20191220KJ7917688639387',1317,208,'KJ','2019-12-20','2019-12-23',null,'complete');
INSERT INTO INVOICECHARGE VALUES ('20191220KJ7917688639387-ch00001','20191220KJ7917688639387','2019-12-20',415.81,'Base room charge');
INSERT INTO PAYMENT VALUES ('20191220KJ7917688639387-p00001','20191220KJ7917688639387','2020-05-05','CC',331,'Shaneka Stribling','3985116166394894',9,2027,594,'Mastercard');
-- ------- SAMPLE 318 ----------
INSERT INTO GUEST VALUES(1318,'Natalia','Nowacki','NNowacki@yahoo.com','1234 DaWrong Lane','Flonkerton','MD','12345','693-444-0601');
INSERT INTO RESERVATION VALUES ('20191218QD2905796973924',1318,200,'QD','2019-12-18','2019-12-21',null,'complete');
INSERT INTO INVOICECHARGE VALUES ('20191218QD2905796973924-ch00001','20191218QD2905796973924','2019-12-18',189.98,'Base room charge');
INSERT INTO INVOICECHARGE VALUES ('20191218QD2905796973924-ch00002','20191218QD2905796973924','2019-12-18',97.87,'Room Service');
INSERT INTO PAYMENT VALUES ('20191218QD2905796973924-p00001','20191218QD2905796973924','2020-05-05','CC',287.86,'Natalia Nowacki','6232512111872360',8,2021,153,'Mastercard');
-- ------- SAMPLE 319 ----------
INSERT INTO GUEST VALUES(1319,'Demarcus','Dearborn','DDearborn@yahoo.com','1234 DaWrong Lane','Flonkerton','MD','12345','092-922-5805');
INSERT INTO RESERVATION VALUES ('20201012QD8279070871889',1319,null,'QD','2020-10-12','2020-10-14',null,'cancelled');
-- ------- SAMPLE 320 ----------
INSERT INTO GUEST VALUES(1320,'Abdul','Ashe','AAshe@hotmail.com','1234 DaWrong Lane','Flonkerton','MD','12345','669-788-9687');
INSERT INTO RESERVATION VALUES ('20200803QS5414702397455',1320,null,'QS','2020-08-03','2020-08-07',null,'active');
-- ------- SAMPLE 321 ----------
INSERT INTO GUEST VALUES(1321,'Willian','Wiest','WWiest@yahoo.com','1234 DaWrong Lane','Flonkerton','MD','12345','399-954-7066');
INSERT INTO RESERVATION VALUES ('20190513QD9507150894897',1321,111,'QD','2019-05-13','2019-05-16',null,'complete');
INSERT INTO INVOICECHARGE VALUES ('20190513QD9507150894897-ch00001','20190513QD9507150894897','2019-05-13',287.86,'Base room charge');
INSERT INTO PAYMENT VALUES ('20190513QD9507150894897-p00001','20190513QD9507150894897','2020-05-05','CC',287.86,'Willian Wiest','6913481768158176',4,2023,264,'Mastercard');
-- ------- SAMPLE 322 ----------
INSERT INTO GUEST VALUES(1322,'Francie','Fairbank','FFairbank@yahoo.com','1234 DaWrong Lane','Flonkerton','MD','12345','885-645-0184');
INSERT INTO RESERVATION VALUES ('20200504QS9089835257044',1322,null,'QS','2020-05-04','2020-05-07',null,'active');
INSERT INTO INVOICECHARGE VALUES ('20200504QS9089835257044-ch00001','20200504QS9089835257044','2020-05-04',232.21,'Base room charge');
INSERT INTO INVOICECHARGE VALUES ('20200504QS9089835257044-ch00002','20200504QS9089835257044','2020-05-04',119.62,'Room Service');
INSERT INTO PAYMENT VALUES ('20200504QS9089835257044-p00001','20200504QS9089835257044','2020-05-05','CC',351.83,'Francie Fairbank','9380641177675257',5,2027,955,'Mastercard');
-- ------- SAMPLE 323 ----------
INSERT INTO GUEST VALUES(1323,'Elfriede','Esslinger','EEsslinger@yahoo.com','1234 DaWrong Lane','Flonkerton','MD','12345','494-677-9142');
INSERT INTO RESERVATION VALUES ('20201026KS5459310988208',1323,null,'KS','2020-10-26','2020-10-28',null,'active');
INSERT INTO INVOICECHARGE VALUES ('20201026KS5459310988208-ch00001','20201026KS5459310988208','2020-10-26',213.23,'Base room charge');
INSERT INTO PAYMENT VALUES ('20201026KS5459310988208-p00001','20201026KS5459310988208','2020-05-05','CC',127,'Elfriede Esslinger','7078441365842567',5,2027,618,'Mastercard');
-- ------- SAMPLE 324 ----------
INSERT INTO GUEST VALUES(1324,'Eryn','Edenfield','EEdenfield@yahoo.com','1234 DaWrong Lane','Flonkerton','MD','12345','155-231-1085');
INSERT INTO RESERVATION VALUES ('20191218QS2094855544066',1324,207,'QS','2019-12-18','2019-12-21',null,'complete');
INSERT INTO INVOICECHARGE VALUES ('20191218QS2094855544066-ch00001','20191218QS2094855544066','2019-12-18',232.21,'Base room charge');
INSERT INTO INVOICECHARGE VALUES ('20191218QS2094855544066-ch00002','20191218QS2094855544066','2019-12-18',119.62,'Cleaning fee');
INSERT INTO PAYMENT VALUES ('20191218QS2094855544066-p00001','20191218QS2094855544066','2020-05-05','CC',351.83,'Eryn Edenfield','8427832494810659',4,2023,514,'Mastercard');
-- ------- SAMPLE 325 ----------
INSERT INTO GUEST VALUES(1325,'Kandra','Kelty','KKelty@yahoo.com','1234 DaWrong Lane','Flonkerton','MD','12345','748-300-6845');
INSERT INTO RESERVATION VALUES ('20191126KS3512447943259',1325,206,'KS','2019-11-26','2019-11-30',null,'complete');
INSERT INTO INVOICECHARGE VALUES ('20191126KS3512447943259-ch00001','20191126KS3512447943259','2019-11-26',426.46,'Base room charge');
INSERT INTO PAYMENT VALUES ('20191126KS3512447943259-p00001','20191126KS3512447943259','2020-05-05','CC',34,'Kandra Kelty','9203787931336838',9,2026,24,'Mastercard');
-- ------- SAMPLE 326 ----------
INSERT INTO GUEST VALUES(1326,'Christine','Ciampa','CCiampa@hotmail.com','1234 DaWrong Lane','Flonkerton','MD','12345','583-077-3981');
INSERT INTO RESERVATION VALUES ('20200503QS4898981836279',1326,null,'QS','2020-05-03','2020-05-08',null,'active');
INSERT INTO INVOICECHARGE VALUES ('20200503QS4898981836279-ch00001','20200503QS4898981836279','2020-05-03',586.38,'Base room charge');
INSERT INTO PAYMENT (payment_id,invoice_id,payment_date,payment_type,payment_amount) VALUES ('20200503QS4898981836279-p00001','20200503QS4898981836279','2020-05-05','CA',515);
-- ------- SAMPLE 327 ----------
INSERT INTO GUEST VALUES(1327,'Natalya','Neathery','NNeathery@yahoo.com','1234 DaWrong Lane','Flonkerton','MD','12345','462-289-5283');
INSERT INTO RESERVATION VALUES ('20201022KS2100387403529',1327,null,'KS','2020-10-22','2020-10-25',null,'active');
INSERT INTO INVOICECHARGE VALUES ('20201022KS2100387403529-ch00001','20201022KS2100387403529','2020-10-22',211.1,'Base room charge');
INSERT INTO INVOICECHARGE VALUES ('20201022KS2100387403529-ch00002','20201022KS2100387403529','2020-10-22',108.75,'Cleaning fee');
INSERT INTO PAYMENT VALUES ('20201022KS2100387403529-p00001','20201022KS2100387403529','2020-05-05','CC',317,'Natalya Neathery','7483113064216680',10,2026,998,'Mastercard');
-- ------- SAMPLE 328 ----------
INSERT INTO GUEST VALUES(1328,'Abdul','Ashe','AAshe@yahoo.com','1234 DaWrong Lane','Flonkerton','MD','12345','163-657-3852');
INSERT INTO RESERVATION VALUES ('20210420KI8815877735423',1328,null,'KI','2021-04-20','2021-04-21',null,'active');
-- ------- SAMPLE 329 ----------
INSERT INTO GUEST VALUES(1329,'Leonore','Losh','LLosh@hotmail.com','1234 DaWrong Lane','Flonkerton','MD','12345','875-147-2745');
INSERT INTO RESERVATION VALUES ('20201015QD4803229343813',1329,null,'QD','2020-10-15','2020-10-16',null,'active');
-- ------- SAMPLE 330 ----------
INSERT INTO GUEST VALUES(1330,'Shonda','Schult','SSchult@hotmail.com','1234 DaWrong Lane','Flonkerton','MD','12345','141-794-9639');
INSERT INTO RESERVATION VALUES ('20201225QS8465802426414',1330,null,'QS','2020-12-25','2020-12-27',null,'active');
INSERT INTO INVOICECHARGE VALUES ('20201225QS8465802426414-ch00001','20201225QS8465802426414','2020-12-25',234.55,'Base room charge');
INSERT INTO PAYMENT VALUES ('20201225QS8465802426414-p00001','20201225QS8465802426414','2020-05-05','CC',234.55,'Shonda Schult','7479936921575885',11,2025,584,'Mastercard');
-- ------- SAMPLE 331 ----------
INSERT INTO GUEST VALUES(1331,'Claribel','Catanzaro','CCatanzaro@hotmail.com','1234 DaWrong Lane','Flonkerton','MD','12345','358-231-7657');
INSERT INTO RESERVATION VALUES ('20200510KI8032517649864',1331,null,'KI','2020-05-10','2020-05-14',null,'active');
INSERT INTO INVOICECHARGE VALUES ('20200510KI8032517649864-ch00001','20200510KI8032517649864','2020-05-10',225.16,'Base room charge');
INSERT INTO INVOICECHARGE VALUES ('20200510KI8032517649864-ch00002','20200510KI8032517649864','2020-05-10',115.99,'Room Service');
INSERT INTO PAYMENT (payment_id,invoice_id,payment_date,payment_type,payment_amount) VALUES ('20200510KI8032517649864-p00001','20200510KI8032517649864','2020-05-05','CA',341.16);
-- ------- SAMPLE 332 ----------
INSERT INTO GUEST VALUES(1332,'Leighann','Leith','LLeith@hotmail.com','1234 DaWrong Lane','Flonkerton','MD','12345','538-657-8388');
INSERT INTO RESERVATION VALUES ('20201127QD3522353025793',1332,null,'QD','2020-11-27','2020-11-29',null,'active');
INSERT INTO INVOICECHARGE VALUES ('20201127QD3522353025793-ch00001','20201127QD3522353025793','2020-11-27',191.9,'Base room charge');
INSERT INTO PAYMENT VALUES ('20201127QD3522353025793-p00001','20201127QD3522353025793','2020-05-05','CC',191.9,'Leighann Leith','5567664466319674',8,2023,213,'Mastercard');
-- ------- SAMPLE 333 ----------
INSERT INTO GUEST VALUES(1333,'James','Janey','JJaney@gmail.com','1234 DaWrong Lane','Flonkerton','MD','12345','408-167-4455');
INSERT INTO RESERVATION VALUES ('20190927KJ5403030340968',1333,109,'KJ','2019-09-27','2019-09-29',null,'cancelled');
INSERT INTO INVOICECHARGE VALUES ('20190927KJ5403030340968-ch00001','20190927KJ5403030340968','2019-09-27',182.95,'Base room charge');
INSERT INTO INVOICECHARGE VALUES ('20190927KJ5403030340968-ch00002','20190927KJ5403030340968','2019-09-27',94.25,'Room Service');
INSERT INTO PAYMENT (payment_id,invoice_id,payment_date,payment_type,payment_amount) VALUES ('20190927KJ5403030340968-p00001','20190927KJ5403030340968','2020-05-05','CA',139);
-- ------- SAMPLE 334 ----------
INSERT INTO GUEST VALUES(1334,'Shandi','Scharf','SScharf@gmail.com','1234 DaWrong Lane','Flonkerton','MD','12345','778-134-2708');
INSERT INTO RESERVATION VALUES ('20190905KJ6641421534558',1334,104,'KJ','2019-09-05','2019-09-06',null,'complete');
INSERT INTO INVOICECHARGE VALUES ('20190905KJ6641421534558-ch00001','20190905KJ6641421534558','2019-09-05',138.6,'Base room charge');
INSERT INTO PAYMENT (payment_id,invoice_id,payment_date,payment_type,payment_amount) VALUES ('20190905KJ6641421534558-p00001','20190905KJ6641421534558','2020-05-05','CA',138.6);
-- ------- SAMPLE 335 ----------
INSERT INTO GUEST VALUES(1335,'Kaley','Kilmon','KKilmon@yahoo.com','1234 DaWrong Lane','Flonkerton','MD','12345','752-663-3008');
INSERT INTO RESERVATION VALUES ('20200824KS4184788218953',1335,null,'KS','2020-08-24','2020-08-25',null,'active');
INSERT INTO INVOICECHARGE VALUES ('20200824KS4184788218953-ch00001','20200824KS4184788218953','2020-08-24',70.37,'Base room charge');
INSERT INTO INVOICECHARGE VALUES ('20200824KS4184788218953-ch00002','20200824KS4184788218953','2020-08-24',36.25,'Cleaning fee');
INSERT INTO PAYMENT (payment_id,invoice_id,payment_date,payment_type,payment_amount) VALUES ('20200824KS4184788218953-p00001','20200824KS4184788218953','2020-05-05','CA',11);
-- ------- SAMPLE 336 ----------
INSERT INTO GUEST VALUES(1336,'Dorian','Delbosque','DDelbosque@hotmail.com','1234 DaWrong Lane','Flonkerton','MD','12345','808-384-7443');
INSERT INTO RESERVATION VALUES ('20200627KJ9374747892186',1336,null,'KJ','2020-06-27','2020-06-30',null,'active');
-- ------- SAMPLE 337 ----------
INSERT INTO GUEST VALUES(1337,'Deandra','Dimauro','DDimauro@gmail.com','1234 DaWrong Lane','Flonkerton','MD','12345','260-626-5147');
INSERT INTO RESERVATION VALUES ('20200226KS6473675547520',1337,112,'KS','2020-02-26','2020-03-02',null,'complete');
INSERT INTO INVOICECHARGE VALUES ('20200226KS6473675547520-ch00001','20200226KS6473675547520','2020-02-26',533.07,'Base room charge');
INSERT INTO PAYMENT VALUES ('20200226KS6473675547520-p00001','20200226KS6473675547520','2020-05-05','CC',533.07,'Deandra Dimauro','1401690845707674',11,2023,393,'Mastercard');
-- ------- SAMPLE 338 ----------
INSERT INTO GUEST VALUES(1338,'Tish','Tusing','TTusing@gmail.com','1234 DaWrong Lane','Flonkerton','MD','12345','905-266-5140');
INSERT INTO RESERVATION VALUES ('20201217KI4968043449209',1338,null,'KI','2020-12-17','2020-12-22',null,'active');
INSERT INTO INVOICECHARGE VALUES ('20201217KI4968043449209-ch00001','20201217KI4968043449209','2020-12-17',426.45,'Base room charge');
INSERT INTO PAYMENT VALUES ('20201217KI4968043449209-p00001','20201217KI4968043449209','2020-05-05','CC',426.45,'Tish Tusing','2218375271540004',10,2025,377,'Mastercard');
-- ------- SAMPLE 339 ----------
INSERT INTO GUEST VALUES(1339,'Leanora','Locke','LLocke@hotmail.com','1234 DaWrong Lane','Flonkerton','MD','12345','599-465-5772');
INSERT INTO RESERVATION VALUES ('20190527QS4901227914807',1339,207,'QS','2019-05-27','2019-05-30',null,'complete');
INSERT INTO INVOICECHARGE VALUES ('20190527QS4901227914807-ch00001','20190527QS4901227914807','2019-05-27',232.21,'Base room charge');
INSERT INTO INVOICECHARGE VALUES ('20190527QS4901227914807-ch00002','20190527QS4901227914807','2019-05-27',119.62,'Room Service');
INSERT INTO PAYMENT VALUES ('20190527QS4901227914807-p00001','20190527QS4901227914807','2020-05-05','CC',351.83,'Leanora Locke','3595444341736554',1,2021,678,'Mastercard');
-- ------- SAMPLE 340 ----------
INSERT INTO GUEST VALUES(1340,'Luella','Lundstrom','LLundstrom@yahoo.com','1234 DaWrong Lane','Flonkerton','MD','12345','785-654-6150');
INSERT INTO RESERVATION VALUES ('20200213KS2241133421638',1340,201,'KS','2020-02-13','2020-02-16',null,'complete');
INSERT INTO INVOICECHARGE VALUES ('20200213KS2241133421638-ch00001','20200213KS2241133421638','2020-02-13',319.84,'Base room charge');
INSERT INTO PAYMENT VALUES ('20200213KS2241133421638-p00001','20200213KS2241133421638','2020-05-05','CC',319.84,'Luella Lundstrom','9600038872593528',1,2022,249,'Mastercard');
-- ------- SAMPLE 341 ----------
INSERT INTO GUEST VALUES(1341,'Linwood','Layden','LLayden@gmail.com','1234 DaWrong Lane','Flonkerton','MD','12345','139-804-1982');
INSERT INTO RESERVATION VALUES ('20190824KI9215405263041',1341,209,'KI','2019-08-24','2019-08-27',null,'complete');
INSERT INTO INVOICECHARGE VALUES ('20190824KI9215405263041-ch00001','20190824KI9215405263041','2019-08-24',168.87,'Base room charge');
INSERT INTO INVOICECHARGE VALUES ('20190824KI9215405263041-ch00002','20190824KI9215405263041','2019-08-24',87,'Cleaning fee');
INSERT INTO PAYMENT (payment_id,invoice_id,payment_date,payment_type,payment_amount) VALUES ('20190824KI9215405263041-p00001','20190824KI9215405263041','2020-05-05','CA',255.87);
-- ------- SAMPLE 342 ----------
INSERT INTO GUEST VALUES(1342,'Bell','Belizaire','BBelizaire@yahoo.com','1234 DaWrong Lane','Flonkerton','MD','12345','075-470-0227');
INSERT INTO RESERVATION VALUES ('20190705QD8572252952693',1342,200,'QD','2019-07-05','2019-07-10',null,'complete');
INSERT INTO INVOICECHARGE VALUES ('20190705QD8572252952693-ch00001','20190705QD8572252952693','2019-07-05',479.76,'Base room charge');
INSERT INTO PAYMENT VALUES ('20190705QD8572252952693-p00001','20190705QD8572252952693','2020-05-05','CC',98,'Bell Belizaire','5197742689810814',12,2025,261,'Mastercard');
-- ------- SAMPLE 343 ----------
INSERT INTO GUEST VALUES(1343,'Lynda','Linda','LLinda@gmail.com','1234 DaWrong Lane','Flonkerton','MD','12345','694-358-2038');
INSERT INTO RESERVATION VALUES ('20200703KJ3093405834503',1343,null,'KJ','2020-07-03','2020-07-05',null,'active');
INSERT INTO INVOICECHARGE VALUES ('20200703KJ3093405834503-ch00001','20200703KJ3093405834503','2020-07-03',277.2,'Base room charge');
INSERT INTO PAYMENT (payment_id,invoice_id,payment_date,payment_type,payment_amount) VALUES ('20200703KJ3093405834503-p00001','20200703KJ3093405834503','2020-05-05','CA',277.2);
-- ------- SAMPLE 344 ----------
INSERT INTO GUEST VALUES(1344,'Luella','Lundstrom','LLundstrom@gmail.com','1234 DaWrong Lane','Flonkerton','MD','12345','568-749-6814');
INSERT INTO RESERVATION VALUES ('20201211QS6648870847386',1344,null,'QS','2020-12-11','2020-12-12',null,'active');
INSERT INTO INVOICECHARGE VALUES ('20201211QS6648870847386-ch00001','20201211QS6648870847386','2020-12-11',77.4,'Base room charge');
INSERT INTO INVOICECHARGE VALUES ('20201211QS6648870847386-ch00002','20201211QS6648870847386','2020-12-11',39.87,'Room Service');
INSERT INTO PAYMENT (payment_id,invoice_id,payment_date,payment_type,payment_amount) VALUES ('20201211QS6648870847386-p00001','20201211QS6648870847386','2020-05-05','CA',87);
-- ------- SAMPLE 345 ----------
INSERT INTO GUEST VALUES(1345,'Raven','Rybicki','RRybicki@gmail.com','1234 DaWrong Lane','Flonkerton','MD','12345','927-956-5045');
INSERT INTO RESERVATION VALUES ('20200323QD8930147271023',1345,116,'QD','2020-03-23','2020-03-27',null,'complete');
-- ------- SAMPLE 346 ----------
INSERT INTO GUEST VALUES(1346,'Demarcus','Dearborn','DDearborn@gmail.com','1234 DaWrong Lane','Flonkerton','MD','12345','348-313-4530');
INSERT INTO RESERVATION VALUES ('20210411KI4283559686271',1346,null,'KI','2021-04-11','2021-04-13',null,'active');
INSERT INTO INVOICECHARGE VALUES ('20210411KI4283559686271-ch00001','20210411KI4283559686271','2021-04-11',112.58,'Base room charge');
INSERT INTO INVOICECHARGE VALUES ('20210411KI4283559686271-ch00002','20210411KI4283559686271','2021-04-11',58,'Cleaning fee');
INSERT INTO PAYMENT VALUES ('20210411KI4283559686271-p00001','20210411KI4283559686271','2020-05-05','CC',141,'Demarcus Dearborn','4416171739046335',12,2023,613,'Mastercard');
-- ------- SAMPLE 347 ----------
INSERT INTO GUEST VALUES(1347,'Romaine','Reck','RReck@gmail.com','1234 DaWrong Lane','Flonkerton','MD','12345','183-038-9332');
INSERT INTO RESERVATION VALUES ('20200607QS8433591557152',1347,null,'QS','2020-06-07','2020-06-10',null,'active');
-- ------- SAMPLE 348 ----------
INSERT INTO GUEST VALUES(1348,'Selene','Staiger','SStaiger@yahoo.com','1234 DaWrong Lane','Flonkerton','MD','12345','878-116-3415');
INSERT INTO RESERVATION VALUES ('20210216QS1186226783601',1348,null,'QS','2021-02-16','2021-02-19',null,'active');
INSERT INTO INVOICECHARGE VALUES ('20210216QS1186226783601-ch00001','20210216QS1186226783601','2021-02-16',232.21,'Base room charge');
INSERT INTO INVOICECHARGE VALUES ('20210216QS1186226783601-ch00002','20210216QS1186226783601','2021-02-16',119.62,'Cleaning fee');
INSERT INTO PAYMENT (payment_id,invoice_id,payment_date,payment_type,payment_amount) VALUES ('20210216QS1186226783601-p00001','20210216QS1186226783601','2020-05-05','CA',351.83);
-- ------- SAMPLE 349 ----------
INSERT INTO GUEST VALUES(1349,'Randal','Rohman','RRohman@hotmail.com','1234 DaWrong Lane','Flonkerton','MD','12345','225-845-3830');
INSERT INTO RESERVATION VALUES ('20200926KS8247141785372',1349,null,'KS','2020-09-26','2020-09-29',null,'active');
INSERT INTO INVOICECHARGE VALUES ('20200926KS8247141785372-ch00001','20200926KS8247141785372','2020-09-26',211.1,'Base room charge');
INSERT INTO INVOICECHARGE VALUES ('20200926KS8247141785372-ch00002','20200926KS8247141785372','2020-09-26',108.75,'Cleaning fee');
INSERT INTO PAYMENT VALUES ('20200926KS8247141785372-p00001','20200926KS8247141785372','2020-05-05','CC',319.84,'Randal Rohman','6962804379993859',1,2025,259,'Mastercard');
-- ------- SAMPLE 350 ----------
INSERT INTO GUEST VALUES(1350,'Nena','Nunez','NNunez@hotmail.com','1234 DaWrong Lane','Flonkerton','MD','12345','269-078-0094');
INSERT INTO RESERVATION VALUES ('20200124QS7861351017462',1350,103,'QS','2020-01-24','2020-01-27',null,'complete');
-- ------- SAMPLE 351 ----------
INSERT INTO GUEST VALUES(1351,'Randal','Rohman','RRohman@yahoo.com','1234 DaWrong Lane','Flonkerton','MD','12345','988-027-6171');
INSERT INTO RESERVATION VALUES ('20191201KI3425250992097',1351,204,'KI','2019-12-01','2019-12-06',null,'complete');
INSERT INTO INVOICECHARGE VALUES ('20191201KI3425250992097-ch00001','20191201KI3425250992097','2019-12-01',281.45,'Base room charge');
INSERT INTO INVOICECHARGE VALUES ('20191201KI3425250992097-ch00002','20191201KI3425250992097','2019-12-01',144.99,'Room Service');
INSERT INTO PAYMENT VALUES ('20191201KI3425250992097-p00001','20191201KI3425250992097','2020-05-05','CC',426.45,'Randal Rohman','9612044269064692',10,2026,812,'Mastercard');
-- ------- SAMPLE 352 ----------
INSERT INTO GUEST VALUES(1352,'Raven','Rybicki','RRybicki@gmail.com','1234 DaWrong Lane','Flonkerton','MD','12345','205-260-4577');
INSERT INTO RESERVATION VALUES ('20201118KJ6588174983972',1352,null,'KJ','2020-11-18','2020-11-23',null,'active');
INSERT INTO INVOICECHARGE VALUES ('20201118KJ6588174983972-ch00001','20201118KJ6588174983972','2020-11-18',457.39,'Base room charge');
INSERT INTO INVOICECHARGE VALUES ('20201118KJ6588174983972-ch00002','20201118KJ6588174983972','2020-11-18',235.62,'Room Service');
INSERT INTO PAYMENT (payment_id,invoice_id,payment_date,payment_type,payment_amount) VALUES ('20201118KJ6588174983972-p00001','20201118KJ6588174983972','2020-05-05','CA',693.01);
-- ------- SAMPLE 353 ----------
INSERT INTO GUEST VALUES(1353,'Shonda','Schult','SSchult@yahoo.com','1234 DaWrong Lane','Flonkerton','MD','12345','973-093-0441');
INSERT INTO RESERVATION VALUES ('20200211KJ4811664341629',1353,203,'KJ','2020-02-11','2020-02-16',null,'complete');
INSERT INTO INVOICECHARGE VALUES ('20200211KJ4811664341629-ch00001','20200211KJ4811664341629','2020-02-11',457.39,'Base room charge');
INSERT INTO INVOICECHARGE VALUES ('20200211KJ4811664341629-ch00002','20200211KJ4811664341629','2020-02-11',235.62,'Room Service');
INSERT INTO PAYMENT (payment_id,invoice_id,payment_date,payment_type,payment_amount) VALUES ('20200211KJ4811664341629-p00001','20200211KJ4811664341629','2020-05-05','CA',693.01);
-- ------- SAMPLE 354 ----------
INSERT INTO GUEST VALUES(1354,'Eda','Elmendorf','EElmendorf@yahoo.com','1234 DaWrong Lane','Flonkerton','MD','12345','514-308-5686');
INSERT INTO RESERVATION VALUES ('20200101KS2216059104716',1354,107,'KS','2020-01-01','2020-01-06',null,'complete');
-- ------- SAMPLE 355 ----------
INSERT INTO GUEST VALUES(1355,'Stan','Schnell','SSchnell@gmail.com','1234 DaWrong Lane','Flonkerton','MD','12345','280-923-9475');
INSERT INTO RESERVATION VALUES ('20190807KI4416858328093',1355,110,'KI','2019-08-07','2019-08-12',null,'complete');
INSERT INTO INVOICECHARGE VALUES ('20190807KI4416858328093-ch00001','20190807KI4416858328093','2019-08-07',426.45,'Base room charge');
INSERT INTO PAYMENT VALUES ('20190807KI4416858328093-p00001','20190807KI4416858328093','2020-05-05','CC',237,'Stan Schnell','8216818546720905',8,2025,765,'Mastercard');
-- ------- SAMPLE 356 ----------
INSERT INTO GUEST VALUES(1356,'Marylynn','Musson','MMusson@yahoo.com','1234 DaWrong Lane','Flonkerton','MD','12345','554-030-8379');
INSERT INTO RESERVATION VALUES ('20200501QD3596249031579',1356,111,'QD','2020-05-01','2020-05-03',null,'complete');
INSERT INTO INVOICECHARGE VALUES ('20200501QD3596249031579-ch00001','20200501QD3596249031579','2020-05-01',126.66,'Base room charge');
INSERT INTO INVOICECHARGE VALUES ('20200501QD3596249031579-ch00002','20200501QD3596249031579','2020-05-01',65.25,'Room Service');
INSERT INTO PAYMENT VALUES ('20200501QD3596249031579-p00001','20200501QD3596249031579','2020-05-05','CC',2,'Marylynn Musson','8852062600441488',4,2027,771,'Mastercard');
-- ------- SAMPLE 357 ----------
INSERT INTO GUEST VALUES(1357,'Fredericka','Farney','FFarney@hotmail.com','1234 DaWrong Lane','Flonkerton','MD','12345','254-662-2436');
INSERT INTO RESERVATION VALUES ('20200512QD3438878694591',1357,null,'QD','2020-05-12','2020-05-13',null,'active');
INSERT INTO INVOICECHARGE VALUES ('20200512QD3438878694591-ch00001','20200512QD3438878694591','2020-05-12',63.33,'Base room charge');
INSERT INTO INVOICECHARGE VALUES ('20200512QD3438878694591-ch00002','20200512QD3438878694591','2020-05-12',32.62,'Cleaning fee');
INSERT INTO PAYMENT VALUES ('20200512QD3438878694591-p00001','20200512QD3438878694591','2020-05-05','CC',95.95,'Fredericka Farney','4109239375067104',2,2023,22,'Mastercard');
-- ------- SAMPLE 358 ----------
INSERT INTO GUEST VALUES(1358,'Gwyneth','Gamber','GGamber@hotmail.com','1234 DaWrong Lane','Flonkerton','MD','12345','741-892-8408');
INSERT INTO RESERVATION VALUES ('20201211QD1125181500061',1358,null,'QD','2020-12-11','2020-12-14',null,'active');
INSERT INTO INVOICECHARGE VALUES ('20201211QD1125181500061-ch00001','20201211QD1125181500061','2020-12-11',189.98,'Base room charge');
INSERT INTO INVOICECHARGE VALUES ('20201211QD1125181500061-ch00002','20201211QD1125181500061','2020-12-11',97.87,'Room Service');
INSERT INTO PAYMENT VALUES ('20201211QD1125181500061-p00001','20201211QD1125181500061','2020-05-05','CC',77,'Gwyneth Gamber','9929256678084351',9,2021,98,'Mastercard');
-- ------- SAMPLE 359 ----------
INSERT INTO GUEST VALUES(1359,'Aretha','Acy','AAcy@gmail.com','1234 DaWrong Lane','Flonkerton','MD','12345','677-833-0978');
INSERT INTO RESERVATION VALUES ('20201202QS7663110190038',1359,null,'QS','2020-12-02','2020-12-07',null,'active');
INSERT INTO INVOICECHARGE VALUES ('20201202QS7663110190038-ch00001','20201202QS7663110190038','2020-12-02',387.01,'Base room charge');
INSERT INTO INVOICECHARGE VALUES ('20201202QS7663110190038-ch00002','20201202QS7663110190038','2020-12-02',199.37,'Room Service');
INSERT INTO PAYMENT (payment_id,invoice_id,payment_date,payment_type,payment_amount) VALUES ('20201202QS7663110190038-p00001','20201202QS7663110190038','2020-05-05','CA',586.38);
-- ------- SAMPLE 360 ----------
INSERT INTO GUEST VALUES(1360,'Eryn','Edenfield','EEdenfield@yahoo.com','1234 DaWrong Lane','Flonkerton','MD','12345','846-002-1202');
INSERT INTO RESERVATION VALUES ('20200510KS7898210265714',1360,null,'KS','2020-05-10','2020-05-12',null,'cancelled');
INSERT INTO INVOICECHARGE VALUES ('20200510KS7898210265714-ch00001','20200510KS7898210265714','2020-05-10',140.73,'Base room charge');
INSERT INTO INVOICECHARGE VALUES ('20200510KS7898210265714-ch00002','20200510KS7898210265714','2020-05-10',72.5,'Room Service');
INSERT INTO PAYMENT VALUES ('20200510KS7898210265714-p00001','20200510KS7898210265714','2020-05-05','CC',199,'Eryn Edenfield','1550915496671777',10,2023,624,'Mastercard');
-- ------- SAMPLE 361 ----------
INSERT INTO GUEST VALUES(1361,'Dane','Dumond','DDumond@gmail.com','1234 DaWrong Lane','Flonkerton','MD','12345','069-985-8909');
INSERT INTO RESERVATION VALUES ('20200611KJ1277888100468',1361,null,'KJ','2020-06-11','2020-06-14',null,'active');
INSERT INTO INVOICECHARGE VALUES ('20200611KJ1277888100468-ch00001','20200611KJ1277888100468','2020-06-11',415.81,'Base room charge');
INSERT INTO PAYMENT VALUES ('20200611KJ1277888100468-p00001','20200611KJ1277888100468','2020-05-05','CC',130,'Dane Dumond','2779557113895509',4,2021,771,'Mastercard');
-- ------- SAMPLE 362 ----------
INSERT INTO GUEST VALUES(1362,'Raisa','Romito','RRomito@gmail.com','1234 DaWrong Lane','Flonkerton','MD','12345','112-870-4468');
INSERT INTO RESERVATION VALUES ('20200115KJ4551506546126',1362,119,'KJ','2020-01-15','2020-01-17',null,'complete');
-- ------- SAMPLE 363 ----------
INSERT INTO GUEST VALUES(1363,'Doyle','Dykema','DDykema@yahoo.com','1234 DaWrong Lane','Flonkerton','MD','12345','079-700-1630');
INSERT INTO RESERVATION VALUES ('20201010KI2754793493602',1363,null,'KI','2020-10-10','2020-10-14',null,'active');
-- ------- SAMPLE 364 ----------
INSERT INTO GUEST VALUES(1364,'Ngan','Nalley','NNalley@yahoo.com','1234 DaWrong Lane','Flonkerton','MD','12345','611-224-4901');
INSERT INTO RESERVATION VALUES ('20210125KI7077999774239',1364,null,'KI','2021-01-25','2021-01-27',null,'active');
INSERT INTO INVOICECHARGE VALUES ('20210125KI7077999774239-ch00001','20210125KI7077999774239','2021-01-25',112.58,'Base room charge');
INSERT INTO INVOICECHARGE VALUES ('20210125KI7077999774239-ch00002','20210125KI7077999774239','2021-01-25',58,'Room Service');
INSERT INTO PAYMENT VALUES ('20210125KI7077999774239-p00001','20210125KI7077999774239','2020-05-05','CC',170.58,'Ngan Nalley','4015852569857499',1,2021,822,'Mastercard');
-- ------- SAMPLE 365 ----------
INSERT INTO GUEST VALUES(1365,'Shandi','Scharf','SScharf@yahoo.com','1234 DaWrong Lane','Flonkerton','MD','12345','862-517-1723');
INSERT INTO RESERVATION VALUES ('20200811KS8667126631988',1365,null,'KS','2020-08-11','2020-08-13',null,'active');
INSERT INTO INVOICECHARGE VALUES ('20200811KS8667126631988-ch00001','20200811KS8667126631988','2020-08-11',213.23,'Base room charge');
INSERT INTO PAYMENT VALUES ('20200811KS8667126631988-p00001','20200811KS8667126631988','2020-05-05','CC',107,'Shandi Scharf','5052113538274997',4,2021,758,'Mastercard');
-- ------- SAMPLE 366 ----------
INSERT INTO GUEST VALUES(1366,'Leanora','Locke','LLocke@hotmail.com','1234 DaWrong Lane','Flonkerton','MD','12345','622-051-7958');
INSERT INTO RESERVATION VALUES ('20200822KI1567042111375',1366,null,'KI','2020-08-22','2020-08-24',null,'active');
INSERT INTO INVOICECHARGE VALUES ('20200822KI1567042111375-ch00001','20200822KI1567042111375','2020-08-22',170.58,'Base room charge');
INSERT INTO PAYMENT VALUES ('20200822KI1567042111375-p00001','20200822KI1567042111375','2020-05-05','CC',27,'Leanora Locke','7382924269397319',1,2024,537,'Mastercard');
-- ------- SAMPLE 367 ----------
INSERT INTO GUEST VALUES(1367,'Dorian','Delbosque','DDelbosque@yahoo.com','1234 DaWrong Lane','Flonkerton','MD','12345','151-918-2495');
INSERT INTO RESERVATION VALUES ('20190525QS1724094643524',1367,207,'QS','2019-05-25','2019-05-28',null,'complete');
INSERT INTO INVOICECHARGE VALUES ('20190525QS1724094643524-ch00001','20190525QS1724094643524','2019-05-25',232.21,'Base room charge');
INSERT INTO INVOICECHARGE VALUES ('20190525QS1724094643524-ch00002','20190525QS1724094643524','2019-05-25',119.62,'Cleaning fee');
INSERT INTO PAYMENT (payment_id,invoice_id,payment_date,payment_type,payment_amount) VALUES ('20190525QS1724094643524-p00001','20190525QS1724094643524','2020-05-05','CA',351.83);
-- ------- SAMPLE 368 ----------
INSERT INTO GUEST VALUES(1368,'Melony','Mcmartin','MMcmartin@yahoo.com','1234 DaWrong Lane','Flonkerton','MD','12345','212-674-5603');
INSERT INTO RESERVATION VALUES ('20210107KS4943616900514',1368,null,'KS','2021-01-07','2021-01-08',null,'active');
INSERT INTO INVOICECHARGE VALUES ('20210107KS4943616900514-ch00001','20210107KS4943616900514','2021-01-07',106.61,'Base room charge');
INSERT INTO PAYMENT (payment_id,invoice_id,payment_date,payment_type,payment_amount) VALUES ('20210107KS4943616900514-p00001','20210107KS4943616900514','2020-05-05','CA',29);
-- ------- SAMPLE 369 ----------
INSERT INTO GUEST VALUES(1369,'Marylynn','Musson','MMusson@gmail.com','1234 DaWrong Lane','Flonkerton','MD','12345','322-323-8500');
INSERT INTO RESERVATION VALUES ('20200128KI6321217418886',1369,120,'KI','2020-01-28','2020-01-29',null,'complete');
INSERT INTO INVOICECHARGE VALUES ('20200128KI6321217418886-ch00001','20200128KI6321217418886','2020-01-28',56.29,'Base room charge');
INSERT INTO INVOICECHARGE VALUES ('20200128KI6321217418886-ch00002','20200128KI6321217418886','2020-01-28',29,'Cleaning fee');
INSERT INTO PAYMENT VALUES ('20200128KI6321217418886-p00001','20200128KI6321217418886','2020-05-05','CC',67,'Marylynn Musson','7698158090532885',2,2022,542,'Mastercard');
-- ------- SAMPLE 370 ----------
INSERT INTO GUEST VALUES(1370,'Ngan','Nalley','NNalley@hotmail.com','1234 DaWrong Lane','Flonkerton','MD','12345','449-643-6927');
INSERT INTO RESERVATION VALUES ('20210125KS2910723978579',1370,null,'KS','2021-01-25','2021-01-29',null,'active');
INSERT INTO INVOICECHARGE VALUES ('20210125KS2910723978579-ch00001','20210125KS2910723978579','2021-01-25',281.46,'Base room charge');
INSERT INTO INVOICECHARGE VALUES ('20210125KS2910723978579-ch00002','20210125KS2910723978579','2021-01-25',145,'Cleaning fee');
INSERT INTO PAYMENT (payment_id,invoice_id,payment_date,payment_type,payment_amount) VALUES ('20210125KS2910723978579-p00001','20210125KS2910723978579','2020-05-05','CA',426.46);
-- ------- SAMPLE 371 ----------
INSERT INTO GUEST VALUES(1371,'Dorothea','Dipaolo','DDipaolo@hotmail.com','1234 DaWrong Lane','Flonkerton','MD','12345','496-997-9290');
INSERT INTO RESERVATION VALUES ('20200326KI9997388461594',1371,120,'KI','2020-03-26','2020-03-29',null,'complete');
-- ------- SAMPLE 372 ----------
INSERT INTO GUEST VALUES(1372,'Marylynn','Musson','MMusson@gmail.com','1234 DaWrong Lane','Flonkerton','MD','12345','900-919-7162');
INSERT INTO RESERVATION VALUES ('20201021KS8770268995548',1372,null,'KS','2020-10-21','2020-10-23',null,'active');
INSERT INTO INVOICECHARGE VALUES ('20201021KS8770268995548-ch00001','20201021KS8770268995548','2020-10-21',213.23,'Base room charge');
INSERT INTO PAYMENT VALUES ('20201021KS8770268995548-p00001','20201021KS8770268995548','2020-05-05','CC',137,'Marylynn Musson','1361231359724283',1,2023,999,'Mastercard');
-- ------- SAMPLE 373 ----------
INSERT INTO GUEST VALUES(1373,'Stacie','Schupp','SSchupp@yahoo.com','1234 DaWrong Lane','Flonkerton','MD','12345','068-604-9918');
INSERT INTO RESERVATION VALUES ('20190526KJ5333386837724',1373,104,'KJ','2019-05-26','2019-05-27',null,'complete');
INSERT INTO INVOICECHARGE VALUES ('20190526KJ5333386837724-ch00001','20190526KJ5333386837724','2019-05-26',91.48,'Base room charge');
INSERT INTO INVOICECHARGE VALUES ('20190526KJ5333386837724-ch00002','20190526KJ5333386837724','2019-05-26',47.12,'Cleaning fee');
INSERT INTO PAYMENT (payment_id,invoice_id,payment_date,payment_type,payment_amount) VALUES ('20190526KJ5333386837724-p00001','20190526KJ5333386837724','2020-05-05','CA',138.6);
-- ------- SAMPLE 374 ----------
INSERT INTO GUEST VALUES(1374,'Lucius','Liles','LLiles@hotmail.com','1234 DaWrong Lane','Flonkerton','MD','12345','892-343-9548');
INSERT INTO RESERVATION VALUES ('20200604KS9764556827811',1374,null,'KS','2020-06-04','2020-06-09',null,'active');
INSERT INTO INVOICECHARGE VALUES ('20200604KS9764556827811-ch00001','20200604KS9764556827811','2020-06-04',351.83,'Base room charge');
INSERT INTO INVOICECHARGE VALUES ('20200604KS9764556827811-ch00002','20200604KS9764556827811','2020-06-04',181.24,'Room Service');
INSERT INTO PAYMENT VALUES ('20200604KS9764556827811-p00001','20200604KS9764556827811','2020-05-05','CC',533.07,'Lucius Liles','3152505295548930',1,2023,703,'Mastercard');
-- ------- SAMPLE 375 ----------
INSERT INTO GUEST VALUES(1375,'Jenna','Jesse','JJesse@gmail.com','1234 DaWrong Lane','Flonkerton','MD','12345','069-676-9846');
INSERT INTO RESERVATION VALUES ('20190621KI9977592859458',1375,204,'KI','2019-06-21','2019-06-25',null,'complete');
INSERT INTO INVOICECHARGE VALUES ('20190621KI9977592859458-ch00001','20190621KI9977592859458','2019-06-21',225.16,'Base room charge');
INSERT INTO INVOICECHARGE VALUES ('20190621KI9977592859458-ch00002','20190621KI9977592859458','2019-06-21',115.99,'Room Service');
INSERT INTO PAYMENT VALUES ('20190621KI9977592859458-p00001','20190621KI9977592859458','2020-05-05','CC',341.16,'Jenna Jesse','6751729073021274',5,2023,872,'Mastercard');
-- ------- SAMPLE 376 ----------
INSERT INTO GUEST VALUES(1376,'Claribel','Catanzaro','CCatanzaro@gmail.com','1234 DaWrong Lane','Flonkerton','MD','12345','149-112-6553');
INSERT INTO RESERVATION VALUES ('20201026QS5278764418536',1376,null,'QS','2020-10-26','2020-10-28',null,'active');
INSERT INTO INVOICECHARGE VALUES ('20201026QS5278764418536-ch00001','20201026QS5278764418536','2020-10-26',234.55,'Base room charge');
INSERT INTO PAYMENT VALUES ('20201026QS5278764418536-p00001','20201026QS5278764418536','2020-05-05','CC',234.55,'Claribel Catanzaro','2429184936536026',3,2024,540,'Mastercard');
-- ------- SAMPLE 377 ----------
INSERT INTO GUEST VALUES(1377,'Delsie','Delong','DDelong@yahoo.com','1234 DaWrong Lane','Flonkerton','MD','12345','768-105-6226');
INSERT INTO RESERVATION VALUES ('20190519KI4477225248322',1377,105,'KI','2019-05-19','2019-05-22',null,'complete');
INSERT INTO INVOICECHARGE VALUES ('20190519KI4477225248322-ch00001','20190519KI4477225248322','2019-05-19',255.87,'Base room charge');
INSERT INTO PAYMENT VALUES ('20190519KI4477225248322-p00001','20190519KI4477225248322','2020-05-05','CC',255.87,'Delsie Delong','1306670095643305',1,2024,96,'Mastercard');
-- ------- SAMPLE 378 ----------
INSERT INTO GUEST VALUES(1378,'Delsie','Dunstan','DDunstan@gmail.com','1234 DaWrong Lane','Flonkerton','MD','12345','858-543-6908');
INSERT INTO RESERVATION VALUES ('20200421KJ6726428005721',1378,208,'KJ','2020-04-21','2020-04-24',null,'cancelled');
-- ------- SAMPLE 379 ----------
INSERT INTO GUEST VALUES(1379,'Leighann','Leith','LLeith@hotmail.com','1234 DaWrong Lane','Flonkerton','MD','12345','247-714-1818');
INSERT INTO RESERVATION VALUES ('20210210KJ9324310430029',1379,null,'KJ','2021-02-10','2021-02-12',null,'active');
INSERT INTO INVOICECHARGE VALUES ('20210210KJ9324310430029-ch00001','20210210KJ9324310430029','2021-02-10',182.95,'Base room charge');
INSERT INTO INVOICECHARGE VALUES ('20210210KJ9324310430029-ch00002','20210210KJ9324310430029','2021-02-10',94.25,'Cleaning fee');
INSERT INTO PAYMENT (payment_id,invoice_id,payment_date,payment_type,payment_amount) VALUES ('20210210KJ9324310430029-p00001','20210210KJ9324310430029','2020-05-05','CA',277.2);
-- ------- SAMPLE 380 ----------
INSERT INTO GUEST VALUES(1380,'Katerine','Kawakami','KKawakami@hotmail.com','1234 DaWrong Lane','Flonkerton','MD','12345','634-501-5917');
INSERT INTO RESERVATION VALUES ('20200921QD3518758697733',1380,null,'QD','2020-09-21','2020-09-22',null,'active');
INSERT INTO INVOICECHARGE VALUES ('20200921QD3518758697733-ch00001','20200921QD3518758697733','2020-09-21',63.33,'Base room charge');
INSERT INTO INVOICECHARGE VALUES ('20200921QD3518758697733-ch00002','20200921QD3518758697733','2020-09-21',32.62,'Room Service');
INSERT INTO PAYMENT VALUES ('20200921QD3518758697733-p00001','20200921QD3518758697733','2020-05-05','CC',95.95,'Katerine Kawakami','1187889388233946',4,2022,275,'Mastercard');
-- ------- SAMPLE 381 ----------
INSERT INTO GUEST VALUES(1381,'Lakenya','Langston','LLangston@gmail.com','1234 DaWrong Lane','Flonkerton','MD','12345','494-992-7331');
INSERT INTO RESERVATION VALUES ('20201219KJ6282005776439',1381,null,'KJ','2020-12-19','2020-12-23',null,'active');
INSERT INTO INVOICECHARGE VALUES ('20201219KJ6282005776439-ch00001','20201219KJ6282005776439','2020-12-19',554.41,'Base room charge');
INSERT INTO PAYMENT VALUES ('20201219KJ6282005776439-p00001','20201219KJ6282005776439','2020-05-05','CC',554.41,'Lakenya Langston','3705460949258305',10,2027,390,'Mastercard');
-- ------- SAMPLE 382 ----------
INSERT INTO GUEST VALUES(1382,'Leighann','Leith','LLeith@gmail.com','1234 DaWrong Lane','Flonkerton','MD','12345','004-420-9501');
INSERT INTO RESERVATION VALUES ('20200406KI7574002970594',1382,115,'KI','2020-04-06','2020-04-08',null,'complete');
-- ------- SAMPLE 383 ----------
INSERT INTO GUEST VALUES(1383,'Natalya','Neathery','NNeathery@hotmail.com','1234 DaWrong Lane','Flonkerton','MD','12345','394-568-0796');
INSERT INTO RESERVATION VALUES ('20200809QS9256871526663',1383,null,'QS','2020-08-09','2020-08-11',null,'active');
INSERT INTO INVOICECHARGE VALUES ('20200809QS9256871526663-ch00001','20200809QS9256871526663','2020-08-09',154.81,'Base room charge');
INSERT INTO INVOICECHARGE VALUES ('20200809QS9256871526663-ch00002','20200809QS9256871526663','2020-08-09',79.75,'Room Service');
INSERT INTO PAYMENT VALUES ('20200809QS9256871526663-p00001','20200809QS9256871526663','2020-05-05','CC',113,'Natalya Neathery','8829118197357375',8,2023,54,'Mastercard');
-- ------- SAMPLE 384 ----------
INSERT INTO GUEST VALUES(1384,'Lillia','Linen','LLinen@hotmail.com','1234 DaWrong Lane','Flonkerton','MD','12345','692-480-2951');
INSERT INTO RESERVATION VALUES ('20191116QS1938586038731',1384,108,'QS','2019-11-16','2019-11-19',null,'complete');
INSERT INTO INVOICECHARGE VALUES ('20191116QS1938586038731-ch00001','20191116QS1938586038731','2019-11-16',351.83,'Base room charge');
INSERT INTO PAYMENT VALUES ('20191116QS1938586038731-p00001','20191116QS1938586038731','2020-05-05','CC',351.83,'Lillia Linen','8553357014068857',12,2024,417,'Mastercard');
-- ------- SAMPLE 385 ----------
INSERT INTO GUEST VALUES(1385,'Boris','Berner','BBerner@yahoo.com','1234 DaWrong Lane','Flonkerton','MD','12345','482-989-9579');
INSERT INTO RESERVATION VALUES ('20200203QD4813743668714',1385,205,'QD','2020-02-03','2020-02-04',null,'complete');
-- ------- SAMPLE 386 ----------
INSERT INTO GUEST VALUES(1386,'Kathlyn','Kinser','KKinser@gmail.com','1234 DaWrong Lane','Flonkerton','MD','12345','262-711-4383');
INSERT INTO RESERVATION VALUES ('20200730KS4900734080465',1386,null,'KS','2020-07-30','2020-08-02',null,'active');
INSERT INTO INVOICECHARGE VALUES ('20200730KS4900734080465-ch00001','20200730KS4900734080465','2020-07-30',211.1,'Base room charge');
INSERT INTO INVOICECHARGE VALUES ('20200730KS4900734080465-ch00002','20200730KS4900734080465','2020-07-30',108.75,'Cleaning fee');
INSERT INTO PAYMENT VALUES ('20200730KS4900734080465-p00001','20200730KS4900734080465','2020-05-05','CC',164,'Kathlyn Kinser','7867686675919349',3,2024,588,'Mastercard');
-- ------- SAMPLE 387 ----------
INSERT INTO GUEST VALUES(1387,'Lillia','Linen','LLinen@gmail.com','1234 DaWrong Lane','Flonkerton','MD','12345','528-982-8802');
INSERT INTO RESERVATION VALUES ('20200106KI1223330115320',1387,209,'KI','2020-01-06','2020-01-10',null,'complete');
INSERT INTO INVOICECHARGE VALUES ('20200106KI1223330115320-ch00001','20200106KI1223330115320','2020-01-06',225.16,'Base room charge');
INSERT INTO INVOICECHARGE VALUES ('20200106KI1223330115320-ch00002','20200106KI1223330115320','2020-01-06',115.99,'Cleaning fee');
INSERT INTO PAYMENT VALUES ('20200106KI1223330115320-p00001','20200106KI1223330115320','2020-05-05','CC',341.16,'Lillia Linen','7849002558432578',12,2026,379,'Mastercard');
-- ------- SAMPLE 388 ----------
INSERT INTO GUEST VALUES(1388,'Adrianna','Aungst','AAungst@hotmail.com','1234 DaWrong Lane','Flonkerton','MD','12345','464-409-8308');
INSERT INTO RESERVATION VALUES ('20191106KI8016039992799',1388,209,'KI','2019-11-06','2019-11-10',null,'complete');
-- ------- SAMPLE 389 ----------
INSERT INTO GUEST VALUES(1389,'Nena','Nunez','NNunez@hotmail.com','1234 DaWrong Lane','Flonkerton','MD','12345','575-213-9838');
INSERT INTO RESERVATION VALUES ('20200621KI3649076368963',1389,null,'KI','2020-06-21','2020-06-24',null,'active');
-- ------- SAMPLE 390 ----------
INSERT INTO GUEST VALUES(1390,'Shawna','Schmit','SSchmit@gmail.com','1234 DaWrong Lane','Flonkerton','MD','12345','786-479-5166');
INSERT INTO RESERVATION VALUES ('20201202KS5468179792309',1390,null,'KS','2020-12-02','2020-12-06',null,'active');
-- ------- SAMPLE 391 ----------
INSERT INTO GUEST VALUES(1391,'Laraine','Lazar','LLazar@hotmail.com','1234 DaWrong Lane','Flonkerton','MD','12345','707-205-4195');
INSERT INTO RESERVATION VALUES ('20191115KJ1353061631376',1391,203,'KJ','2019-11-15','2019-11-16',null,'complete');
INSERT INTO INVOICECHARGE VALUES ('20191115KJ1353061631376-ch00001','20191115KJ1353061631376','2019-11-15',91.48,'Base room charge');
INSERT INTO INVOICECHARGE VALUES ('20191115KJ1353061631376-ch00002','20191115KJ1353061631376','2019-11-15',47.12,'Cleaning fee');
INSERT INTO PAYMENT VALUES ('20191115KJ1353061631376-p00001','20191115KJ1353061631376','2020-05-05','CC',138.6,'Laraine Lazar','7553572800542960',8,2023,991,'Mastercard');
-- ------- SAMPLE 392 ----------
INSERT INTO GUEST VALUES(1392,'Shera','Shorter','SShorter@gmail.com','1234 DaWrong Lane','Flonkerton','MD','12345','254-591-2210');
INSERT INTO RESERVATION VALUES ('20190615KJ8080875792025',1392,114,'KJ','2019-06-15','2019-06-16',null,'complete');
INSERT INTO INVOICECHARGE VALUES ('20190615KJ8080875792025-ch00001','20190615KJ8080875792025','2019-06-15',138.6,'Base room charge');
INSERT INTO PAYMENT VALUES ('20190615KJ8080875792025-p00001','20190615KJ8080875792025','2020-05-05','CC',138.6,'Shera Shorter','2903039459092341',6,2021,91,'Mastercard');
-- ------- SAMPLE 393 ----------
INSERT INTO GUEST VALUES(1393,'Jamey','Jen','JJen@gmail.com','1234 DaWrong Lane','Flonkerton','MD','12345','534-579-1971');
INSERT INTO RESERVATION VALUES ('20201221KS9341664557085',1393,null,'KS','2020-12-21','2020-12-23',null,'active');
INSERT INTO INVOICECHARGE VALUES ('20201221KS9341664557085-ch00001','20201221KS9341664557085','2020-12-21',213.23,'Base room charge');
INSERT INTO PAYMENT (payment_id,invoice_id,payment_date,payment_type,payment_amount) VALUES ('20201221KS9341664557085-p00001','20201221KS9341664557085','2020-05-05','CA',213.23);
-- ------- SAMPLE 394 ----------
INSERT INTO GUEST VALUES(1394,'Laraine','Lazar','LLazar@hotmail.com','1234 DaWrong Lane','Flonkerton','MD','12345','290-174-8235');
INSERT INTO RESERVATION VALUES ('20201016KS7247395508967',1394,null,'KS','2020-10-16','2020-10-21',null,'active');
INSERT INTO INVOICECHARGE VALUES ('20201016KS7247395508967-ch00001','20201016KS7247395508967','2020-10-16',533.07,'Base room charge');
INSERT INTO PAYMENT VALUES ('20201016KS7247395508967-p00001','20201016KS7247395508967','2020-05-05','CC',533.07,'Laraine Lazar','3250769415847748',6,2027,798,'Mastercard');
-- ------- SAMPLE 395 ----------
INSERT INTO GUEST VALUES(1395,'Shera','Shorter','SShorter@gmail.com','1234 DaWrong Lane','Flonkerton','MD','12345','647-910-4918');
INSERT INTO RESERVATION VALUES ('20200203KJ8339886535242',1395,114,'KJ','2020-02-03','2020-02-05',null,'complete');
INSERT INTO INVOICECHARGE VALUES ('20200203KJ8339886535242-ch00001','20200203KJ8339886535242','2020-02-03',182.95,'Base room charge');
INSERT INTO INVOICECHARGE VALUES ('20200203KJ8339886535242-ch00002','20200203KJ8339886535242','2020-02-03',94.25,'Room Service');
INSERT INTO PAYMENT (payment_id,invoice_id,payment_date,payment_type,payment_amount) VALUES ('20200203KJ8339886535242-p00001','20200203KJ8339886535242','2020-05-05','CA',277.2);
-- ------- SAMPLE 396 ----------
INSERT INTO GUEST VALUES(1396,'Florentino','Feth','FFeth@gmail.com','1234 DaWrong Lane','Flonkerton','MD','12345','090-932-7504');
INSERT INTO RESERVATION VALUES ('20201004KJ7056204871408',1396,null,'KJ','2020-10-04','2020-10-08',null,'active');
INSERT INTO INVOICECHARGE VALUES ('20201004KJ7056204871408-ch00001','20201004KJ7056204871408','2020-10-04',554.41,'Base room charge');
INSERT INTO PAYMENT VALUES ('20201004KJ7056204871408-p00001','20201004KJ7056204871408','2020-05-05','CC',554.41,'Florentino Feth','5477594191341446',3,2027,335,'Mastercard');
-- ------- SAMPLE 397 ----------
INSERT INTO GUEST VALUES(1397,'Jammie','Jo','JJo@gmail.com','1234 DaWrong Lane','Flonkerton','MD','12345','898-335-9905');
INSERT INTO RESERVATION VALUES ('20210207KJ7865083458808',1397,null,'KJ','2021-02-07','2021-02-11',null,'active');
INSERT INTO INVOICECHARGE VALUES ('20210207KJ7865083458808-ch00001','20210207KJ7865083458808','2021-02-07',554.41,'Base room charge');
INSERT INTO PAYMENT (payment_id,invoice_id,payment_date,payment_type,payment_amount) VALUES ('20210207KJ7865083458808-p00001','20210207KJ7865083458808','2020-05-05','CA',554.41);
-- ------- SAMPLE 398 ----------
INSERT INTO GUEST VALUES(1398,'Walter','Wellington','WWellington@hotmail.com','1234 DaWrong Lane','Flonkerton','MD','12345','872-067-9427');
INSERT INTO RESERVATION VALUES ('20200406QS2936195684422',1398,207,'QS','2020-04-06','2020-04-08',null,'complete');
INSERT INTO INVOICECHARGE VALUES ('20200406QS2936195684422-ch00001','20200406QS2936195684422','2020-04-06',234.55,'Base room charge');
INSERT INTO PAYMENT (payment_id,invoice_id,payment_date,payment_type,payment_amount) VALUES ('20200406QS2936195684422-p00001','20200406QS2936195684422','2020-05-05','CA',227);
-- ------- SAMPLE 399 ----------
INSERT INTO GUEST VALUES(1399,'Francie','Fairbank','FFairbank@gmail.com','1234 DaWrong Lane','Flonkerton','MD','12345','085-857-1585');
INSERT INTO RESERVATION VALUES ('20190710KS3150257358317',1399,206,'KS','2019-07-10','2019-07-15',null,'complete');
INSERT INTO INVOICECHARGE VALUES ('20190710KS3150257358317-ch00001','20190710KS3150257358317','2019-07-10',351.83,'Base room charge');
INSERT INTO INVOICECHARGE VALUES ('20190710KS3150257358317-ch00002','20190710KS3150257358317','2019-07-10',181.24,'Room Service');
INSERT INTO PAYMENT VALUES ('20190710KS3150257358317-p00001','20190710KS3150257358317','2020-05-05','CC',533.07,'Francie Fairbank','6338141636945180',5,2022,315,'Mastercard');
-- ------- SAMPLE 400 ----------
INSERT INTO GUEST VALUES(1400,'Buffy','Beattie','BBeattie@gmail.com','1234 DaWrong Lane','Flonkerton','MD','12345','062-712-7502');
INSERT INTO RESERVATION VALUES ('20190908KJ6462821750532',1400,104,'KJ','2019-09-08','2019-09-11',null,'complete');
INSERT INTO INVOICECHARGE VALUES ('20190908KJ6462821750532-ch00001','20190908KJ6462821750532','2019-09-08',415.81,'Base room charge');
INSERT INTO PAYMENT (payment_id,invoice_id,payment_date,payment_type,payment_amount) VALUES ('20190908KJ6462821750532-p00001','20190908KJ6462821750532','2020-05-05','CA',415.81);
-- ------- SAMPLE 401 ----------
INSERT INTO GUEST VALUES(1401,'Fiona','Figgs','FFiggs@hotmail.com','1234 DaWrong Lane','Flonkerton','MD','12345','854-097-6750');
INSERT INTO RESERVATION VALUES ('20200302QD7968346886923',1401,205,'QD','2020-03-02','2020-03-06',null,'complete');
INSERT INTO INVOICECHARGE VALUES ('20200302QD7968346886923-ch00001','20200302QD7968346886923','2020-03-02',253.31,'Base room charge');
INSERT INTO INVOICECHARGE VALUES ('20200302QD7968346886923-ch00002','20200302QD7968346886923','2020-03-02',130.49,'Cleaning fee');
INSERT INTO PAYMENT VALUES ('20200302QD7968346886923-p00001','20200302QD7968346886923','2020-05-05','CC',383.81,'Fiona Figgs','1732165773169441',5,2022,135,'Mastercard');
-- ------- SAMPLE 402 ----------
INSERT INTO GUEST VALUES(1402,'Deandra','Dimauro','DDimauro@hotmail.com','1234 DaWrong Lane','Flonkerton','MD','12345','768-512-1541');
INSERT INTO RESERVATION VALUES ('20200331KI1361771476841',1402,209,'KI','2020-03-31','2020-04-02',null,'complete');
-- ------- SAMPLE 403 ----------
INSERT INTO GUEST VALUES(1403,'Antwan','Albury','AAlbury@hotmail.com','1234 DaWrong Lane','Flonkerton','MD','12345','319-230-8506');
INSERT INTO RESERVATION VALUES ('20190629QD8437561643502',1403,205,'QD','2019-06-29','2019-07-04',null,'complete');
INSERT INTO INVOICECHARGE VALUES ('20190629QD8437561643502-ch00001','20190629QD8437561643502','2019-06-29',316.64,'Base room charge');
INSERT INTO INVOICECHARGE VALUES ('20190629QD8437561643502-ch00002','20190629QD8437561643502','2019-06-29',163.12,'Cleaning fee');
INSERT INTO PAYMENT VALUES ('20190629QD8437561643502-p00001','20190629QD8437561643502','2020-05-05','CC',479.76,'Antwan Albury','9670344668278039',9,2022,695,'Mastercard');
-- ------- SAMPLE 404 ----------
INSERT INTO GUEST VALUES(1404,'Serafina','Singh','SSingh@gmail.com','1234 DaWrong Lane','Flonkerton','MD','12345','885-836-4024');
INSERT INTO RESERVATION VALUES ('20200328QD4701881059867',1404,200,'QD','2020-03-28','2020-04-02',null,'cancelled');
INSERT INTO INVOICECHARGE VALUES ('20200328QD4701881059867-ch00001','20200328QD4701881059867','2020-03-28',479.76,'Base room charge');
INSERT INTO PAYMENT VALUES ('20200328QD4701881059867-p00001','20200328QD4701881059867','2020-05-05','CC',466,'Serafina Singh','8701161593336009',9,2022,488,'Mastercard');
-- ------- SAMPLE 405 ----------
INSERT INTO GUEST VALUES(1405,'Julene','Jahn','JJahn@yahoo.com','1234 DaWrong Lane','Flonkerton','MD','12345','300-986-1697');
INSERT INTO RESERVATION VALUES ('20200814QS1199691213129',1405,null,'QS','2020-08-14','2020-08-18',null,'active');
INSERT INTO INVOICECHARGE VALUES ('20200814QS1199691213129-ch00001','20200814QS1199691213129','2020-08-14',469.11,'Base room charge');
INSERT INTO PAYMENT (payment_id,invoice_id,payment_date,payment_type,payment_amount) VALUES ('20200814QS1199691213129-p00001','20200814QS1199691213129','2020-05-05','CA',62);
-- ------- SAMPLE 406 ----------
INSERT INTO GUEST VALUES(1406,'Stan','Schnell','SSchnell@gmail.com','1234 DaWrong Lane','Flonkerton','MD','12345','772-229-2399');
INSERT INTO RESERVATION VALUES ('20191014KI1545094242219',1406,110,'KI','2019-10-14','2019-10-17',null,'complete');
INSERT INTO INVOICECHARGE VALUES ('20191014KI1545094242219-ch00001','20191014KI1545094242219','2019-10-14',168.87,'Base room charge');
INSERT INTO INVOICECHARGE VALUES ('20191014KI1545094242219-ch00002','20191014KI1545094242219','2019-10-14',87,'Cleaning fee');
INSERT INTO PAYMENT VALUES ('20191014KI1545094242219-p00001','20191014KI1545094242219','2020-05-05','CC',255.87,'Stan Schnell','7208086606587204',10,2021,25,'Mastercard');
-- ------- SAMPLE 407 ----------
INSERT INTO GUEST VALUES(1407,'Deandre','Defore','DDefore@gmail.com','1234 DaWrong Lane','Flonkerton','MD','12345','906-878-2041');
INSERT INTO RESERVATION VALUES ('20190716KI9090853421754',1407,204,'KI','2019-07-16','2019-07-19',null,'complete');
-- ------- SAMPLE 408 ----------
INSERT INTO GUEST VALUES(1408,'Shawna','Schmit','SSchmit@hotmail.com','1234 DaWrong Lane','Flonkerton','MD','12345','825-687-5006');
INSERT INTO RESERVATION VALUES ('20200301KJ3350490789650',1408,208,'KJ','2020-03-01','2020-03-03',null,'complete');
-- ------- SAMPLE 409 ----------
INSERT INTO GUEST VALUES(1409,'Deandra','Dimauro','DDimauro@gmail.com','1234 DaWrong Lane','Flonkerton','MD','12345','023-969-8657');
INSERT INTO RESERVATION VALUES ('20200720KJ7390282719748',1409,null,'KJ','2020-07-20','2020-07-23',null,'active');
INSERT INTO INVOICECHARGE VALUES ('20200720KJ7390282719748-ch00001','20200720KJ7390282719748','2020-07-20',274.43,'Base room charge');
INSERT INTO INVOICECHARGE VALUES ('20200720KJ7390282719748-ch00002','20200720KJ7390282719748','2020-07-20',141.37,'Cleaning fee');
INSERT INTO PAYMENT VALUES ('20200720KJ7390282719748-p00001','20200720KJ7390282719748','2020-05-05','CC',415.81,'Deandra Dimauro','5509777893245259',5,2023,943,'Mastercard');
-- ------- SAMPLE 410 ----------
INSERT INTO GUEST VALUES(1410,'James','Janey','JJaney@gmail.com','1234 DaWrong Lane','Flonkerton','MD','12345','471-050-5889');
INSERT INTO RESERVATION VALUES ('20210228KS7172994181924',1410,null,'KS','2021-02-28','2021-03-05',null,'active');
INSERT INTO INVOICECHARGE VALUES ('20210228KS7172994181924-ch00001','20210228KS7172994181924','2021-02-28',351.83,'Base room charge');
INSERT INTO INVOICECHARGE VALUES ('20210228KS7172994181924-ch00002','20210228KS7172994181924','2021-02-28',181.24,'Cleaning fee');
INSERT INTO PAYMENT VALUES ('20210228KS7172994181924-p00001','20210228KS7172994181924','2020-05-05','CC',533.07,'James Janey','7066388270902091',4,2023,740,'Mastercard');
-- ------- SAMPLE 411 ----------
INSERT INTO GUEST VALUES(1411,'Adrianna','Aungst','AAungst@gmail.com','1234 DaWrong Lane','Flonkerton','MD','12345','270-562-1603');
INSERT INTO RESERVATION VALUES ('20200309QD9798535458090',1411,101,'QD','2020-03-09','2020-03-12',null,'complete');
-- ------- SAMPLE 412 ----------
INSERT INTO GUEST VALUES(1412,'Lucius','Liles','LLiles@gmail.com','1234 DaWrong Lane','Flonkerton','MD','12345','692-844-5118');
INSERT INTO RESERVATION VALUES ('20210426KS3098046462757',1412,null,'KS','2021-04-26','2021-05-01',null,'active');
INSERT INTO INVOICECHARGE VALUES ('20210426KS3098046462757-ch00001','20210426KS3098046462757','2021-04-26',533.07,'Base room charge');
INSERT INTO PAYMENT VALUES ('20210426KS3098046462757-p00001','20210426KS3098046462757','2020-05-05','CC',378,'Lucius Liles','9404722478571920',5,2025,271,'Mastercard');
-- ------- SAMPLE 413 ----------
INSERT INTO GUEST VALUES(1413,'Pearlene','Priestly','PPriestly@hotmail.com','1234 DaWrong Lane','Flonkerton','MD','12345','434-969-8179');
INSERT INTO RESERVATION VALUES ('20201005KI5311205813081',1413,null,'KI','2020-10-05','2020-10-07',null,'cancelled');
INSERT INTO INVOICECHARGE VALUES ('20201005KI5311205813081-ch00001','20201005KI5311205813081','2020-10-05',170.58,'Base room charge');
INSERT INTO PAYMENT VALUES ('20201005KI5311205813081-p00001','20201005KI5311205813081','2020-05-05','CC',170.58,'Pearlene Priestly','3013399680964346',2,2026,0,'Mastercard');
-- ------- SAMPLE 414 ----------
INSERT INTO GUEST VALUES(1414,'Shena','Sandoz','SSandoz@gmail.com','1234 DaWrong Lane','Flonkerton','MD','12345','458-623-1879');
INSERT INTO RESERVATION VALUES ('20210319QS2403106319674',1414,null,'QS','2021-03-19','2021-03-22',null,'active');
INSERT INTO INVOICECHARGE VALUES ('20210319QS2403106319674-ch00001','20210319QS2403106319674','2021-03-19',351.83,'Base room charge');
INSERT INTO PAYMENT VALUES ('20210319QS2403106319674-p00001','20210319QS2403106319674','2020-05-05','CC',4,'Shena Sandoz','9239853994462844',9,2021,381,'Mastercard');
-- ------- SAMPLE 415 ----------
INSERT INTO GUEST VALUES(1415,'Deandra','Dimauro','DDimauro@gmail.com','1234 DaWrong Lane','Flonkerton','MD','12345','359-081-9951');
INSERT INTO RESERVATION VALUES ('20191010KS5179585915151',1415,206,'KS','2019-10-10','2019-10-15',null,'complete');
INSERT INTO INVOICECHARGE VALUES ('20191010KS5179585915151-ch00001','20191010KS5179585915151','2019-10-10',351.83,'Base room charge');
INSERT INTO INVOICECHARGE VALUES ('20191010KS5179585915151-ch00002','20191010KS5179585915151','2019-10-10',181.24,'Room Service');
INSERT INTO PAYMENT VALUES ('20191010KS5179585915151-p00001','20191010KS5179585915151','2020-05-05','CC',533.07,'Deandra Dimauro','5609597470262568',10,2024,843,'Mastercard');
-- ------- SAMPLE 416 ----------
INSERT INTO GUEST VALUES(1416,'Daron','Dycus','DDycus@hotmail.com','1234 DaWrong Lane','Flonkerton','MD','12345','834-009-7191');
INSERT INTO RESERVATION VALUES ('20210109QS9828269285158',1416,null,'QS','2021-01-09','2021-01-10',null,'active');
INSERT INTO INVOICECHARGE VALUES ('20210109QS9828269285158-ch00001','20210109QS9828269285158','2021-01-09',117.28,'Base room charge');
INSERT INTO PAYMENT VALUES ('20210109QS9828269285158-p00001','20210109QS9828269285158','2020-05-05','CC',117.28,'Daron Dycus','7669773857462885',7,2026,143,'Mastercard');
-- ------- SAMPLE 417 ----------
INSERT INTO GUEST VALUES(1417,'Stacie','Schupp','SSchupp@yahoo.com','1234 DaWrong Lane','Flonkerton','MD','12345','901-761-0335');
INSERT INTO RESERVATION VALUES ('20190531QS6371815973474',1417,202,'QS','2019-05-31','2019-06-03',null,'cancelled');
-- ------- SAMPLE 418 ----------
INSERT INTO GUEST VALUES(1418,'Lynda','Linda','LLinda@yahoo.com','1234 DaWrong Lane','Flonkerton','MD','12345','944-582-6434');
INSERT INTO RESERVATION VALUES ('20200506QD7026158396288',1418,null,'QD','2020-05-06','2020-05-08',null,'active');
INSERT INTO INVOICECHARGE VALUES ('20200506QD7026158396288-ch00001','20200506QD7026158396288','2020-05-06',126.66,'Base room charge');
INSERT INTO INVOICECHARGE VALUES ('20200506QD7026158396288-ch00002','20200506QD7026158396288','2020-05-06',65.25,'Cleaning fee');
INSERT INTO PAYMENT VALUES ('20200506QD7026158396288-p00001','20200506QD7026158396288','2020-05-05','CC',191.9,'Lynda Linda','8737212338080249',2,2027,431,'Mastercard');
-- ------- SAMPLE 419 ----------
INSERT INTO GUEST VALUES(1419,'Darrin','Drum','DDrum@gmail.com','1234 DaWrong Lane','Flonkerton','MD','12345','735-637-0980');
INSERT INTO RESERVATION VALUES ('20200916QD6225891653375',1419,null,'QD','2020-09-16','2020-09-17',null,'active');
INSERT INTO INVOICECHARGE VALUES ('20200916QD6225891653375-ch00001','20200916QD6225891653375','2020-09-16',63.33,'Base room charge');
INSERT INTO INVOICECHARGE VALUES ('20200916QD6225891653375-ch00002','20200916QD6225891653375','2020-09-16',32.62,'Room Service');
INSERT INTO PAYMENT (payment_id,invoice_id,payment_date,payment_type,payment_amount) VALUES ('20200916QD6225891653375-p00001','20200916QD6225891653375','2020-05-05','CA',35);
-- ------- SAMPLE 420 ----------
INSERT INTO GUEST VALUES(1420,'Randal','Rohman','RRohman@yahoo.com','1234 DaWrong Lane','Flonkerton','MD','12345','460-528-0295');
INSERT INTO RESERVATION VALUES ('20190809QS4415215846918',1420,118,'QS','2019-08-09','2019-08-13',null,'complete');
INSERT INTO INVOICECHARGE VALUES ('20190809QS4415215846918-ch00001','20190809QS4415215846918','2019-08-09',469.11,'Base room charge');
INSERT INTO PAYMENT VALUES ('20190809QS4415215846918-p00001','20190809QS4415215846918','2020-05-05','CC',469.11,'Randal Rohman','8942569568693094',10,2022,365,'Mastercard');
-- ------- SAMPLE 421 ----------
INSERT INTO GUEST VALUES(1421,'Mario','Macdowell','MMacdowell@yahoo.com','1234 DaWrong Lane','Flonkerton','MD','12345','038-777-3114');
INSERT INTO RESERVATION VALUES ('20200214QD5824294685806',1421,106,'QD','2020-02-14','2020-02-16',null,'cancelled');
INSERT INTO INVOICECHARGE VALUES ('20200214QD5824294685806-ch00001','20200214QD5824294685806','2020-02-14',191.9,'Base room charge');
INSERT INTO PAYMENT VALUES ('20200214QD5824294685806-p00001','20200214QD5824294685806','2020-05-05','CC',191.9,'Mario Macdowell','5529998360265567',10,2027,634,'Mastercard');
-- ------- SAMPLE 422 ----------
INSERT INTO GUEST VALUES(1422,'Antwan','Albury','AAlbury@gmail.com','1234 DaWrong Lane','Flonkerton','MD','12345','477-487-2991');
INSERT INTO RESERVATION VALUES ('20190705KS8870714663685',1422,117,'KS','2019-07-05','2019-07-07',null,'complete');
INSERT INTO INVOICECHARGE VALUES ('20190705KS8870714663685-ch00001','20190705KS8870714663685','2019-07-05',213.23,'Base room charge');
INSERT INTO PAYMENT VALUES ('20190705KS8870714663685-p00001','20190705KS8870714663685','2020-05-05','CC',213.23,'Antwan Albury','2867402539417378',6,2021,273,'Mastercard');
-- ------- SAMPLE 423 ----------
INSERT INTO GUEST VALUES(1423,'Tanner','Tomasello','TTomasello@hotmail.com','1234 DaWrong Lane','Flonkerton','MD','12345','336-158-7671');
INSERT INTO RESERVATION VALUES ('20191129KS7864291140633',1423,107,'KS','2019-11-29','2019-12-01',null,'complete');
-- ------- SAMPLE 424 ----------
INSERT INTO GUEST VALUES(1424,'Lakenya','Langston','LLangston@hotmail.com','1234 DaWrong Lane','Flonkerton','MD','12345','997-033-0685');
INSERT INTO RESERVATION VALUES ('20210222QS3550466812064',1424,null,'QS','2021-02-22','2021-02-24',null,'active');
INSERT INTO INVOICECHARGE VALUES ('20210222QS3550466812064-ch00001','20210222QS3550466812064','2021-02-22',154.81,'Base room charge');
INSERT INTO INVOICECHARGE VALUES ('20210222QS3550466812064-ch00002','20210222QS3550466812064','2021-02-22',79.75,'Cleaning fee');
INSERT INTO PAYMENT VALUES ('20210222QS3550466812064-p00001','20210222QS3550466812064','2020-05-05','CC',234.55,'Lakenya Langston','9627677859635032',11,2024,554,'Mastercard');
-- ------- SAMPLE 425 ----------
INSERT INTO GUEST VALUES(1425,'Leighann','Leith','LLeith@hotmail.com','1234 DaWrong Lane','Flonkerton','MD','12345','173-187-8043');
INSERT INTO RESERVATION VALUES ('20190815QD7432333114212',1425,106,'QD','2019-08-15','2019-08-17',null,'complete');
INSERT INTO INVOICECHARGE VALUES ('20190815QD7432333114212-ch00001','20190815QD7432333114212','2019-08-15',126.66,'Base room charge');
INSERT INTO INVOICECHARGE VALUES ('20190815QD7432333114212-ch00002','20190815QD7432333114212','2019-08-15',65.25,'Cleaning fee');
INSERT INTO PAYMENT VALUES ('20190815QD7432333114212-p00001','20190815QD7432333114212','2020-05-05','CC',191.9,'Leighann Leith','9220278694720406',3,2024,107,'Mastercard');
-- ------- SAMPLE 426 ----------
INSERT INTO GUEST VALUES(1426,'Natalia','Nowacki','NNowacki@gmail.com','1234 DaWrong Lane','Flonkerton','MD','12345','946-338-2221');
INSERT INTO RESERVATION VALUES ('20200913KI5459251758310',1426,null,'KI','2020-09-13','2020-09-18',null,'active');
INSERT INTO INVOICECHARGE VALUES ('20200913KI5459251758310-ch00001','20200913KI5459251758310','2020-09-13',426.45,'Base room charge');
INSERT INTO PAYMENT VALUES ('20200913KI5459251758310-p00001','20200913KI5459251758310','2020-05-05','CC',334,'Natalia Nowacki','6619337205560496',8,2023,696,'Mastercard');
-- ------- SAMPLE 427 ----------
INSERT INTO GUEST VALUES(1427,'Melony','Mcmartin','MMcmartin@hotmail.com','1234 DaWrong Lane','Flonkerton','MD','12345','325-437-8752');
INSERT INTO RESERVATION VALUES ('20200121KJ9040021706922',1427,208,'KJ','2020-01-21','2020-01-25',null,'complete');
INSERT INTO INVOICECHARGE VALUES ('20200121KJ9040021706922-ch00001','20200121KJ9040021706922','2020-01-21',554.41,'Base room charge');
INSERT INTO PAYMENT (payment_id,invoice_id,payment_date,payment_type,payment_amount) VALUES ('20200121KJ9040021706922-p00001','20200121KJ9040021706922','2020-05-05','CA',150);
-- ------- SAMPLE 428 ----------
INSERT INTO GUEST VALUES(1428,'Boris','Berner','BBerner@yahoo.com','1234 DaWrong Lane','Flonkerton','MD','12345','472-644-4102');
INSERT INTO RESERVATION VALUES ('20200311KJ1781326203247',1428,119,'KJ','2020-03-11','2020-03-14',null,'complete');
INSERT INTO INVOICECHARGE VALUES ('20200311KJ1781326203247-ch00001','20200311KJ1781326203247','2020-03-11',415.81,'Base room charge');
INSERT INTO PAYMENT (payment_id,invoice_id,payment_date,payment_type,payment_amount) VALUES ('20200311KJ1781326203247-p00001','20200311KJ1781326203247','2020-05-05','CA',415.81);
-- ------- SAMPLE 429 ----------
INSERT INTO GUEST VALUES(1429,'Leanora','Locke','LLocke@hotmail.com','1234 DaWrong Lane','Flonkerton','MD','12345','629-638-0730');
INSERT INTO RESERVATION VALUES ('20191220QD7859817137431',1429,200,'QD','2019-12-20','2019-12-23',null,'complete');
INSERT INTO INVOICECHARGE VALUES ('20191220QD7859817137431-ch00001','20191220QD7859817137431','2019-12-20',189.98,'Base room charge');
INSERT INTO INVOICECHARGE VALUES ('20191220QD7859817137431-ch00002','20191220QD7859817137431','2019-12-20',97.87,'Cleaning fee');
INSERT INTO PAYMENT (payment_id,invoice_id,payment_date,payment_type,payment_amount) VALUES ('20191220QD7859817137431-p00001','20191220QD7859817137431','2020-05-05','CA',101);
-- ------- SAMPLE 430 ----------
INSERT INTO GUEST VALUES(1430,'Tifany','Temple','TTemple@yahoo.com','1234 DaWrong Lane','Flonkerton','MD','12345','465-400-6586');
INSERT INTO RESERVATION VALUES ('20200903KI4145688272140',1430,null,'KI','2020-09-03','2020-09-06',null,'active');
-- ------- SAMPLE 431 ----------
INSERT INTO GUEST VALUES(1431,'Linwood','Layden','LLayden@yahoo.com','1234 DaWrong Lane','Flonkerton','MD','12345','249-449-0293');
INSERT INTO RESERVATION VALUES ('20210321KS7352504526442',1431,null,'KS','2021-03-21','2021-03-22',null,'active');
INSERT INTO INVOICECHARGE VALUES ('20210321KS7352504526442-ch00001','20210321KS7352504526442','2021-03-21',106.61,'Base room charge');
INSERT INTO PAYMENT VALUES ('20210321KS7352504526442-p00001','20210321KS7352504526442','2020-05-05','CC',106.61,'Linwood Layden','4525831284667832',10,2024,491,'Mastercard');
-- ------- SAMPLE 432 ----------
INSERT INTO GUEST VALUES(1432,'Kaley','Kilmon','KKilmon@yahoo.com','1234 DaWrong Lane','Flonkerton','MD','12345','071-963-4771');
INSERT INTO RESERVATION VALUES ('20210315KJ6170375131071',1432,null,'KJ','2021-03-15','2021-03-18',null,'active');
INSERT INTO INVOICECHARGE VALUES ('20210315KJ6170375131071-ch00001','20210315KJ6170375131071','2021-03-15',415.81,'Base room charge');
INSERT INTO PAYMENT VALUES ('20210315KJ6170375131071-p00001','20210315KJ6170375131071','2020-05-05','CC',415.81,'Kaley Kilmon','5610740747590895',8,2024,181,'Mastercard');
-- ------- SAMPLE 433 ----------
INSERT INTO GUEST VALUES(1433,'Anita','Amezcua','AAmezcua@yahoo.com','1234 DaWrong Lane','Flonkerton','MD','12345','569-299-7835');
INSERT INTO RESERVATION VALUES ('20200722KI6265608409671',1433,null,'KI','2020-07-22','2020-07-26',null,'active');
-- ------- SAMPLE 434 ----------
INSERT INTO GUEST VALUES(1434,'Buffy','Beattie','BBeattie@hotmail.com','1234 DaWrong Lane','Flonkerton','MD','12345','846-586-7365');
INSERT INTO RESERVATION VALUES ('20200227QD1339595076569',1434,111,'QD','2020-02-27','2020-03-03',null,'complete');
INSERT INTO INVOICECHARGE VALUES ('20200227QD1339595076569-ch00001','20200227QD1339595076569','2020-02-27',316.64,'Base room charge');
INSERT INTO INVOICECHARGE VALUES ('20200227QD1339595076569-ch00002','20200227QD1339595076569','2020-02-27',163.12,'Room Service');
INSERT INTO PAYMENT (payment_id,invoice_id,payment_date,payment_type,payment_amount) VALUES ('20200227QD1339595076569-p00001','20200227QD1339595076569','2020-05-05','CA',242);
-- ------- SAMPLE 435 ----------
INSERT INTO GUEST VALUES(1435,'Irma','Irby','IIrby@yahoo.com','1234 DaWrong Lane','Flonkerton','MD','12345','557-636-1421');
INSERT INTO RESERVATION VALUES ('20200604QD2499769650687',1435,null,'QD','2020-06-04','2020-06-08',null,'active');
INSERT INTO INVOICECHARGE VALUES ('20200604QD2499769650687-ch00001','20200604QD2499769650687','2020-06-04',253.31,'Base room charge');
INSERT INTO INVOICECHARGE VALUES ('20200604QD2499769650687-ch00002','20200604QD2499769650687','2020-06-04',130.49,'Room Service');
INSERT INTO PAYMENT (payment_id,invoice_id,payment_date,payment_type,payment_amount) VALUES ('20200604QD2499769650687-p00001','20200604QD2499769650687','2020-05-05','CA',383.81);
-- ------- SAMPLE 436 ----------
INSERT INTO GUEST VALUES(1436,'Clara','Crimmins','CCrimmins@gmail.com','1234 DaWrong Lane','Flonkerton','MD','12345','877-293-4096');
INSERT INTO RESERVATION VALUES ('20201102QS9962084608745',1436,null,'QS','2020-11-02','2020-11-07',null,'active');
INSERT INTO INVOICECHARGE VALUES ('20201102QS9962084608745-ch00001','20201102QS9962084608745','2020-11-02',387.01,'Base room charge');
INSERT INTO INVOICECHARGE VALUES ('20201102QS9962084608745-ch00002','20201102QS9962084608745','2020-11-02',199.37,'Cleaning fee');
INSERT INTO PAYMENT VALUES ('20201102QS9962084608745-p00001','20201102QS9962084608745','2020-05-05','CC',586.38,'Clara Crimmins','1685472952914842',2,2026,541,'Mastercard');
-- ------- SAMPLE 437 ----------
INSERT INTO GUEST VALUES(1437,'Raisa','Romito','RRomito@hotmail.com','1234 DaWrong Lane','Flonkerton','MD','12345','299-571-5559');
INSERT INTO RESERVATION VALUES ('20200417KJ4945286751177',1437,119,'KJ','2020-04-17','2020-04-22',null,'complete');
INSERT INTO INVOICECHARGE VALUES ('20200417KJ4945286751177-ch00001','20200417KJ4945286751177','2020-04-17',693.01,'Base room charge');
INSERT INTO PAYMENT (payment_id,invoice_id,payment_date,payment_type,payment_amount) VALUES ('20200417KJ4945286751177-p00001','20200417KJ4945286751177','2020-05-05','CA',95);
-- ------- SAMPLE 438 ----------
INSERT INTO GUEST VALUES(1438,'Shera','Shorter','SShorter@hotmail.com','1234 DaWrong Lane','Flonkerton','MD','12345','067-671-5773');
INSERT INTO RESERVATION VALUES ('20190724QS7630961123043',1438,207,'QS','2019-07-24','2019-07-27',null,'complete');
INSERT INTO INVOICECHARGE VALUES ('20190724QS7630961123043-ch00001','20190724QS7630961123043','2019-07-24',351.83,'Base room charge');
INSERT INTO PAYMENT VALUES ('20190724QS7630961123043-p00001','20190724QS7630961123043','2020-05-05','CC',351.83,'Shera Shorter','8583646028613524',9,2024,416,'Mastercard');
-- ------- SAMPLE 439 ----------
INSERT INTO GUEST VALUES(1439,'Rachell','Riser','RRiser@hotmail.com','1234 DaWrong Lane','Flonkerton','MD','12345','494-469-3534');
INSERT INTO RESERVATION VALUES ('20201010KS1370430565561',1439,null,'KS','2020-10-10','2020-10-13',null,'active');
INSERT INTO INVOICECHARGE VALUES ('20201010KS1370430565561-ch00001','20201010KS1370430565561','2020-10-10',319.84,'Base room charge');
INSERT INTO PAYMENT VALUES ('20201010KS1370430565561-p00001','20201010KS1370430565561','2020-05-05','CC',92,'Rachell Riser','7213729173815057',10,2025,824,'Mastercard');
-- ------- SAMPLE 440 ----------
INSERT INTO GUEST VALUES(1440,'Shandi','Scharf','SScharf@yahoo.com','1234 DaWrong Lane','Flonkerton','MD','12345','059-331-1646');
INSERT INTO RESERVATION VALUES ('20200726QS6980652923280',1440,null,'QS','2020-07-26','2020-07-31',null,'active');
-- ------- SAMPLE 441 ----------
INSERT INTO GUEST VALUES(1441,'Bessie','Buhler','BBuhler@hotmail.com','1234 DaWrong Lane','Flonkerton','MD','12345','469-167-1059');
INSERT INTO RESERVATION VALUES ('20200821KI8295961881795',1441,null,'KI','2020-08-21','2020-08-26',null,'active');
INSERT INTO INVOICECHARGE VALUES ('20200821KI8295961881795-ch00001','20200821KI8295961881795','2020-08-21',281.45,'Base room charge');
INSERT INTO INVOICECHARGE VALUES ('20200821KI8295961881795-ch00002','20200821KI8295961881795','2020-08-21',144.99,'Room Service');
INSERT INTO PAYMENT VALUES ('20200821KI8295961881795-p00001','20200821KI8295961881795','2020-05-05','CC',426.45,'Bessie Buhler','4641375598239499',3,2024,473,'Mastercard');
-- ------- SAMPLE 442 ----------
INSERT INTO GUEST VALUES(1442,'Buford','Biddy','BBiddy@yahoo.com','1234 DaWrong Lane','Flonkerton','MD','12345','050-248-6560');
INSERT INTO RESERVATION VALUES ('20191220QD8917708050404',1442,106,'QD','2019-12-20','2019-12-23',null,'complete');
INSERT INTO INVOICECHARGE VALUES ('20191220QD8917708050404-ch00001','20191220QD8917708050404','2019-12-20',287.86,'Base room charge');
INSERT INTO PAYMENT VALUES ('20191220QD8917708050404-p00001','20191220QD8917708050404','2020-05-05','CC',287.86,'Buford Biddy','1558420164980070',6,2022,503,'Mastercard');
-- ------- SAMPLE 443 ----------
INSERT INTO GUEST VALUES(1443,'Tai','Tookes','TTookes@hotmail.com','1234 DaWrong Lane','Flonkerton','MD','12345','572-727-9166');
INSERT INTO RESERVATION VALUES ('20200214KS7849809876609',1443,117,'KS','2020-02-14','2020-02-18',null,'complete');
INSERT INTO INVOICECHARGE VALUES ('20200214KS7849809876609-ch00001','20200214KS7849809876609','2020-02-14',426.46,'Base room charge');
INSERT INTO PAYMENT VALUES ('20200214KS7849809876609-p00001','20200214KS7849809876609','2020-05-05','CC',426.46,'Tai Tookes','9540442563283086',7,2025,75,'Mastercard');
-- ------- SAMPLE 444 ----------
INSERT INTO GUEST VALUES(1444,'Cherry','Chiarello','CChiarello@yahoo.com','1234 DaWrong Lane','Flonkerton','MD','12345','925-286-8777');
INSERT INTO RESERVATION VALUES ('20210403QS2179712039196',1444,null,'QS','2021-04-03','2021-04-04',null,'active');
-- ------- SAMPLE 445 ----------
INSERT INTO GUEST VALUES(1445,'Audrey','Aikens','AAikens@yahoo.com','1234 DaWrong Lane','Flonkerton','MD','12345','691-926-1829');
INSERT INTO RESERVATION VALUES ('20201102QS3816144968189',1445,null,'QS','2020-11-02','2020-11-03',null,'active');
-- ------- SAMPLE 446 ----------
INSERT INTO GUEST VALUES(1446,'Edmundo','Erickson','EErickson@yahoo.com','1234 DaWrong Lane','Flonkerton','MD','12345','494-863-6860');
INSERT INTO RESERVATION VALUES ('20190823KS1056354654008',1446,102,'KS','2019-08-23','2019-08-25',null,'complete');
INSERT INTO INVOICECHARGE VALUES ('20190823KS1056354654008-ch00001','20190823KS1056354654008','2019-08-23',140.73,'Base room charge');
INSERT INTO INVOICECHARGE VALUES ('20190823KS1056354654008-ch00002','20190823KS1056354654008','2019-08-23',72.5,'Cleaning fee');
INSERT INTO PAYMENT (payment_id,invoice_id,payment_date,payment_type,payment_amount) VALUES ('20190823KS1056354654008-p00001','20190823KS1056354654008','2020-05-05','CA',213.23);
-- ------- SAMPLE 447 ----------
INSERT INTO GUEST VALUES(1447,'Romaine','Reck','RReck@yahoo.com','1234 DaWrong Lane','Flonkerton','MD','12345','410-376-4549');
INSERT INTO RESERVATION VALUES ('20200430KI5270063439074',1447,105,'KI','2020-04-30','2020-05-05',null,'complete');
INSERT INTO INVOICECHARGE VALUES ('20200430KI5270063439074-ch00001','20200430KI5270063439074','2020-04-30',281.45,'Base room charge');
INSERT INTO INVOICECHARGE VALUES ('20200430KI5270063439074-ch00002','20200430KI5270063439074','2020-04-30',144.99,'Cleaning fee');
INSERT INTO PAYMENT VALUES ('20200430KI5270063439074-p00001','20200430KI5270063439074','2020-05-05','CC',426.45,'Romaine Reck','8075215303403123',10,2022,771,'Mastercard');
-- ------- SAMPLE 448 ----------
INSERT INTO GUEST VALUES(1448,'Leanora','Locke','LLocke@gmail.com','1234 DaWrong Lane','Flonkerton','MD','12345','814-078-0129');
INSERT INTO RESERVATION VALUES ('20191005KS2238356545986',1448,107,'KS','2019-10-05','2019-10-06',null,'complete');
INSERT INTO INVOICECHARGE VALUES ('20191005KS2238356545986-ch00001','20191005KS2238356545986','2019-10-05',106.61,'Base room charge');
INSERT INTO PAYMENT VALUES ('20191005KS2238356545986-p00001','20191005KS2238356545986','2020-05-05','CC',106.61,'Leanora Locke','5449874019295888',3,2022,13,'Mastercard');
-- ------- SAMPLE 449 ----------
INSERT INTO GUEST VALUES(1449,'Walter','Wellington','WWellington@gmail.com','1234 DaWrong Lane','Flonkerton','MD','12345','831-073-6549');
INSERT INTO RESERVATION VALUES ('20191206KJ2823002060814',1449,104,'KJ','2019-12-06','2019-12-08',null,'complete');
INSERT INTO INVOICECHARGE VALUES ('20191206KJ2823002060814-ch00001','20191206KJ2823002060814','2019-12-06',277.2,'Base room charge');
INSERT INTO PAYMENT VALUES ('20191206KJ2823002060814-p00001','20191206KJ2823002060814','2020-05-05','CC',100,'Walter Wellington','6437237525372676',12,2027,493,'Mastercard');
-- ------- SAMPLE 450 ----------
INSERT INTO GUEST VALUES(1450,'Shawna','Schmit','SSchmit@yahoo.com','1234 DaWrong Lane','Flonkerton','MD','12345','441-986-9551');
INSERT INTO RESERVATION VALUES ('20190728QD6798480160604',1450,200,'QD','2019-07-28','2019-08-01',null,'complete');
INSERT INTO INVOICECHARGE VALUES ('20190728QD6798480160604-ch00001','20190728QD6798480160604','2019-07-28',383.81,'Base room charge');
INSERT INTO PAYMENT VALUES ('20190728QD6798480160604-p00001','20190728QD6798480160604','2020-05-05','CC',383.81,'Shawna Schmit','6908445041273331',12,2025,176,'Mastercard');
-- ------- SAMPLE 451 ----------
INSERT INTO GUEST VALUES(1451,'Walker','Weatherhead','WWeatherhead@yahoo.com','1234 DaWrong Lane','Flonkerton','MD','12345','332-337-1944');
INSERT INTO RESERVATION VALUES ('20200415QS1861403119105',1451,113,'QS','2020-04-15','2020-04-16',null,'cancelled');
INSERT INTO INVOICECHARGE VALUES ('20200415QS1861403119105-ch00001','20200415QS1861403119105','2020-04-15',117.28,'Base room charge');
INSERT INTO PAYMENT (payment_id,invoice_id,payment_date,payment_type,payment_amount) VALUES ('20200415QS1861403119105-p00001','20200415QS1861403119105','2020-05-05','CA',117.28);
-- ------- SAMPLE 452 ----------
INSERT INTO GUEST VALUES(1452,'Anita','Amezcua','AAmezcua@yahoo.com','1234 DaWrong Lane','Flonkerton','MD','12345','639-692-8005');
INSERT INTO RESERVATION VALUES ('20200526QS2178421099466',1452,null,'QS','2020-05-26','2020-05-30',null,'active');
-- ------- SAMPLE 453 ----------
INSERT INTO GUEST VALUES(1453,'Rachell','Riser','RRiser@hotmail.com','1234 DaWrong Lane','Flonkerton','MD','12345','219-865-5737');
INSERT INTO RESERVATION VALUES ('20201019QD4399456782166',1453,null,'QD','2020-10-19','2020-10-21',null,'active');
INSERT INTO INVOICECHARGE VALUES ('20201019QD4399456782166-ch00001','20201019QD4399456782166','2020-10-19',126.66,'Base room charge');
INSERT INTO INVOICECHARGE VALUES ('20201019QD4399456782166-ch00002','20201019QD4399456782166','2020-10-19',65.25,'Room Service');
INSERT INTO PAYMENT VALUES ('20201019QD4399456782166-p00001','20201019QD4399456782166','2020-05-05','CC',108,'Rachell Riser','8102824055361602',2,2023,16,'Mastercard');
-- ------- SAMPLE 454 ----------
INSERT INTO GUEST VALUES(1454,'Jenna','Jesse','JJesse@yahoo.com','1234 DaWrong Lane','Flonkerton','MD','12345','310-420-1002');
INSERT INTO RESERVATION VALUES ('20190817QS5228092408561',1454,108,'QS','2019-08-17','2019-08-19',null,'complete');
INSERT INTO INVOICECHARGE VALUES ('20190817QS5228092408561-ch00001','20190817QS5228092408561','2019-08-17',154.81,'Base room charge');
INSERT INTO INVOICECHARGE VALUES ('20190817QS5228092408561-ch00002','20190817QS5228092408561','2019-08-17',79.75,'Cleaning fee');
INSERT INTO PAYMENT VALUES ('20190817QS5228092408561-p00001','20190817QS5228092408561','2020-05-05','CC',234.55,'Jenna Jesse','8707470529631156',7,2024,185,'Mastercard');
-- ------- SAMPLE 455 ----------
INSERT INTO GUEST VALUES(1455,'Maryann','Mccutcheon','MMccutcheon@gmail.com','1234 DaWrong Lane','Flonkerton','MD','12345','595-948-5870');
INSERT INTO RESERVATION VALUES ('20200503QD5021591911121',1455,null,'QD','2020-05-03','2020-05-04',null,'active');
INSERT INTO INVOICECHARGE VALUES ('20200503QD5021591911121-ch00001','20200503QD5021591911121','2020-05-03',95.95,'Base room charge');
INSERT INTO PAYMENT VALUES ('20200503QD5021591911121-p00001','20200503QD5021591911121','2020-05-05','CC',68,'Maryann Mccutcheon','5592699925839675',12,2025,810,'Mastercard');
-- ------- SAMPLE 456 ----------
INSERT INTO GUEST VALUES(1456,'Lynda','Linda','LLinda@hotmail.com','1234 DaWrong Lane','Flonkerton','MD','12345','211-943-9250');
INSERT INTO RESERVATION VALUES ('20191109KS4791145347838',1456,117,'KS','2019-11-09','2019-11-14',null,'complete');
INSERT INTO INVOICECHARGE VALUES ('20191109KS4791145347838-ch00001','20191109KS4791145347838','2019-11-09',351.83,'Base room charge');
INSERT INTO INVOICECHARGE VALUES ('20191109KS4791145347838-ch00002','20191109KS4791145347838','2019-11-09',181.24,'Cleaning fee');
INSERT INTO PAYMENT VALUES ('20191109KS4791145347838-p00001','20191109KS4791145347838','2020-05-05','CC',533.07,'Lynda Linda','6601235833663985',3,2024,497,'Mastercard');
-- ------- SAMPLE 457 ----------
INSERT INTO GUEST VALUES(1457,'Melaine','Miskell','MMiskell@yahoo.com','1234 DaWrong Lane','Flonkerton','MD','12345','378-454-4982');
INSERT INTO RESERVATION VALUES ('20200429KJ1090416099400',1457,119,'KJ','2020-04-29','2020-04-30',null,'complete');
INSERT INTO INVOICECHARGE VALUES ('20200429KJ1090416099400-ch00001','20200429KJ1090416099400','2020-04-29',138.6,'Base room charge');
INSERT INTO PAYMENT VALUES ('20200429KJ1090416099400-p00001','20200429KJ1090416099400','2020-05-05','CC',7,'Melaine Miskell','9635526503433311',3,2026,389,'Mastercard');
-- ------- SAMPLE 458 ----------
INSERT INTO GUEST VALUES(1458,'Walker','Weatherhead','WWeatherhead@yahoo.com','1234 DaWrong Lane','Flonkerton','MD','12345','320-636-5481');
INSERT INTO RESERVATION VALUES ('20190531KI4101586282874',1458,204,'KI','2019-05-31','2019-06-05',null,'complete');
INSERT INTO INVOICECHARGE VALUES ('20190531KI4101586282874-ch00001','20190531KI4101586282874','2019-05-31',426.45,'Base room charge');
INSERT INTO PAYMENT VALUES ('20190531KI4101586282874-p00001','20190531KI4101586282874','2020-05-05','CC',121,'Walker Weatherhead','9749800988996980',1,2027,214,'Mastercard');
-- ------- SAMPLE 459 ----------
INSERT INTO GUEST VALUES(1459,'Shad','Sitler','SSitler@hotmail.com','1234 DaWrong Lane','Flonkerton','MD','12345','146-224-0301');
INSERT INTO RESERVATION VALUES ('20201215KJ9658764504838',1459,null,'KJ','2020-12-15','2020-12-16',null,'active');
-- ------- SAMPLE 460 ----------
INSERT INTO GUEST VALUES(1460,'Lucius','Liles','LLiles@gmail.com','1234 DaWrong Lane','Flonkerton','MD','12345','940-177-3383');
INSERT INTO RESERVATION VALUES ('20200123KI6196620478120',1460,115,'KI','2020-01-23','2020-01-24',null,'complete');
INSERT INTO INVOICECHARGE VALUES ('20200123KI6196620478120-ch00001','20200123KI6196620478120','2020-01-23',85.29,'Base room charge');
INSERT INTO PAYMENT VALUES ('20200123KI6196620478120-p00001','20200123KI6196620478120','2020-05-05','CC',5,'Lucius Liles','3900551666506556',1,2026,429,'Mastercard');
-- ------- SAMPLE 461 ----------
INSERT INTO GUEST VALUES(1461,'Jeanene','Jacobo','JJacobo@hotmail.com','1234 DaWrong Lane','Flonkerton','MD','12345','214-449-3621');
INSERT INTO RESERVATION VALUES ('20200501KS2422491971822',1461,112,'KS','2020-05-01','2020-05-05',null,'complete');
INSERT INTO INVOICECHARGE VALUES ('20200501KS2422491971822-ch00001','20200501KS2422491971822','2020-05-01',426.46,'Base room charge');
INSERT INTO PAYMENT VALUES ('20200501KS2422491971822-p00001','20200501KS2422491971822','2020-05-05','CC',426.46,'Jeanene Jacobo','5161724193271651',2,2024,742,'Mastercard');
-- ------- SAMPLE 462 ----------
INSERT INTO GUEST VALUES(1462,'Liliana','Lueck','LLueck@hotmail.com','1234 DaWrong Lane','Flonkerton','MD','12345','152-138-4860');
INSERT INTO RESERVATION VALUES ('20200116QD9491688202936',1462,116,'QD','2020-01-16','2020-01-18',null,'complete');
INSERT INTO INVOICECHARGE VALUES ('20200116QD9491688202936-ch00001','20200116QD9491688202936','2020-01-16',191.9,'Base room charge');
INSERT INTO PAYMENT (payment_id,invoice_id,payment_date,payment_type,payment_amount) VALUES ('20200116QD9491688202936-p00001','20200116QD9491688202936','2020-05-05','CA',89);
-- ------- SAMPLE 463 ----------
INSERT INTO GUEST VALUES(1463,'Tish','Tusing','TTusing@gmail.com','1234 DaWrong Lane','Flonkerton','MD','12345','539-101-5100');
INSERT INTO RESERVATION VALUES ('20210329QS3613669611572',1463,null,'QS','2021-03-29','2021-04-01',null,'active');
INSERT INTO INVOICECHARGE VALUES ('20210329QS3613669611572-ch00001','20210329QS3613669611572','2021-03-29',232.21,'Base room charge');
INSERT INTO INVOICECHARGE VALUES ('20210329QS3613669611572-ch00002','20210329QS3613669611572','2021-03-29',119.62,'Cleaning fee');
INSERT INTO PAYMENT VALUES ('20210329QS3613669611572-p00001','20210329QS3613669611572','2020-05-05','CC',351.83,'Tish Tusing','9412567606248398',1,2026,276,'Mastercard');
-- ------- SAMPLE 464 ----------
INSERT INTO GUEST VALUES(1464,'Delsie','Delong','DDelong@yahoo.com','1234 DaWrong Lane','Flonkerton','MD','12345','414-346-8930');
INSERT INTO RESERVATION VALUES ('20191001QS8020215526593',1464,103,'QS','2019-10-01','2019-10-05',null,'complete');
-- ------- SAMPLE 465 ----------
INSERT INTO GUEST VALUES(1465,'Natalya','Neathery','NNeathery@yahoo.com','1234 DaWrong Lane','Flonkerton','MD','12345','698-170-4379');
INSERT INTO RESERVATION VALUES ('20200416QS3866146769092',1465,113,'QS','2020-04-16','2020-04-19',null,'cancelled');
-- ------- SAMPLE 466 ----------
INSERT INTO GUEST VALUES(1466,'Tifany','Temple','TTemple@hotmail.com','1234 DaWrong Lane','Flonkerton','MD','12345','594-056-6192');
INSERT INTO RESERVATION VALUES ('20200613KI1300827521688',1466,null,'KI','2020-06-13','2020-06-16',null,'cancelled');
INSERT INTO INVOICECHARGE VALUES ('20200613KI1300827521688-ch00001','20200613KI1300827521688','2020-06-13',255.87,'Base room charge');
INSERT INTO PAYMENT VALUES ('20200613KI1300827521688-p00001','20200613KI1300827521688','2020-05-05','CC',255.87,'Tifany Temple','2394498054708561',7,2026,408,'Mastercard');
-- ------- SAMPLE 467 ----------
INSERT INTO GUEST VALUES(1467,'Stacie','Schupp','SSchupp@hotmail.com','1234 DaWrong Lane','Flonkerton','MD','12345','242-166-2995');
INSERT INTO RESERVATION VALUES ('20200602KJ6703848499652',1467,null,'KJ','2020-06-02','2020-06-04',null,'active');
INSERT INTO INVOICECHARGE VALUES ('20200602KJ6703848499652-ch00001','20200602KJ6703848499652','2020-06-02',182.95,'Base room charge');
INSERT INTO INVOICECHARGE VALUES ('20200602KJ6703848499652-ch00002','20200602KJ6703848499652','2020-06-02',94.25,'Cleaning fee');
INSERT INTO PAYMENT VALUES ('20200602KJ6703848499652-p00001','20200602KJ6703848499652','2020-05-05','CC',277.2,'Stacie Schupp','7766355294628444',12,2023,144,'Mastercard');
-- ------- SAMPLE 468 ----------
INSERT INTO GUEST VALUES(1468,'Elfriede','Esslinger','EEsslinger@gmail.com','1234 DaWrong Lane','Flonkerton','MD','12345','571-699-7475');
INSERT INTO RESERVATION VALUES ('20190811KS7787878565973',1468,102,'KS','2019-08-11','2019-08-16',null,'complete');
-- ------- SAMPLE 469 ----------
INSERT INTO GUEST VALUES(1469,'Shonda','Schult','SSchult@yahoo.com','1234 DaWrong Lane','Flonkerton','MD','12345','079-258-2207');
INSERT INTO RESERVATION VALUES ('20210405QD1531826945430',1469,null,'QD','2021-04-05','2021-04-10',null,'active');
INSERT INTO INVOICECHARGE VALUES ('20210405QD1531826945430-ch00001','20210405QD1531826945430','2021-04-05',316.64,'Base room charge');
INSERT INTO INVOICECHARGE VALUES ('20210405QD1531826945430-ch00002','20210405QD1531826945430','2021-04-05',163.12,'Cleaning fee');
INSERT INTO PAYMENT VALUES ('20210405QD1531826945430-p00001','20210405QD1531826945430','2020-05-05','CC',479.76,'Shonda Schult','3852918127108108',8,2026,15,'Mastercard');
-- ------- SAMPLE 470 ----------
INSERT INTO GUEST VALUES(1470,'Francie','Fairbank','FFairbank@gmail.com','1234 DaWrong Lane','Flonkerton','MD','12345','672-382-2901');
INSERT INTO RESERVATION VALUES ('20190513QS9015278558788',1470,202,'QS','2019-05-13','2019-05-17',null,'complete');
INSERT INTO INVOICECHARGE VALUES ('20190513QS9015278558788-ch00001','20190513QS9015278558788','2019-05-13',469.11,'Base room charge');
INSERT INTO PAYMENT VALUES ('20190513QS9015278558788-p00001','20190513QS9015278558788','2020-05-05','CC',469.11,'Francie Fairbank','5081708212205348',10,2022,501,'Mastercard');
-- ------- SAMPLE 471 ----------
INSERT INTO GUEST VALUES(1471,'Daron','Dycus','DDycus@yahoo.com','1234 DaWrong Lane','Flonkerton','MD','12345','736-569-3958');
INSERT INTO RESERVATION VALUES ('20210225KI1464510542581',1471,null,'KI','2021-02-25','2021-02-27',null,'cancelled');
INSERT INTO INVOICECHARGE VALUES ('20210225KI1464510542581-ch00001','20210225KI1464510542581','2021-02-25',112.58,'Base room charge');
INSERT INTO INVOICECHARGE VALUES ('20210225KI1464510542581-ch00002','20210225KI1464510542581','2021-02-25',58,'Cleaning fee');
INSERT INTO PAYMENT VALUES ('20210225KI1464510542581-p00001','20210225KI1464510542581','2020-05-05','CC',170.58,'Daron Dycus','7959344470164757',7,2026,210,'Mastercard');
-- ------- SAMPLE 472 ----------
INSERT INTO GUEST VALUES(1472,'Randal','Rohman','RRohman@gmail.com','1234 DaWrong Lane','Flonkerton','MD','12345','124-044-8792');
INSERT INTO RESERVATION VALUES ('20200722QS3570208006002',1472,null,'QS','2020-07-22','2020-07-25',null,'active');
-- ------- SAMPLE 473 ----------
INSERT INTO GUEST VALUES(1473,'Yuette','Yetman','YYetman@hotmail.com','1234 DaWrong Lane','Flonkerton','MD','12345','674-697-0599');
INSERT INTO RESERVATION VALUES ('20200729QS5825687759663',1473,null,'QS','2020-07-29','2020-07-31',null,'active');
INSERT INTO INVOICECHARGE VALUES ('20200729QS5825687759663-ch00001','20200729QS5825687759663','2020-07-29',154.81,'Base room charge');
INSERT INTO INVOICECHARGE VALUES ('20200729QS5825687759663-ch00002','20200729QS5825687759663','2020-07-29',79.75,'Room Service');
INSERT INTO PAYMENT (payment_id,invoice_id,payment_date,payment_type,payment_amount) VALUES ('20200729QS5825687759663-p00001','20200729QS5825687759663','2020-05-05','CA',183);
-- ------- SAMPLE 474 ----------
INSERT INTO GUEST VALUES(1474,'Gwyneth','Gamber','GGamber@gmail.com','1234 DaWrong Lane','Flonkerton','MD','12345','700-692-2105');
INSERT INTO RESERVATION VALUES ('20201129KS6127059760414',1474,null,'KS','2020-11-29','2020-12-03',null,'active');
INSERT INTO INVOICECHARGE VALUES ('20201129KS6127059760414-ch00001','20201129KS6127059760414','2020-11-29',281.46,'Base room charge');
INSERT INTO INVOICECHARGE VALUES ('20201129KS6127059760414-ch00002','20201129KS6127059760414','2020-11-29',145,'Cleaning fee');
INSERT INTO PAYMENT VALUES ('20201129KS6127059760414-p00001','20201129KS6127059760414','2020-05-05','CC',426.46,'Gwyneth Gamber','7012291506671031',12,2021,976,'Mastercard');
-- ------- SAMPLE 475 ----------
INSERT INTO GUEST VALUES(1475,'Demarcus','Dearborn','DDearborn@gmail.com','1234 DaWrong Lane','Flonkerton','MD','12345','960-888-4860');
INSERT INTO RESERVATION VALUES ('20190618QD7416759808269',1475,116,'QD','2019-06-18','2019-06-22',null,'complete');
-- ------- SAMPLE 476 ----------
INSERT INTO GUEST VALUES(1476,'Vicky','Vanderhoff','VVanderhoff@hotmail.com','1234 DaWrong Lane','Flonkerton','MD','12345','821-413-0287');
INSERT INTO RESERVATION VALUES ('20200413KJ6111921668838',1476,114,'KJ','2020-04-13','2020-04-15',null,'complete');
INSERT INTO INVOICECHARGE VALUES ('20200413KJ6111921668838-ch00001','20200413KJ6111921668838','2020-04-13',182.95,'Base room charge');
INSERT INTO INVOICECHARGE VALUES ('20200413KJ6111921668838-ch00002','20200413KJ6111921668838','2020-04-13',94.25,'Cleaning fee');
INSERT INTO PAYMENT VALUES ('20200413KJ6111921668838-p00001','20200413KJ6111921668838','2020-05-05','CC',277.2,'Vicky Vanderhoff','2341956370466729',7,2023,669,'Mastercard');
-- ------- SAMPLE 477 ----------
INSERT INTO GUEST VALUES(1477,'Malia','Molden','MMolden@hotmail.com','1234 DaWrong Lane','Flonkerton','MD','12345','916-255-4618');
INSERT INTO RESERVATION VALUES ('20200603KI7864608473437',1477,null,'KI','2020-06-03','2020-06-05',null,'active');
-- ------- SAMPLE 478 ----------
INSERT INTO GUEST VALUES(1478,'Dorian','Delbosque','DDelbosque@hotmail.com','1234 DaWrong Lane','Flonkerton','MD','12345','008-851-3178');
INSERT INTO RESERVATION VALUES ('20210214KI7020411907033',1478,null,'KI','2021-02-14','2021-02-19',null,'cancelled');
INSERT INTO INVOICECHARGE VALUES ('20210214KI7020411907033-ch00001','20210214KI7020411907033','2021-02-14',426.45,'Base room charge');
INSERT INTO PAYMENT VALUES ('20210214KI7020411907033-p00001','20210214KI7020411907033','2020-05-05','CC',426.45,'Dorian Delbosque','7566497340786049',11,2021,937,'Mastercard');
-- ------- SAMPLE 479 ----------
INSERT INTO GUEST VALUES(1479,'Linwood','Layden','LLayden@yahoo.com','1234 DaWrong Lane','Flonkerton','MD','12345','404-218-4957');
INSERT INTO RESERVATION VALUES ('20201211KI9734986516698',1479,null,'KI','2020-12-11','2020-12-13',null,'cancelled');
INSERT INTO INVOICECHARGE VALUES ('20201211KI9734986516698-ch00001','20201211KI9734986516698','2020-12-11',112.58,'Base room charge');
INSERT INTO INVOICECHARGE VALUES ('20201211KI9734986516698-ch00002','20201211KI9734986516698','2020-12-11',58,'Cleaning fee');
INSERT INTO PAYMENT VALUES ('20201211KI9734986516698-p00001','20201211KI9734986516698','2020-05-05','CC',170.58,'Linwood Layden','5705041999811998',10,2027,106,'Mastercard');
-- ------- SAMPLE 480 ----------
INSERT INTO GUEST VALUES(1480,'Ceola','Carasco','CCarasco@hotmail.com','1234 DaWrong Lane','Flonkerton','MD','12345','320-216-5814');
INSERT INTO RESERVATION VALUES ('20201019KS2142712301229',1480,null,'KS','2020-10-19','2020-10-22',null,'cancelled');
INSERT INTO INVOICECHARGE VALUES ('20201019KS2142712301229-ch00001','20201019KS2142712301229','2020-10-19',319.84,'Base room charge');
INSERT INTO PAYMENT VALUES ('20201019KS2142712301229-p00001','20201019KS2142712301229','2020-05-05','CC',319.84,'Ceola Carasco','5527352702009379',11,2021,214,'Mastercard');
-- ------- SAMPLE 481 ----------
INSERT INTO GUEST VALUES(1481,'Melony','Mcmartin','MMcmartin@gmail.com','1234 DaWrong Lane','Flonkerton','MD','12345','584-414-8862');
INSERT INTO RESERVATION VALUES ('20200401KI2754681018681',1481,209,'KI','2020-04-01','2020-04-05',null,'complete');
INSERT INTO INVOICECHARGE VALUES ('20200401KI2754681018681-ch00001','20200401KI2754681018681','2020-04-01',341.16,'Base room charge');
INSERT INTO PAYMENT VALUES ('20200401KI2754681018681-p00001','20200401KI2754681018681','2020-05-05','CC',252,'Melony Mcmartin','2924198994175113',4,2024,774,'Mastercard');
-- ------- SAMPLE 482 ----------
INSERT INTO GUEST VALUES(1482,'Delsie','Dunstan','DDunstan@hotmail.com','1234 DaWrong Lane','Flonkerton','MD','12345','073-427-8824');
INSERT INTO RESERVATION VALUES ('20191016KJ3254936738853',1482,114,'KJ','2019-10-16','2019-10-17',null,'complete');
INSERT INTO INVOICECHARGE VALUES ('20191016KJ3254936738853-ch00001','20191016KJ3254936738853','2019-10-16',91.48,'Base room charge');
INSERT INTO INVOICECHARGE VALUES ('20191016KJ3254936738853-ch00002','20191016KJ3254936738853','2019-10-16',47.12,'Room Service');
INSERT INTO PAYMENT (payment_id,invoice_id,payment_date,payment_type,payment_amount) VALUES ('20191016KJ3254936738853-p00001','20191016KJ3254936738853','2020-05-05','CA',102);
-- ------- SAMPLE 483 ----------
INSERT INTO GUEST VALUES(1483,'Natalia','Nowacki','NNowacki@hotmail.com','1234 DaWrong Lane','Flonkerton','MD','12345','071-473-3118');
INSERT INTO RESERVATION VALUES ('20200520KI8110359419642',1483,null,'KI','2020-05-20','2020-05-23',null,'active');
-- ------- SAMPLE 484 ----------
INSERT INTO GUEST VALUES(1484,'Delsie','Delong','DDelong@gmail.com','1234 DaWrong Lane','Flonkerton','MD','12345','584-452-9981');
INSERT INTO RESERVATION VALUES ('20200317QD6706990446653',1484,116,'QD','2020-03-17','2020-03-18',null,'complete');
INSERT INTO INVOICECHARGE VALUES ('20200317QD6706990446653-ch00001','20200317QD6706990446653','2020-03-17',95.95,'Base room charge');
INSERT INTO PAYMENT (payment_id,invoice_id,payment_date,payment_type,payment_amount) VALUES ('20200317QD6706990446653-p00001','20200317QD6706990446653','2020-05-05','CA',95.95);
-- ------- SAMPLE 485 ----------
INSERT INTO GUEST VALUES(1485,'Marylynn','Musson','MMusson@yahoo.com','1234 DaWrong Lane','Flonkerton','MD','12345','495-958-3994');
INSERT INTO RESERVATION VALUES ('20200325KJ2421405660318',1485,208,'KJ','2020-03-25','2020-03-27',null,'complete');
-- ------- SAMPLE 486 ----------
INSERT INTO GUEST VALUES(1486,'Hanna','Hastie','HHastie@yahoo.com','1234 DaWrong Lane','Flonkerton','MD','12345','191-093-7583');
INSERT INTO RESERVATION VALUES ('20190620QD9427238421470',1486,116,'QD','2019-06-20','2019-06-21',null,'complete');
INSERT INTO INVOICECHARGE VALUES ('20190620QD9427238421470-ch00001','20190620QD9427238421470','2019-06-20',63.33,'Base room charge');
INSERT INTO INVOICECHARGE VALUES ('20190620QD9427238421470-ch00002','20190620QD9427238421470','2019-06-20',32.62,'Room Service');
INSERT INTO PAYMENT (payment_id,invoice_id,payment_date,payment_type,payment_amount) VALUES ('20190620QD9427238421470-p00001','20190620QD9427238421470','2020-05-05','CA',95.95);
-- ------- SAMPLE 487 ----------
INSERT INTO GUEST VALUES(1487,'Kandra','Kelty','KKelty@gmail.com','1234 DaWrong Lane','Flonkerton','MD','12345','148-725-8390');
INSERT INTO RESERVATION VALUES ('20200315QD5382546880525',1487,205,'QD','2020-03-15','2020-03-19',null,'complete');
INSERT INTO INVOICECHARGE VALUES ('20200315QD5382546880525-ch00001','20200315QD5382546880525','2020-03-15',253.31,'Base room charge');
INSERT INTO INVOICECHARGE VALUES ('20200315QD5382546880525-ch00002','20200315QD5382546880525','2020-03-15',130.49,'Room Service');
INSERT INTO PAYMENT VALUES ('20200315QD5382546880525-p00001','20200315QD5382546880525','2020-05-05','CC',21,'Kandra Kelty','5022438726924749',6,2025,202,'Mastercard');
-- ------- SAMPLE 488 ----------
INSERT INTO GUEST VALUES(1488,'Tomika','Teran','TTeran@yahoo.com','1234 DaWrong Lane','Flonkerton','MD','12345','175-274-1873');
INSERT INTO RESERVATION VALUES ('20200511KS2710037909416',1488,null,'KS','2020-05-11','2020-05-12',null,'active');
INSERT INTO INVOICECHARGE VALUES ('20200511KS2710037909416-ch00001','20200511KS2710037909416','2020-05-11',70.37,'Base room charge');
INSERT INTO INVOICECHARGE VALUES ('20200511KS2710037909416-ch00002','20200511KS2710037909416','2020-05-11',36.25,'Cleaning fee');
INSERT INTO PAYMENT VALUES ('20200511KS2710037909416-p00001','20200511KS2710037909416','2020-05-05','CC',106.61,'Tomika Teran','2282244633756176',9,2025,148,'Mastercard');
-- ------- SAMPLE 489 ----------
INSERT INTO GUEST VALUES(1489,'Hanna','Hastie','HHastie@gmail.com','1234 DaWrong Lane','Flonkerton','MD','12345','342-406-2148');
INSERT INTO RESERVATION VALUES ('20190525KI8471441873130',1489,120,'KI','2019-05-25','2019-05-29',null,'complete');
INSERT INTO INVOICECHARGE VALUES ('20190525KI8471441873130-ch00001','20190525KI8471441873130','2019-05-25',341.16,'Base room charge');
INSERT INTO PAYMENT VALUES ('20190525KI8471441873130-p00001','20190525KI8471441873130','2020-05-05','CC',341.16,'Hanna Hastie','9313595331256732',11,2025,398,'Mastercard');
-- ------- SAMPLE 490 ----------
INSERT INTO GUEST VALUES(1490,'Mario','Macdowell','MMacdowell@gmail.com','1234 DaWrong Lane','Flonkerton','MD','12345','349-729-1840');
INSERT INTO RESERVATION VALUES ('20190505KS8648199012698',1490,107,'KS','2019-05-05','2019-05-10',null,'complete');
INSERT INTO INVOICECHARGE VALUES ('20190505KS8648199012698-ch00001','20190505KS8648199012698','2019-05-05',351.83,'Base room charge');
INSERT INTO INVOICECHARGE VALUES ('20190505KS8648199012698-ch00002','20190505KS8648199012698','2019-05-05',181.24,'Room Service');
INSERT INTO PAYMENT VALUES ('20190505KS8648199012698-p00001','20190505KS8648199012698','2020-05-05','CC',362,'Mario Macdowell','6902420318010426',1,2022,8,'Mastercard');
-- ------- SAMPLE 491 ----------
INSERT INTO GUEST VALUES(1491,'Reita','Rudder','RRudder@hotmail.com','1234 DaWrong Lane','Flonkerton','MD','12345','053-975-3244');
INSERT INTO RESERVATION VALUES ('20201106QS4708045720233',1491,null,'QS','2020-11-06','2020-11-08',null,'active');
INSERT INTO INVOICECHARGE VALUES ('20201106QS4708045720233-ch00001','20201106QS4708045720233','2020-11-06',154.81,'Base room charge');
INSERT INTO INVOICECHARGE VALUES ('20201106QS4708045720233-ch00002','20201106QS4708045720233','2020-11-06',79.75,'Cleaning fee');
INSERT INTO PAYMENT VALUES ('20201106QS4708045720233-p00001','20201106QS4708045720233','2020-05-05','CC',39,'Reita Rudder','3174212655982743',10,2026,701,'Mastercard');
-- ------- SAMPLE 492 ----------
INSERT INTO GUEST VALUES(1492,'Heather','Hartin','HHartin@hotmail.com','1234 DaWrong Lane','Flonkerton','MD','12345','687-219-8162');
INSERT INTO RESERVATION VALUES ('20201204QS4988716162439',1492,null,'QS','2020-12-04','2020-12-06',null,'active');
INSERT INTO INVOICECHARGE VALUES ('20201204QS4988716162439-ch00001','20201204QS4988716162439','2020-12-04',154.81,'Base room charge');
INSERT INTO INVOICECHARGE VALUES ('20201204QS4988716162439-ch00002','20201204QS4988716162439','2020-12-04',79.75,'Cleaning fee');
INSERT INTO PAYMENT VALUES ('20201204QS4988716162439-p00001','20201204QS4988716162439','2020-05-05','CC',234.55,'Heather Hartin','6517504138089634',12,2021,271,'Mastercard');
-- ------- SAMPLE 493 ----------
INSERT INTO GUEST VALUES(1493,'Margorie','Mcnish','MMcnish@yahoo.com','1234 DaWrong Lane','Flonkerton','MD','12345','766-433-1939');
INSERT INTO RESERVATION VALUES ('20190804KI2768315274111',1493,110,'KI','2019-08-04','2019-08-06',null,'complete');
INSERT INTO INVOICECHARGE VALUES ('20190804KI2768315274111-ch00001','20190804KI2768315274111','2019-08-04',170.58,'Base room charge');
INSERT INTO PAYMENT (payment_id,invoice_id,payment_date,payment_type,payment_amount) VALUES ('20190804KI2768315274111-p00001','20190804KI2768315274111','2020-05-05','CA',170.58);
-- ------- SAMPLE 494 ----------
INSERT INTO GUEST VALUES(1494,'Tish','Tusing','TTusing@yahoo.com','1234 DaWrong Lane','Flonkerton','MD','12345','526-864-7336');
INSERT INTO RESERVATION VALUES ('20210408QS3794049809811',1494,null,'QS','2021-04-08','2021-04-13',null,'cancelled');
INSERT INTO INVOICECHARGE VALUES ('20210408QS3794049809811-ch00001','20210408QS3794049809811','2021-04-08',387.01,'Base room charge');
INSERT INTO INVOICECHARGE VALUES ('20210408QS3794049809811-ch00002','20210408QS3794049809811','2021-04-08',199.37,'Cleaning fee');
INSERT INTO PAYMENT VALUES ('20210408QS3794049809811-p00001','20210408QS3794049809811','2020-05-05','CC',586.38,'Tish Tusing','2996129750708509',6,2024,225,'Mastercard');
-- ------- SAMPLE 495 ----------
INSERT INTO GUEST VALUES(1495,'Marcelino','Meisner','MMeisner@hotmail.com','1234 DaWrong Lane','Flonkerton','MD','12345','604-054-5062');
INSERT INTO RESERVATION VALUES ('20200424KJ8974555213883',1495,109,'KJ','2020-04-24','2020-04-27',null,'complete');
INSERT INTO INVOICECHARGE VALUES ('20200424KJ8974555213883-ch00001','20200424KJ8974555213883','2020-04-24',415.81,'Base room charge');
INSERT INTO PAYMENT VALUES ('20200424KJ8974555213883-p00001','20200424KJ8974555213883','2020-05-05','CC',415.81,'Marcelino Meisner','6752885575768346',4,2026,487,'Mastercard');
-- ------- SAMPLE 496 ----------
INSERT INTO GUEST VALUES(1496,'Shera','Shorter','SShorter@gmail.com','1234 DaWrong Lane','Flonkerton','MD','12345','404-454-4861');
INSERT INTO RESERVATION VALUES ('20191207QD7729578718299',1496,106,'QD','2019-12-07','2019-12-12',null,'complete');
INSERT INTO INVOICECHARGE VALUES ('20191207QD7729578718299-ch00001','20191207QD7729578718299','2019-12-07',316.64,'Base room charge');
INSERT INTO INVOICECHARGE VALUES ('20191207QD7729578718299-ch00002','20191207QD7729578718299','2019-12-07',163.12,'Cleaning fee');
INSERT INTO PAYMENT VALUES ('20191207QD7729578718299-p00001','20191207QD7729578718299','2020-05-05','CC',479.76,'Shera Shorter','2882890013001254',1,2023,19,'Mastercard');
-- ------- SAMPLE 497 ----------
INSERT INTO GUEST VALUES(1497,'Collin','Chaparro','CChaparro@hotmail.com','1234 DaWrong Lane','Flonkerton','MD','12345','489-821-8861');
INSERT INTO RESERVATION VALUES ('20190602KJ3269870652642',1497,208,'KJ','2019-06-02','2019-06-07',null,'cancelled');
INSERT INTO INVOICECHARGE VALUES ('20190602KJ3269870652642-ch00001','20190602KJ3269870652642','2019-06-02',693.01,'Base room charge');
INSERT INTO PAYMENT VALUES ('20190602KJ3269870652642-p00001','20190602KJ3269870652642','2020-05-05','CC',693.01,'Collin Chaparro','6886899972502346',9,2027,96,'Mastercard');
-- ------- SAMPLE 498 ----------
INSERT INTO GUEST VALUES(1498,'Rosemarie','Roeser','RRoeser@gmail.com','1234 DaWrong Lane','Flonkerton','MD','12345','469-571-6566');
INSERT INTO RESERVATION VALUES ('20200325QD3597828216030',1498,200,'QD','2020-03-25','2020-03-29',null,'complete');
INSERT INTO INVOICECHARGE VALUES ('20200325QD3597828216030-ch00001','20200325QD3597828216030','2020-03-25',253.31,'Base room charge');
INSERT INTO INVOICECHARGE VALUES ('20200325QD3597828216030-ch00002','20200325QD3597828216030','2020-03-25',130.49,'Room Service');
INSERT INTO PAYMENT VALUES ('20200325QD3597828216030-p00001','20200325QD3597828216030','2020-05-05','CC',383.81,'Rosemarie Roeser','5809558782739680',12,2025,181,'Mastercard');
-- ------- SAMPLE 499 ----------
INSERT INTO GUEST VALUES(1499,'Nena','Nunez','NNunez@yahoo.com','1234 DaWrong Lane','Flonkerton','MD','12345','261-292-5850');
INSERT INTO RESERVATION VALUES ('20200305QS6158689192221',1499,118,'QS','2020-03-05','2020-03-06',null,'complete');
INSERT INTO INVOICECHARGE VALUES ('20200305QS6158689192221-ch00001','20200305QS6158689192221','2020-03-05',77.4,'Base room charge');
INSERT INTO INVOICECHARGE VALUES ('20200305QS6158689192221-ch00002','20200305QS6158689192221','2020-03-05',39.87,'Room Service');
INSERT INTO PAYMENT VALUES ('20200305QS6158689192221-p00001','20200305QS6158689192221','2020-05-05','CC',117.28,'Nena Nunez','7334437180246985',3,2022,20,'Mastercard');
-- ------- SAMPLE 500 ----------
INSERT INTO GUEST VALUES(1500,'Kerstin','Khalaf','KKhalaf@gmail.com','1234 DaWrong Lane','Flonkerton','MD','12345','191-142-5873');
INSERT INTO RESERVATION VALUES ('20200125QD7818145908413',1500,116,'QD','2020-01-25','2020-01-26',null,'complete');
-- ------- SAMPLE 501 ----------
INSERT INTO GUEST VALUES(1501,'Sherrie','Stultz','SStultz@gmail.com','1234 DaWrong Lane','Flonkerton','MD','12345','355-605-8217');
INSERT INTO RESERVATION VALUES ('20200405QS1608648854645',1501,118,'QS','2020-04-05','2020-04-06',null,'complete');
-- ------- SAMPLE 502 ----------
INSERT INTO GUEST VALUES(1502,'Len','Linquist','LLinquist@gmail.com','1234 DaWrong Lane','Flonkerton','MD','12345','107-937-5656');
INSERT INTO RESERVATION VALUES ('20190603QS5026439034738',1502,202,'QS','2019-06-03','2019-06-06',null,'complete');
INSERT INTO INVOICECHARGE VALUES ('20190603QS5026439034738-ch00001','20190603QS5026439034738','2019-06-03',351.83,'Base room charge');
INSERT INTO PAYMENT VALUES ('20190603QS5026439034738-p00001','20190603QS5026439034738','2020-05-05','CC',60,'Len Linquist','6136258870500738',3,2027,827,'Mastercard');
-- ------- SAMPLE 503 ----------
INSERT INTO GUEST VALUES(1503,'Lakenya','Langston','LLangston@yahoo.com','1234 DaWrong Lane','Flonkerton','MD','12345','593-473-1200');
INSERT INTO RESERVATION VALUES ('20201007KI1595734635444',1503,null,'KI','2020-10-07','2020-10-09',null,'active');
INSERT INTO INVOICECHARGE VALUES ('20201007KI1595734635444-ch00001','20201007KI1595734635444','2020-10-07',112.58,'Base room charge');
INSERT INTO INVOICECHARGE VALUES ('20201007KI1595734635444-ch00002','20201007KI1595734635444','2020-10-07',58,'Room Service');
INSERT INTO PAYMENT (payment_id,invoice_id,payment_date,payment_type,payment_amount) VALUES ('20201007KI1595734635444-p00001','20201007KI1595734635444','2020-05-05','CA',170.58);
-- ------- SAMPLE 504 ----------
INSERT INTO GUEST VALUES(1504,'Ngan','Nalley','NNalley@hotmail.com','1234 DaWrong Lane','Flonkerton','MD','12345','123-537-5901');
INSERT INTO RESERVATION VALUES ('20190901KI4312638646413',1504,120,'KI','2019-09-01','2019-09-02',null,'complete');
INSERT INTO INVOICECHARGE VALUES ('20190901KI4312638646413-ch00001','20190901KI4312638646413','2019-09-01',85.29,'Base room charge');
INSERT INTO PAYMENT VALUES ('20190901KI4312638646413-p00001','20190901KI4312638646413','2020-05-05','CC',57,'Ngan Nalley','7759982172947193',8,2027,497,'Mastercard');
-- ------- SAMPLE 505 ----------
INSERT INTO GUEST VALUES(1505,'Walter','Wellington','WWellington@hotmail.com','1234 DaWrong Lane','Flonkerton','MD','12345','493-927-6302');
INSERT INTO RESERVATION VALUES ('20191216QD7389702498193',1505,200,'QD','2019-12-16','2019-12-19',null,'complete');
INSERT INTO INVOICECHARGE VALUES ('20191216QD7389702498193-ch00001','20191216QD7389702498193','2019-12-16',189.98,'Base room charge');
INSERT INTO INVOICECHARGE VALUES ('20191216QD7389702498193-ch00002','20191216QD7389702498193','2019-12-16',97.87,'Cleaning fee');
INSERT INTO PAYMENT VALUES ('20191216QD7389702498193-p00001','20191216QD7389702498193','2020-05-05','CC',287.86,'Walter Wellington','5758948522512091',1,2023,592,'Mastercard');
-- ------- SAMPLE 506 ----------
INSERT INTO GUEST VALUES(1506,'Tomika','Teran','TTeran@yahoo.com','1234 DaWrong Lane','Flonkerton','MD','12345','620-636-4445');
INSERT INTO RESERVATION VALUES ('20200501QD7098256777297',1506,116,'QD','2020-05-01','2020-05-06',null,'cancelled');
INSERT INTO INVOICECHARGE VALUES ('20200501QD7098256777297-ch00001','20200501QD7098256777297','2020-05-01',316.64,'Base room charge');
INSERT INTO INVOICECHARGE VALUES ('20200501QD7098256777297-ch00002','20200501QD7098256777297','2020-05-01',163.12,'Room Service');
INSERT INTO PAYMENT VALUES ('20200501QD7098256777297-p00001','20200501QD7098256777297','2020-05-05','CC',315,'Tomika Teran','1836001781457010',6,2024,321,'Mastercard');
-- ------- SAMPLE 507 ----------
INSERT INTO GUEST VALUES(1507,'Randal','Rohman','RRohman@gmail.com','1234 DaWrong Lane','Flonkerton','MD','12345','874-301-1373');
INSERT INTO RESERVATION VALUES ('20210122QD1005993982595',1507,null,'QD','2021-01-22','2021-01-25',null,'cancelled');
-- ------- SAMPLE 508 ----------
INSERT INTO GUEST VALUES(1508,'Shonda','Schult','SSchult@gmail.com','1234 DaWrong Lane','Flonkerton','MD','12345','619-353-0255');
INSERT INTO RESERVATION VALUES ('20191005KJ7294452743184',1508,119,'KJ','2019-10-05','2019-10-08',null,'complete');
INSERT INTO INVOICECHARGE VALUES ('20191005KJ7294452743184-ch00001','20191005KJ7294452743184','2019-10-05',274.43,'Base room charge');
INSERT INTO INVOICECHARGE VALUES ('20191005KJ7294452743184-ch00002','20191005KJ7294452743184','2019-10-05',141.37,'Cleaning fee');
INSERT INTO PAYMENT VALUES ('20191005KJ7294452743184-p00001','20191005KJ7294452743184','2020-05-05','CC',415.81,'Shonda Schult','8980561879941362',9,2024,660,'Mastercard');
-- ------- SAMPLE 509 ----------
INSERT INTO GUEST VALUES(1509,'Maryann','Mccutcheon','MMccutcheon@hotmail.com','1234 DaWrong Lane','Flonkerton','MD','12345','603-741-1633');
INSERT INTO RESERVATION VALUES ('20210131QS4105045062160',1509,null,'QS','2021-01-31','2021-02-01',null,'active');
INSERT INTO INVOICECHARGE VALUES ('20210131QS4105045062160-ch00001','20210131QS4105045062160','2021-01-31',77.4,'Base room charge');
INSERT INTO INVOICECHARGE VALUES ('20210131QS4105045062160-ch00002','20210131QS4105045062160','2021-01-31',39.87,'Room Service');
INSERT INTO PAYMENT (payment_id,invoice_id,payment_date,payment_type,payment_amount) VALUES ('20210131QS4105045062160-p00001','20210131QS4105045062160','2020-05-05','CA',117.28);
-- ------- SAMPLE 510 ----------
INSERT INTO GUEST VALUES(1510,'Eryn','Edenfield','EEdenfield@gmail.com','1234 DaWrong Lane','Flonkerton','MD','12345','545-995-5668');
INSERT INTO RESERVATION VALUES ('20190616QS7263668715191',1510,207,'QS','2019-06-16','2019-06-17',null,'complete');
INSERT INTO INVOICECHARGE VALUES ('20190616QS7263668715191-ch00001','20190616QS7263668715191','2019-06-16',117.28,'Base room charge');
INSERT INTO PAYMENT VALUES ('20190616QS7263668715191-p00001','20190616QS7263668715191','2020-05-05','CC',117.28,'Eryn Edenfield','6878548215469154',8,2021,538,'Mastercard');
-- ------- SAMPLE 511 ----------
INSERT INTO GUEST VALUES(1511,'Francie','Fairbank','FFairbank@gmail.com','1234 DaWrong Lane','Flonkerton','MD','12345','668-730-7240');
INSERT INTO RESERVATION VALUES ('20190708KI4383435615304',1511,204,'KI','2019-07-08','2019-07-10',null,'complete');
INSERT INTO INVOICECHARGE VALUES ('20190708KI4383435615304-ch00001','20190708KI4383435615304','2019-07-08',170.58,'Base room charge');
INSERT INTO PAYMENT (payment_id,invoice_id,payment_date,payment_type,payment_amount) VALUES ('20190708KI4383435615304-p00001','20190708KI4383435615304','2020-05-05','CA',86);
-- ------- SAMPLE 512 ----------
INSERT INTO GUEST VALUES(1512,'Dane','Dumond','DDumond@yahoo.com','1234 DaWrong Lane','Flonkerton','MD','12345','161-294-9206');
INSERT INTO RESERVATION VALUES ('20200207KS1396086742447',1512,107,'KS','2020-02-07','2020-02-09',null,'complete');
INSERT INTO INVOICECHARGE VALUES ('20200207KS1396086742447-ch00001','20200207KS1396086742447','2020-02-07',140.73,'Base room charge');
INSERT INTO INVOICECHARGE VALUES ('20200207KS1396086742447-ch00002','20200207KS1396086742447','2020-02-07',72.5,'Room Service');
INSERT INTO PAYMENT VALUES ('20200207KS1396086742447-p00001','20200207KS1396086742447','2020-05-05','CC',213.23,'Dane Dumond','9246417104920869',2,2027,851,'Mastercard');
-- ------- SAMPLE 513 ----------
INSERT INTO GUEST VALUES(1513,'Leanora','Locke','LLocke@yahoo.com','1234 DaWrong Lane','Flonkerton','MD','12345','142-488-1769');
INSERT INTO RESERVATION VALUES ('20190908QS6841562430381',1513,103,'QS','2019-09-08','2019-09-10',null,'complete');
-- ------- SAMPLE 514 ----------
INSERT INTO GUEST VALUES(1514,'Buffy','Beattie','BBeattie@yahoo.com','1234 DaWrong Lane','Flonkerton','MD','12345','270-120-3706');
INSERT INTO RESERVATION VALUES ('20200130QD4711543102374',1514,101,'QD','2020-01-30','2020-02-02',null,'complete');
-- ------- SAMPLE 515 ----------
INSERT INTO GUEST VALUES(1515,'Kenisha','Kane','KKane@hotmail.com','1234 DaWrong Lane','Flonkerton','MD','12345','634-478-9415');
INSERT INTO RESERVATION VALUES ('20200814KS9697192234279',1515,null,'KS','2020-08-14','2020-08-18',null,'cancelled');
INSERT INTO INVOICECHARGE VALUES ('20200814KS9697192234279-ch00001','20200814KS9697192234279','2020-08-14',281.46,'Base room charge');
INSERT INTO INVOICECHARGE VALUES ('20200814KS9697192234279-ch00002','20200814KS9697192234279','2020-08-14',145,'Cleaning fee');
INSERT INTO PAYMENT VALUES ('20200814KS9697192234279-p00001','20200814KS9697192234279','2020-05-05','CC',130,'Kenisha Kane','6348269627664898',3,2026,202,'Mastercard');
-- ------- SAMPLE 516 ----------
INSERT INTO GUEST VALUES(1516,'Rossana','Running','RRunning@hotmail.com','1234 DaWrong Lane','Flonkerton','MD','12345','800-177-7584');
INSERT INTO RESERVATION VALUES ('20200727KI2640098158243',1516,null,'KI','2020-07-27','2020-07-29',null,'active');
INSERT INTO INVOICECHARGE VALUES ('20200727KI2640098158243-ch00001','20200727KI2640098158243','2020-07-27',170.58,'Base room charge');
INSERT INTO PAYMENT (payment_id,invoice_id,payment_date,payment_type,payment_amount) VALUES ('20200727KI2640098158243-p00001','20200727KI2640098158243','2020-05-05','CA',170.58);
-- ------- SAMPLE 517 ----------
INSERT INTO GUEST VALUES(1517,'Marylynn','Musson','MMusson@yahoo.com','1234 DaWrong Lane','Flonkerton','MD','12345','538-895-0397');
INSERT INTO RESERVATION VALUES ('20210205QS7329789506843',1517,null,'QS','2021-02-05','2021-02-07',null,'active');
INSERT INTO INVOICECHARGE VALUES ('20210205QS7329789506843-ch00001','20210205QS7329789506843','2021-02-05',234.55,'Base room charge');
INSERT INTO PAYMENT VALUES ('20210205QS7329789506843-p00001','20210205QS7329789506843','2020-05-05','CC',234.55,'Marylynn Musson','1090687041058319',2,2022,626,'Mastercard');
-- ------- SAMPLE 518 ----------
INSERT INTO GUEST VALUES(1518,'Rose','Royall','RRoyall@hotmail.com','1234 DaWrong Lane','Flonkerton','MD','12345','805-850-1023');
INSERT INTO RESERVATION VALUES ('20200628QD6664451941632',1518,null,'QD','2020-06-28','2020-07-03',null,'active');
INSERT INTO INVOICECHARGE VALUES ('20200628QD6664451941632-ch00001','20200628QD6664451941632','2020-06-28',316.64,'Base room charge');
INSERT INTO INVOICECHARGE VALUES ('20200628QD6664451941632-ch00002','20200628QD6664451941632','2020-06-28',163.12,'Room Service');
INSERT INTO PAYMENT VALUES ('20200628QD6664451941632-p00001','20200628QD6664451941632','2020-05-05','CC',479.76,'Rose Royall','9659822811000660',5,2024,611,'Mastercard');
-- ------- SAMPLE 519 ----------
INSERT INTO GUEST VALUES(1519,'Kathlyn','Kinser','KKinser@yahoo.com','1234 DaWrong Lane','Flonkerton','MD','12345','492-284-8786');
INSERT INTO RESERVATION VALUES ('20201114KI7642953705775',1519,null,'KI','2020-11-14','2020-11-16',null,'active');
-- ------- SAMPLE 520 ----------
INSERT INTO GUEST VALUES(1520,'Kasey','Kipp','KKipp@gmail.com','1234 DaWrong Lane','Flonkerton','MD','12345','577-065-6395');
INSERT INTO RESERVATION VALUES ('20190818QS2612788031650',1520,113,'QS','2019-08-18','2019-08-19',null,'complete');
INSERT INTO INVOICECHARGE VALUES ('20190818QS2612788031650-ch00001','20190818QS2612788031650','2019-08-18',77.4,'Base room charge');
INSERT INTO INVOICECHARGE VALUES ('20190818QS2612788031650-ch00002','20190818QS2612788031650','2019-08-18',39.87,'Room Service');
INSERT INTO PAYMENT VALUES ('20190818QS2612788031650-p00001','20190818QS2612788031650','2020-05-05','CC',75,'Kasey Kipp','7375550010737137',6,2021,576,'Mastercard');
-- ------- SAMPLE 521 ----------
INSERT INTO GUEST VALUES(1521,'Yuette','Yetman','YYetman@hotmail.com','1234 DaWrong Lane','Flonkerton','MD','12345','088-427-5700');
INSERT INTO RESERVATION VALUES ('20201231KI4957157041850',1521,null,'KI','2020-12-31','2021-01-03',null,'active');
INSERT INTO INVOICECHARGE VALUES ('20201231KI4957157041850-ch00001','20201231KI4957157041850','2020-12-31',255.87,'Base room charge');
INSERT INTO PAYMENT VALUES ('20201231KI4957157041850-p00001','20201231KI4957157041850','2020-05-05','CC',255.87,'Yuette Yetman','6404137692649380',11,2022,3,'Mastercard');
-- ------- SAMPLE 522 ----------
INSERT INTO GUEST VALUES(1522,'Selene','Staiger','SStaiger@yahoo.com','1234 DaWrong Lane','Flonkerton','MD','12345','632-595-9713');
INSERT INTO RESERVATION VALUES ('20201201KI4777181793789',1522,null,'KI','2020-12-01','2020-12-04',null,'active');
INSERT INTO INVOICECHARGE VALUES ('20201201KI4777181793789-ch00001','20201201KI4777181793789','2020-12-01',255.87,'Base room charge');
INSERT INTO PAYMENT VALUES ('20201201KI4777181793789-p00001','20201201KI4777181793789','2020-05-05','CC',188,'Selene Staiger','3209926505866534',1,2024,487,'Mastercard');
-- ------- SAMPLE 523 ----------
INSERT INTO GUEST VALUES(1523,'Linwood','Layden','LLayden@gmail.com','1234 DaWrong Lane','Flonkerton','MD','12345','047-139-4014');
INSERT INTO RESERVATION VALUES ('20210317QS5483572896882',1523,null,'QS','2021-03-17','2021-03-21',null,'active');
INSERT INTO INVOICECHARGE VALUES ('20210317QS5483572896882-ch00001','20210317QS5483572896882','2021-03-17',309.61,'Base room charge');
INSERT INTO INVOICECHARGE VALUES ('20210317QS5483572896882-ch00002','20210317QS5483572896882','2021-03-17',159.5,'Room Service');
INSERT INTO PAYMENT VALUES ('20210317QS5483572896882-p00001','20210317QS5483572896882','2020-05-05','CC',469.11,'Linwood Layden','4424805833870585',9,2024,992,'Mastercard');
-- ------- SAMPLE 524 ----------
INSERT INTO GUEST VALUES(1524,'Freida','Forbis','FForbis@gmail.com','1234 DaWrong Lane','Flonkerton','MD','12345','585-785-5207');
INSERT INTO RESERVATION VALUES ('20201104KJ6948757578518',1524,null,'KJ','2020-11-04','2020-11-05',null,'active');
INSERT INTO INVOICECHARGE VALUES ('20201104KJ6948757578518-ch00001','20201104KJ6948757578518','2020-11-04',91.48,'Base room charge');
INSERT INTO INVOICECHARGE VALUES ('20201104KJ6948757578518-ch00002','20201104KJ6948757578518','2020-11-04',47.12,'Cleaning fee');
INSERT INTO PAYMENT VALUES ('20201104KJ6948757578518-p00001','20201104KJ6948757578518','2020-05-05','CC',138.6,'Freida Forbis','6343464400641795',5,2021,703,'Mastercard');
-- ------- SAMPLE 525 ----------
INSERT INTO GUEST VALUES(1525,'Tifany','Temple','TTemple@yahoo.com','1234 DaWrong Lane','Flonkerton','MD','12345','084-989-8147');
INSERT INTO RESERVATION VALUES ('20190506QS9215645596095',1525,103,'QS','2019-05-06','2019-05-11',null,'complete');
INSERT INTO INVOICECHARGE VALUES ('20190506QS9215645596095-ch00001','20190506QS9215645596095','2019-05-06',387.01,'Base room charge');
INSERT INTO INVOICECHARGE VALUES ('20190506QS9215645596095-ch00002','20190506QS9215645596095','2019-05-06',199.37,'Cleaning fee');
INSERT INTO PAYMENT (payment_id,invoice_id,payment_date,payment_type,payment_amount) VALUES ('20190506QS9215645596095-p00001','20190506QS9215645596095','2020-05-05','CA',248);
-- ------- SAMPLE 526 ----------
INSERT INTO GUEST VALUES(1526,'Tai','Tookes','TTookes@gmail.com','1234 DaWrong Lane','Flonkerton','MD','12345','042-171-0814');
INSERT INTO RESERVATION VALUES ('20210427KI2805549879606',1526,null,'KI','2021-04-27','2021-04-30',null,'active');
INSERT INTO INVOICECHARGE VALUES ('20210427KI2805549879606-ch00001','20210427KI2805549879606','2021-04-27',255.87,'Base room charge');
INSERT INTO PAYMENT (payment_id,invoice_id,payment_date,payment_type,payment_amount) VALUES ('20210427KI2805549879606-p00001','20210427KI2805549879606','2020-05-05','CA',255.87);
-- ------- SAMPLE 527 ----------
INSERT INTO GUEST VALUES(1527,'Irma','Irby','IIrby@hotmail.com','1234 DaWrong Lane','Flonkerton','MD','12345','636-420-4274');
INSERT INTO RESERVATION VALUES ('20200114QD2419835163422',1527,111,'QD','2020-01-14','2020-01-18',null,'complete');
-- ------- SAMPLE 528 ----------
INSERT INTO GUEST VALUES(1528,'James','Janey','JJaney@yahoo.com','1234 DaWrong Lane','Flonkerton','MD','12345','160-063-5089');
INSERT INTO RESERVATION VALUES ('20200107QS9254926969340',1528,202,'QS','2020-01-07','2020-01-11',null,'complete');
INSERT INTO INVOICECHARGE VALUES ('20200107QS9254926969340-ch00001','20200107QS9254926969340','2020-01-07',469.11,'Base room charge');
INSERT INTO PAYMENT VALUES ('20200107QS9254926969340-p00001','20200107QS9254926969340','2020-05-05','CC',469.11,'James Janey','4806576853566311',4,2022,794,'Mastercard');
-- ------- SAMPLE 529 ----------
INSERT INTO GUEST VALUES(1529,'Bessie','Buhler','BBuhler@hotmail.com','1234 DaWrong Lane','Flonkerton','MD','12345','703-573-4322');
INSERT INTO RESERVATION VALUES ('20200518KI8784415034554',1529,null,'KI','2020-05-18','2020-05-19',null,'active');
INSERT INTO INVOICECHARGE VALUES ('20200518KI8784415034554-ch00001','20200518KI8784415034554','2020-05-18',56.29,'Base room charge');
INSERT INTO INVOICECHARGE VALUES ('20200518KI8784415034554-ch00002','20200518KI8784415034554','2020-05-18',29,'Room Service');
INSERT INTO PAYMENT VALUES ('20200518KI8784415034554-p00001','20200518KI8784415034554','2020-05-05','CC',85.29,'Bessie Buhler','6406004927325062',4,2024,295,'Mastercard');
-- ------- SAMPLE 530 ----------
INSERT INTO GUEST VALUES(1530,'Stacie','Schupp','SSchupp@hotmail.com','1234 DaWrong Lane','Flonkerton','MD','12345','902-338-2661');
INSERT INTO RESERVATION VALUES ('20191210QD6770948422756',1530,116,'QD','2019-12-10','2019-12-13',null,'complete');
-- ------- SAMPLE 531 ----------
INSERT INTO GUEST VALUES(1531,'Shena','Sandoz','SSandoz@yahoo.com','1234 DaWrong Lane','Flonkerton','MD','12345','742-639-0037');
INSERT INTO RESERVATION VALUES ('20201114QD6280627151698',1531,null,'QD','2020-11-14','2020-11-17',null,'active');
INSERT INTO INVOICECHARGE VALUES ('20201114QD6280627151698-ch00001','20201114QD6280627151698','2020-11-14',287.86,'Base room charge');
INSERT INTO PAYMENT VALUES ('20201114QD6280627151698-p00001','20201114QD6280627151698','2020-05-05','CC',287.86,'Shena Sandoz','9800558084403590',3,2024,141,'Mastercard');
-- ------- SAMPLE 532 ----------
INSERT INTO GUEST VALUES(1532,'Shera','Shorter','SShorter@hotmail.com','1234 DaWrong Lane','Flonkerton','MD','12345','754-013-9609');
INSERT INTO RESERVATION VALUES ('20210325KS6436521593512',1532,null,'KS','2021-03-25','2021-03-27',null,'active');
INSERT INTO INVOICECHARGE VALUES ('20210325KS6436521593512-ch00001','20210325KS6436521593512','2021-03-25',140.73,'Base room charge');
INSERT INTO INVOICECHARGE VALUES ('20210325KS6436521593512-ch00002','20210325KS6436521593512','2021-03-25',72.5,'Room Service');
INSERT INTO PAYMENT VALUES ('20210325KS6436521593512-p00001','20210325KS6436521593512','2020-05-05','CC',90,'Shera Shorter','1648937588771318',7,2023,710,'Mastercard');
-- ------- SAMPLE 533 ----------
INSERT INTO GUEST VALUES(1533,'Dewey','Dye','DDye@hotmail.com','1234 DaWrong Lane','Flonkerton','MD','12345','677-580-9446');
INSERT INTO RESERVATION VALUES ('20200624QS8521886559596',1533,null,'QS','2020-06-24','2020-06-29',null,'active');
INSERT INTO INVOICECHARGE VALUES ('20200624QS8521886559596-ch00001','20200624QS8521886559596','2020-06-24',387.01,'Base room charge');
INSERT INTO INVOICECHARGE VALUES ('20200624QS8521886559596-ch00002','20200624QS8521886559596','2020-06-24',199.37,'Room Service');
INSERT INTO PAYMENT VALUES ('20200624QS8521886559596-p00001','20200624QS8521886559596','2020-05-05','CC',586.38,'Dewey Dye','6135411882644468',10,2023,788,'Mastercard');
-- ------- SAMPLE 534 ----------
INSERT INTO GUEST VALUES(1534,'Vicky','Vanderhoff','VVanderhoff@yahoo.com','1234 DaWrong Lane','Flonkerton','MD','12345','429-401-8021');
INSERT INTO RESERVATION VALUES ('20201023KI5965456589228',1534,null,'KI','2020-10-23','2020-10-28',null,'active');
INSERT INTO INVOICECHARGE VALUES ('20201023KI5965456589228-ch00001','20201023KI5965456589228','2020-10-23',281.45,'Base room charge');
INSERT INTO INVOICECHARGE VALUES ('20201023KI5965456589228-ch00002','20201023KI5965456589228','2020-10-23',144.99,'Room Service');
INSERT INTO PAYMENT (payment_id,invoice_id,payment_date,payment_type,payment_amount) VALUES ('20201023KI5965456589228-p00001','20201023KI5965456589228','2020-05-05','CA',426.45);
-- ------- SAMPLE 535 ----------
INSERT INTO GUEST VALUES(1535,'Tish','Tusing','TTusing@gmail.com','1234 DaWrong Lane','Flonkerton','MD','12345','688-526-1980');
INSERT INTO RESERVATION VALUES ('20190808QS9468065985453',1535,113,'QS','2019-08-08','2019-08-12',null,'complete');
-- ------- SAMPLE 536 ----------
INSERT INTO GUEST VALUES(1536,'Alverta','Arce','AArce@gmail.com','1234 DaWrong Lane','Flonkerton','MD','12345','905-099-3852');
INSERT INTO RESERVATION VALUES ('20210122QS1913599801484',1536,null,'QS','2021-01-22','2021-01-24',null,'active');
-- ------- SAMPLE 537 ----------
INSERT INTO GUEST VALUES(1537,'Mandi','Mcwain','MMcwain@yahoo.com','1234 DaWrong Lane','Flonkerton','MD','12345','271-986-7047');
INSERT INTO RESERVATION VALUES ('20190510QD9144101824888',1537,111,'QD','2019-05-10','2019-05-14',null,'complete');
INSERT INTO INVOICECHARGE VALUES ('20190510QD9144101824888-ch00001','20190510QD9144101824888','2019-05-10',253.31,'Base room charge');
INSERT INTO INVOICECHARGE VALUES ('20190510QD9144101824888-ch00002','20190510QD9144101824888','2019-05-10',130.49,'Room Service');
INSERT INTO PAYMENT VALUES ('20190510QD9144101824888-p00001','20190510QD9144101824888','2020-05-05','CC',294,'Mandi Mcwain','9436817512428657',2,2022,388,'Mastercard');
-- ------- SAMPLE 538 ----------
INSERT INTO GUEST VALUES(1538,'Yuette','Yetman','YYetman@yahoo.com','1234 DaWrong Lane','Flonkerton','MD','12345','539-960-5003');
INSERT INTO RESERVATION VALUES ('20200326QD5624234058623',1538,205,'QD','2020-03-26','2020-03-27',null,'complete');
INSERT INTO INVOICECHARGE VALUES ('20200326QD5624234058623-ch00001','20200326QD5624234058623','2020-03-26',63.33,'Base room charge');
INSERT INTO INVOICECHARGE VALUES ('20200326QD5624234058623-ch00002','20200326QD5624234058623','2020-03-26',32.62,'Cleaning fee');
INSERT INTO PAYMENT VALUES ('20200326QD5624234058623-p00001','20200326QD5624234058623','2020-05-05','CC',95.95,'Yuette Yetman','8880574519238839',10,2024,416,'Mastercard');
-- ------- SAMPLE 539 ----------
INSERT INTO GUEST VALUES(1539,'Mario','Macdowell','MMacdowell@yahoo.com','1234 DaWrong Lane','Flonkerton','MD','12345','235-895-9024');
INSERT INTO RESERVATION VALUES ('20200206QD6625897550005',1539,200,'QD','2020-02-06','2020-02-11',null,'complete');
INSERT INTO INVOICECHARGE VALUES ('20200206QD6625897550005-ch00001','20200206QD6625897550005','2020-02-06',316.64,'Base room charge');
INSERT INTO INVOICECHARGE VALUES ('20200206QD6625897550005-ch00002','20200206QD6625897550005','2020-02-06',163.12,'Room Service');
INSERT INTO PAYMENT VALUES ('20200206QD6625897550005-p00001','20200206QD6625897550005','2020-05-05','CC',479.76,'Mario Macdowell','5925852115795948',5,2021,361,'Mastercard');
-- ------- SAMPLE 540 ----------
INSERT INTO GUEST VALUES(1540,'Malia','Molden','MMolden@yahoo.com','1234 DaWrong Lane','Flonkerton','MD','12345','168-457-1738');
INSERT INTO RESERVATION VALUES ('20200701QD1263109722916',1540,null,'QD','2020-07-01','2020-07-05',null,'active');
INSERT INTO INVOICECHARGE VALUES ('20200701QD1263109722916-ch00001','20200701QD1263109722916','2020-07-01',253.31,'Base room charge');
INSERT INTO INVOICECHARGE VALUES ('20200701QD1263109722916-ch00002','20200701QD1263109722916','2020-07-01',130.49,'Cleaning fee');
INSERT INTO PAYMENT VALUES ('20200701QD1263109722916-p00001','20200701QD1263109722916','2020-05-05','CC',383.81,'Malia Molden','2176000722733916',4,2022,148,'Mastercard');
-- ------- SAMPLE 541 ----------
INSERT INTO GUEST VALUES(1541,'Delora','Delph','DDelph@yahoo.com','1234 DaWrong Lane','Flonkerton','MD','12345','184-192-7418');
INSERT INTO RESERVATION VALUES ('20191212KJ2560315275171',1541,104,'KJ','2019-12-12','2019-12-14',null,'complete');
INSERT INTO INVOICECHARGE VALUES ('20191212KJ2560315275171-ch00001','20191212KJ2560315275171','2019-12-12',182.95,'Base room charge');
INSERT INTO INVOICECHARGE VALUES ('20191212KJ2560315275171-ch00002','20191212KJ2560315275171','2019-12-12',94.25,'Cleaning fee');
INSERT INTO PAYMENT VALUES ('20191212KJ2560315275171-p00001','20191212KJ2560315275171','2020-05-05','CC',277.2,'Delora Delph','3928266653948819',3,2021,904,'Mastercard');
-- ------- SAMPLE 542 ----------
INSERT INTO GUEST VALUES(1542,'Cherry','Chiarello','CChiarello@yahoo.com','1234 DaWrong Lane','Flonkerton','MD','12345','025-024-5079');
INSERT INTO RESERVATION VALUES ('20190925KS5693176219371',1542,117,'KS','2019-09-25','2019-09-27',null,'complete');
INSERT INTO INVOICECHARGE VALUES ('20190925KS5693176219371-ch00001','20190925KS5693176219371','2019-09-25',140.73,'Base room charge');
INSERT INTO INVOICECHARGE VALUES ('20190925KS5693176219371-ch00002','20190925KS5693176219371','2019-09-25',72.5,'Room Service');
INSERT INTO PAYMENT (payment_id,invoice_id,payment_date,payment_type,payment_amount) VALUES ('20190925KS5693176219371-p00001','20190925KS5693176219371','2020-05-05','CA',161);
-- ------- SAMPLE 543 ----------
INSERT INTO GUEST VALUES(1543,'Georgianne','Guadarrama','GGuadarrama@hotmail.com','1234 DaWrong Lane','Flonkerton','MD','12345','091-773-3733');
INSERT INTO RESERVATION VALUES ('20190506KJ6220611041445',1543,203,'KJ','2019-05-06','2019-05-11',null,'complete');
-- ------- SAMPLE 544 ----------
INSERT INTO GUEST VALUES(1544,'Malia','Molden','MMolden@yahoo.com','1234 DaWrong Lane','Flonkerton','MD','12345','233-857-6000');
INSERT INTO RESERVATION VALUES ('20201128KI8181689776362',1544,null,'KI','2020-11-28','2020-11-30',null,'active');
INSERT INTO INVOICECHARGE VALUES ('20201128KI8181689776362-ch00001','20201128KI8181689776362','2020-11-28',112.58,'Base room charge');
INSERT INTO INVOICECHARGE VALUES ('20201128KI8181689776362-ch00002','20201128KI8181689776362','2020-11-28',58,'Cleaning fee');
INSERT INTO PAYMENT (payment_id,invoice_id,payment_date,payment_type,payment_amount) VALUES ('20201128KI8181689776362-p00001','20201128KI8181689776362','2020-05-05','CA',170.58);
-- ------- SAMPLE 545 ----------
INSERT INTO GUEST VALUES(1545,'Jamey','Jen','JJen@hotmail.com','1234 DaWrong Lane','Flonkerton','MD','12345','140-958-7031');
INSERT INTO RESERVATION VALUES ('20200219KS1592375556727',1545,102,'KS','2020-02-19','2020-02-20',null,'complete');
INSERT INTO INVOICECHARGE VALUES ('20200219KS1592375556727-ch00001','20200219KS1592375556727','2020-02-19',106.61,'Base room charge');
INSERT INTO PAYMENT VALUES ('20200219KS1592375556727-p00001','20200219KS1592375556727','2020-05-05','CC',106.61,'Jamey Jen','4470459580734487',11,2025,196,'Mastercard');
-- ------- SAMPLE 546 ----------
INSERT INTO GUEST VALUES(1546,'Eryn','Edenfield','EEdenfield@hotmail.com','1234 DaWrong Lane','Flonkerton','MD','12345','139-801-7847');
INSERT INTO RESERVATION VALUES ('20210216KI2047257528242',1546,null,'KI','2021-02-16','2021-02-18',null,'active');
INSERT INTO INVOICECHARGE VALUES ('20210216KI2047257528242-ch00001','20210216KI2047257528242','2021-02-16',170.58,'Base room charge');
INSERT INTO PAYMENT VALUES ('20210216KI2047257528242-p00001','20210216KI2047257528242','2020-05-05','CC',170.58,'Eryn Edenfield','5065693560955293',8,2026,385,'Mastercard');
-- ------- SAMPLE 547 ----------
INSERT INTO GUEST VALUES(1547,'Hanna','Hastie','HHastie@yahoo.com','1234 DaWrong Lane','Flonkerton','MD','12345','658-807-7107');
INSERT INTO RESERVATION VALUES ('20210321QD9170081533019',1547,null,'QD','2021-03-21','2021-03-23',null,'active');
INSERT INTO INVOICECHARGE VALUES ('20210321QD9170081533019-ch00001','20210321QD9170081533019','2021-03-21',126.66,'Base room charge');
INSERT INTO INVOICECHARGE VALUES ('20210321QD9170081533019-ch00002','20210321QD9170081533019','2021-03-21',65.25,'Cleaning fee');
INSERT INTO PAYMENT (payment_id,invoice_id,payment_date,payment_type,payment_amount) VALUES ('20210321QD9170081533019-p00001','20210321QD9170081533019','2020-05-05','CA',191.9);
-- ------- SAMPLE 548 ----------
INSERT INTO GUEST VALUES(1548,'Ceola','Carasco','CCarasco@yahoo.com','1234 DaWrong Lane','Flonkerton','MD','12345','862-322-5757');
INSERT INTO RESERVATION VALUES ('20200903QD4621269556768',1548,null,'QD','2020-09-03','2020-09-07',null,'active');
INSERT INTO INVOICECHARGE VALUES ('20200903QD4621269556768-ch00001','20200903QD4621269556768','2020-09-03',383.81,'Base room charge');
INSERT INTO PAYMENT (payment_id,invoice_id,payment_date,payment_type,payment_amount) VALUES ('20200903QD4621269556768-p00001','20200903QD4621269556768','2020-05-05','CA',383.81);
-- ------- SAMPLE 549 ----------
INSERT INTO GUEST VALUES(1549,'Natalya','Neathery','NNeathery@hotmail.com','1234 DaWrong Lane','Flonkerton','MD','12345','403-268-9796');
INSERT INTO RESERVATION VALUES ('20200712KS3598116186058',1549,null,'KS','2020-07-12','2020-07-14',null,'active');
INSERT INTO INVOICECHARGE VALUES ('20200712KS3598116186058-ch00001','20200712KS3598116186058','2020-07-12',213.23,'Base room charge');
INSERT INTO PAYMENT VALUES ('20200712KS3598116186058-p00001','20200712KS3598116186058','2020-05-05','CC',153,'Natalya Neathery','6686218382483715',9,2026,56,'Mastercard');
-- ------- SAMPLE 550 ----------
INSERT INTO GUEST VALUES(1550,'Elfriede','Esslinger','EEsslinger@hotmail.com','1234 DaWrong Lane','Flonkerton','MD','12345','242-077-2986');
INSERT INTO RESERVATION VALUES ('20191018KS7786077483359',1550,206,'KS','2019-10-18','2019-10-19',null,'complete');
-- ------- SAMPLE 551 ----------
INSERT INTO GUEST VALUES(1551,'Marcelino','Meisner','MMeisner@hotmail.com','1234 DaWrong Lane','Flonkerton','MD','12345','155-687-3504');
INSERT INTO RESERVATION VALUES ('20200207QS8973672583073',1551,118,'QS','2020-02-07','2020-02-09',null,'complete');
INSERT INTO INVOICECHARGE VALUES ('20200207QS8973672583073-ch00001','20200207QS8973672583073','2020-02-07',234.55,'Base room charge');
INSERT INTO PAYMENT VALUES ('20200207QS8973672583073-p00001','20200207QS8973672583073','2020-05-05','CC',185,'Marcelino Meisner','5424923095662987',3,2022,276,'Mastercard');
-- ------- SAMPLE 552 ----------
INSERT INTO GUEST VALUES(1552,'Fonda','Foreman','FForeman@gmail.com','1234 DaWrong Lane','Flonkerton','MD','12345','650-421-6928');
INSERT INTO RESERVATION VALUES ('20200711QS4902582498948',1552,null,'QS','2020-07-11','2020-07-16',null,'active');
-- ------- SAMPLE 553 ----------
INSERT INTO GUEST VALUES(1553,'Julene','Jahn','JJahn@gmail.com','1234 DaWrong Lane','Flonkerton','MD','12345','025-060-0118');
INSERT INTO RESERVATION VALUES ('20210402QS8160131943968',1553,null,'QS','2021-04-02','2021-04-05',null,'active');
INSERT INTO INVOICECHARGE VALUES ('20210402QS8160131943968-ch00001','20210402QS8160131943968','2021-04-02',351.83,'Base room charge');
INSERT INTO PAYMENT (payment_id,invoice_id,payment_date,payment_type,payment_amount) VALUES ('20210402QS8160131943968-p00001','20210402QS8160131943968','2020-05-05','CA',92);
-- ------- SAMPLE 554 ----------
INSERT INTO GUEST VALUES(1554,'Shena','Sandoz','SSandoz@yahoo.com','1234 DaWrong Lane','Flonkerton','MD','12345','458-442-2749');
INSERT INTO RESERVATION VALUES ('20210103KI7826004106930',1554,null,'KI','2021-01-03','2021-01-08',null,'active');
-- ------- SAMPLE 555 ----------
INSERT INTO GUEST VALUES(1555,'Audrey','Aikens','AAikens@gmail.com','1234 DaWrong Lane','Flonkerton','MD','12345','679-299-4258');
INSERT INTO RESERVATION VALUES ('20200226QD8699494940099',1555,111,'QD','2020-02-26','2020-02-27',null,'complete');
INSERT INTO INVOICECHARGE VALUES ('20200226QD8699494940099-ch00001','20200226QD8699494940099','2020-02-26',95.95,'Base room charge');
INSERT INTO PAYMENT VALUES ('20200226QD8699494940099-p00001','20200226QD8699494940099','2020-05-05','CC',81,'Audrey Aikens','9005198963891914',1,2023,714,'Mastercard');
-- ------- SAMPLE 556 ----------
INSERT INTO GUEST VALUES(1556,'Dewey','Dye','DDye@gmail.com','1234 DaWrong Lane','Flonkerton','MD','12345','857-843-8583');
INSERT INTO RESERVATION VALUES ('20190814QS2220685427260',1556,103,'QS','2019-08-14','2019-08-16',null,'complete');
INSERT INTO INVOICECHARGE VALUES ('20190814QS2220685427260-ch00001','20190814QS2220685427260','2019-08-14',234.55,'Base room charge');
INSERT INTO PAYMENT VALUES ('20190814QS2220685427260-p00001','20190814QS2220685427260','2020-05-05','CC',28,'Dewey Dye','6651911252376507',8,2025,495,'Mastercard');
-- ------- SAMPLE 557 ----------
INSERT INTO GUEST VALUES(1557,'Theodora','Trickey','TTrickey@gmail.com','1234 DaWrong Lane','Flonkerton','MD','12345','913-181-7222');
INSERT INTO RESERVATION VALUES ('20200410KI5443536234353',1557,204,'KI','2020-04-10','2020-04-15',null,'complete');
-- ------- SAMPLE 558 ----------
INSERT INTO GUEST VALUES(1558,'Annie','Albrecht','AAlbrecht@gmail.com','1234 DaWrong Lane','Flonkerton','MD','12345','581-522-8335');
INSERT INTO RESERVATION VALUES ('20200327QD3520847409816',1558,200,'QD','2020-03-27','2020-03-28',null,'complete');
INSERT INTO INVOICECHARGE VALUES ('20200327QD3520847409816-ch00001','20200327QD3520847409816','2020-03-27',63.33,'Base room charge');
INSERT INTO INVOICECHARGE VALUES ('20200327QD3520847409816-ch00002','20200327QD3520847409816','2020-03-27',32.62,'Room Service');
INSERT INTO PAYMENT VALUES ('20200327QD3520847409816-p00001','20200327QD3520847409816','2020-05-05','CC',25,'Annie Albrecht','3228251211246364',5,2024,806,'Mastercard');
-- ------- SAMPLE 559 ----------
INSERT INTO GUEST VALUES(1559,'Reita','Rudder','RRudder@gmail.com','1234 DaWrong Lane','Flonkerton','MD','12345','514-166-3520');
INSERT INTO RESERVATION VALUES ('20200912KS4699523413210',1559,null,'KS','2020-09-12','2020-09-13',null,'active');
INSERT INTO INVOICECHARGE VALUES ('20200912KS4699523413210-ch00001','20200912KS4699523413210','2020-09-12',70.37,'Base room charge');
INSERT INTO INVOICECHARGE VALUES ('20200912KS4699523413210-ch00002','20200912KS4699523413210','2020-09-12',36.25,'Room Service');
INSERT INTO PAYMENT VALUES ('20200912KS4699523413210-p00001','20200912KS4699523413210','2020-05-05','CC',84,'Reita Rudder','6607873143516332',6,2027,670,'Mastercard');
-- ------- SAMPLE 560 ----------
INSERT INTO GUEST VALUES(1560,'Demarcus','Dearborn','DDearborn@hotmail.com','1234 DaWrong Lane','Flonkerton','MD','12345','931-348-0433');
INSERT INTO RESERVATION VALUES ('20190629KS7133280762728',1560,107,'KS','2019-06-29','2019-07-04',null,'complete');
-- ------- SAMPLE 561 ----------
INSERT INTO GUEST VALUES(1561,'Jarrett','Janelle','JJanelle@gmail.com','1234 DaWrong Lane','Flonkerton','MD','12345','404-401-1417');
INSERT INTO RESERVATION VALUES ('20200327QD6197327060619',1561,116,'QD','2020-03-27','2020-03-31',null,'complete');
INSERT INTO INVOICECHARGE VALUES ('20200327QD6197327060619-ch00001','20200327QD6197327060619','2020-03-27',253.31,'Base room charge');
INSERT INTO INVOICECHARGE VALUES ('20200327QD6197327060619-ch00002','20200327QD6197327060619','2020-03-27',130.49,'Room Service');
INSERT INTO PAYMENT VALUES ('20200327QD6197327060619-p00001','20200327QD6197327060619','2020-05-05','CC',383.81,'Jarrett Janelle','8763251824553169',1,2025,171,'Mastercard');
-- ------- SAMPLE 562 ----------
INSERT INTO GUEST VALUES(1562,'Katerine','Kawakami','KKawakami@yahoo.com','1234 DaWrong Lane','Flonkerton','MD','12345','509-750-7760');
INSERT INTO RESERVATION VALUES ('20200903KI9418060047006',1562,null,'KI','2020-09-03','2020-09-07',null,'active');
INSERT INTO INVOICECHARGE VALUES ('20200903KI9418060047006-ch00001','20200903KI9418060047006','2020-09-03',225.16,'Base room charge');
INSERT INTO INVOICECHARGE VALUES ('20200903KI9418060047006-ch00002','20200903KI9418060047006','2020-09-03',115.99,'Cleaning fee');
INSERT INTO PAYMENT VALUES ('20200903KI9418060047006-p00001','20200903KI9418060047006','2020-05-05','CC',341.16,'Katerine Kawakami','2997019589801111',2,2027,831,'Mastercard');
-- ------- SAMPLE 563 ----------
INSERT INTO GUEST VALUES(1563,'Fleta','Fickel','FFickel@hotmail.com','1234 DaWrong Lane','Flonkerton','MD','12345','550-431-0081');
INSERT INTO RESERVATION VALUES ('20190924KI8375961920749',1563,204,'KI','2019-09-24','2019-09-26',null,'complete');
INSERT INTO INVOICECHARGE VALUES ('20190924KI8375961920749-ch00001','20190924KI8375961920749','2019-09-24',112.58,'Base room charge');
INSERT INTO INVOICECHARGE VALUES ('20190924KI8375961920749-ch00002','20190924KI8375961920749','2019-09-24',58,'Room Service');
INSERT INTO PAYMENT (payment_id,invoice_id,payment_date,payment_type,payment_amount) VALUES ('20190924KI8375961920749-p00001','20190924KI8375961920749','2020-05-05','CA',31);
-- ------- SAMPLE 564 ----------
INSERT INTO GUEST VALUES(1564,'Kathlyn','Kinser','KKinser@yahoo.com','1234 DaWrong Lane','Flonkerton','MD','12345','148-464-7435');
INSERT INTO RESERVATION VALUES ('20200524KS7331396461587',1564,null,'KS','2020-05-24','2020-05-26',null,'active');
INSERT INTO INVOICECHARGE VALUES ('20200524KS7331396461587-ch00001','20200524KS7331396461587','2020-05-24',140.73,'Base room charge');
INSERT INTO INVOICECHARGE VALUES ('20200524KS7331396461587-ch00002','20200524KS7331396461587','2020-05-24',72.5,'Cleaning fee');
INSERT INTO PAYMENT (payment_id,invoice_id,payment_date,payment_type,payment_amount) VALUES ('20200524KS7331396461587-p00001','20200524KS7331396461587','2020-05-05','CA',49);
-- ------- SAMPLE 565 ----------
INSERT INTO GUEST VALUES(1565,'Keturah','Kagawa','KKagawa@gmail.com','1234 DaWrong Lane','Flonkerton','MD','12345','285-544-9030');
INSERT INTO RESERVATION VALUES ('20210308KS4706354035553',1565,null,'KS','2021-03-08','2021-03-09',null,'active');
INSERT INTO INVOICECHARGE VALUES ('20210308KS4706354035553-ch00001','20210308KS4706354035553','2021-03-08',70.37,'Base room charge');
INSERT INTO INVOICECHARGE VALUES ('20210308KS4706354035553-ch00002','20210308KS4706354035553','2021-03-08',36.25,'Cleaning fee');
INSERT INTO PAYMENT (payment_id,invoice_id,payment_date,payment_type,payment_amount) VALUES ('20210308KS4706354035553-p00001','20210308KS4706354035553','2020-05-05','CA',57);
-- ------- SAMPLE 566 ----------
INSERT INTO GUEST VALUES(1566,'Rachell','Riser','RRiser@hotmail.com','1234 DaWrong Lane','Flonkerton','MD','12345','661-837-7677');
INSERT INTO RESERVATION VALUES ('20191009KI2963376577451',1566,120,'KI','2019-10-09','2019-10-13',null,'cancelled');
INSERT INTO INVOICECHARGE VALUES ('20191009KI2963376577451-ch00001','20191009KI2963376577451','2019-10-09',225.16,'Base room charge');
INSERT INTO INVOICECHARGE VALUES ('20191009KI2963376577451-ch00002','20191009KI2963376577451','2019-10-09',115.99,'Cleaning fee');
INSERT INTO PAYMENT VALUES ('20191009KI2963376577451-p00001','20191009KI2963376577451','2020-05-05','CC',341.16,'Rachell Riser','5522167556040661',5,2024,645,'Mastercard');
-- ------- SAMPLE 567 ----------
INSERT INTO GUEST VALUES(1567,'Doyle','Dykema','DDykema@gmail.com','1234 DaWrong Lane','Flonkerton','MD','12345','638-919-7147');
INSERT INTO RESERVATION VALUES ('20200420QS5625837560102',1567,202,'QS','2020-04-20','2020-04-23',null,'complete');
INSERT INTO INVOICECHARGE VALUES ('20200420QS5625837560102-ch00001','20200420QS5625837560102','2020-04-20',232.21,'Base room charge');
INSERT INTO INVOICECHARGE VALUES ('20200420QS5625837560102-ch00002','20200420QS5625837560102','2020-04-20',119.62,'Cleaning fee');
INSERT INTO PAYMENT VALUES ('20200420QS5625837560102-p00001','20200420QS5625837560102','2020-05-05','CC',351.83,'Doyle Dykema','5568872113698397',12,2023,236,'Mastercard');
-- ------- SAMPLE 568 ----------
INSERT INTO GUEST VALUES(1568,'Shandi','Scharf','SScharf@hotmail.com','1234 DaWrong Lane','Flonkerton','MD','12345','789-809-1126');
INSERT INTO RESERVATION VALUES ('20200420KI8947056034208',1568,209,'KI','2020-04-20','2020-04-25',null,'complete');
INSERT INTO INVOICECHARGE VALUES ('20200420KI8947056034208-ch00001','20200420KI8947056034208','2020-04-20',281.45,'Base room charge');
INSERT INTO INVOICECHARGE VALUES ('20200420KI8947056034208-ch00002','20200420KI8947056034208','2020-04-20',144.99,'Cleaning fee');
INSERT INTO PAYMENT VALUES ('20200420KI8947056034208-p00001','20200420KI8947056034208','2020-05-05','CC',426.45,'Shandi Scharf','4631616557390831',1,2023,592,'Mastercard');
-- ------- SAMPLE 569 ----------
INSERT INTO GUEST VALUES(1569,'Mario','Macdowell','MMacdowell@yahoo.com','1234 DaWrong Lane','Flonkerton','MD','12345','279-449-4035');
INSERT INTO RESERVATION VALUES ('20200726KS5156279206680',1569,null,'KS','2020-07-26','2020-07-29',null,'active');
-- ------- SAMPLE 570 ----------
INSERT INTO GUEST VALUES(1570,'Irma','Irby','IIrby@hotmail.com','1234 DaWrong Lane','Flonkerton','MD','12345','328-921-3460');
INSERT INTO RESERVATION VALUES ('20200208KJ5987225386667',1570,119,'KJ','2020-02-08','2020-02-13',null,'complete');
INSERT INTO INVOICECHARGE VALUES ('20200208KJ5987225386667-ch00001','20200208KJ5987225386667','2020-02-08',457.39,'Base room charge');
INSERT INTO INVOICECHARGE VALUES ('20200208KJ5987225386667-ch00002','20200208KJ5987225386667','2020-02-08',235.62,'Cleaning fee');
INSERT INTO PAYMENT VALUES ('20200208KJ5987225386667-p00001','20200208KJ5987225386667','2020-05-05','CC',78,'Irma Irby','7140783977924584',7,2026,150,'Mastercard');
-- ------- SAMPLE 571 ----------
INSERT INTO GUEST VALUES(1571,'Malia','Molden','MMolden@gmail.com','1234 DaWrong Lane','Flonkerton','MD','12345','939-198-0933');
INSERT INTO RESERVATION VALUES ('20190612KJ8324383706252',1571,109,'KJ','2019-06-12','2019-06-13',null,'complete');
INSERT INTO INVOICECHARGE VALUES ('20190612KJ8324383706252-ch00001','20190612KJ8324383706252','2019-06-12',91.48,'Base room charge');
INSERT INTO INVOICECHARGE VALUES ('20190612KJ8324383706252-ch00002','20190612KJ8324383706252','2019-06-12',47.12,'Room Service');
INSERT INTO PAYMENT (payment_id,invoice_id,payment_date,payment_type,payment_amount) VALUES ('20190612KJ8324383706252-p00001','20190612KJ8324383706252','2020-05-05','CA',138.6);
-- ------- SAMPLE 572 ----------
INSERT INTO GUEST VALUES(1572,'Liliana','Lueck','LLueck@gmail.com','1234 DaWrong Lane','Flonkerton','MD','12345','003-998-5471');
INSERT INTO RESERVATION VALUES ('20190921KS5986983329837',1572,102,'KS','2019-09-21','2019-09-26',null,'complete');
-- ------- SAMPLE 573 ----------
INSERT INTO GUEST VALUES(1573,'Antwan','Albury','AAlbury@hotmail.com','1234 DaWrong Lane','Flonkerton','MD','12345','284-183-9382');
INSERT INTO RESERVATION VALUES ('20200307KI3119935455221',1573,115,'KI','2020-03-07','2020-03-12',null,'complete');
-- ------- SAMPLE 574 ----------
INSERT INTO GUEST VALUES(1574,'Pearlene','Priestly','PPriestly@yahoo.com','1234 DaWrong Lane','Flonkerton','MD','12345','599-738-9670');
INSERT INTO RESERVATION VALUES ('20200519KI2857214431693',1574,null,'KI','2020-05-19','2020-05-22',null,'active');
-- ------- SAMPLE 575 ----------
INSERT INTO GUEST VALUES(1575,'Elfriede','Esslinger','EEsslinger@hotmail.com','1234 DaWrong Lane','Flonkerton','MD','12345','433-885-5637');
INSERT INTO RESERVATION VALUES ('20201120KS7640021715010',1575,null,'KS','2020-11-20','2020-11-23',null,'active');
INSERT INTO INVOICECHARGE VALUES ('20201120KS7640021715010-ch00001','20201120KS7640021715010','2020-11-20',319.84,'Base room charge');
INSERT INTO PAYMENT VALUES ('20201120KS7640021715010-p00001','20201120KS7640021715010','2020-05-05','CC',319.84,'Elfriede Esslinger','3707881524075264',7,2022,216,'Mastercard');
-- ------- SAMPLE 576 ----------
INSERT INTO GUEST VALUES(1576,'Tish','Tusing','TTusing@hotmail.com','1234 DaWrong Lane','Flonkerton','MD','12345','599-928-3268');
INSERT INTO RESERVATION VALUES ('20191016KJ9027858656718',1576,104,'KJ','2019-10-16','2019-10-17',null,'complete');
-- ------- SAMPLE 577 ----------
INSERT INTO GUEST VALUES(1577,'Rosemarie','Roeser','RRoeser@gmail.com','1234 DaWrong Lane','Flonkerton','MD','12345','223-432-1672');
INSERT INTO RESERVATION VALUES ('20200517QS1622978271590',1577,null,'QS','2020-05-17','2020-05-18',null,'active');
INSERT INTO INVOICECHARGE VALUES ('20200517QS1622978271590-ch00001','20200517QS1622978271590','2020-05-17',117.28,'Base room charge');
INSERT INTO PAYMENT (payment_id,invoice_id,payment_date,payment_type,payment_amount) VALUES ('20200517QS1622978271590-p00001','20200517QS1622978271590','2020-05-05','CA',117.28);
-- ------- SAMPLE 578 ----------
INSERT INTO GUEST VALUES(1578,'Serafina','Singh','SSingh@yahoo.com','1234 DaWrong Lane','Flonkerton','MD','12345','238-295-3375');
INSERT INTO RESERVATION VALUES ('20191201KS6939118950325',1578,102,'KS','2019-12-01','2019-12-04',null,'complete');
INSERT INTO INVOICECHARGE VALUES ('20191201KS6939118950325-ch00001','20191201KS6939118950325','2019-12-01',211.1,'Base room charge');
INSERT INTO INVOICECHARGE VALUES ('20191201KS6939118950325-ch00002','20191201KS6939118950325','2019-12-01',108.75,'Room Service');
INSERT INTO PAYMENT VALUES ('20191201KS6939118950325-p00001','20191201KS6939118950325','2020-05-05','CC',319.84,'Serafina Singh','4633453812796827',12,2026,189,'Mastercard');
-- ------- SAMPLE 579 ----------
INSERT INTO GUEST VALUES(1579,'Floy','Feinstein','FFeinstein@hotmail.com','1234 DaWrong Lane','Flonkerton','MD','12345','298-981-9121');
INSERT INTO RESERVATION VALUES ('20190626KJ7249394109289',1579,104,'KJ','2019-06-26','2019-06-28',null,'complete');
INSERT INTO INVOICECHARGE VALUES ('20190626KJ7249394109289-ch00001','20190626KJ7249394109289','2019-06-26',182.95,'Base room charge');
INSERT INTO INVOICECHARGE VALUES ('20190626KJ7249394109289-ch00002','20190626KJ7249394109289','2019-06-26',94.25,'Cleaning fee');
INSERT INTO PAYMENT VALUES ('20190626KJ7249394109289-p00001','20190626KJ7249394109289','2020-05-05','CC',80,'Floy Feinstein','9896720333825521',11,2021,910,'Mastercard');
-- ------- SAMPLE 580 ----------
INSERT INTO GUEST VALUES(1580,'Alverta','Arce','AArce@gmail.com','1234 DaWrong Lane','Flonkerton','MD','12345','555-832-5429');
INSERT INTO RESERVATION VALUES ('20200329KI9320005077041',1580,105,'KI','2020-03-29','2020-04-02',null,'complete');
-- ------- SAMPLE 581 ----------
INSERT INTO GUEST VALUES(1581,'Raisa','Romito','RRomito@hotmail.com','1234 DaWrong Lane','Flonkerton','MD','12345','139-350-3724');
INSERT INTO RESERVATION VALUES ('20200125QS2574499812470',1581,118,'QS','2020-01-25','2020-01-30',null,'complete');
-- ------- SAMPLE 582 ----------
INSERT INTO GUEST VALUES(1582,'Luella','Lundstrom','LLundstrom@yahoo.com','1234 DaWrong Lane','Flonkerton','MD','12345','606-819-1854');
INSERT INTO RESERVATION VALUES ('20200309KI8459573870524',1582,120,'KI','2020-03-09','2020-03-11',null,'complete');
-- ------- SAMPLE 583 ----------
INSERT INTO GUEST VALUES(1583,'Edmundo','Erickson','EErickson@hotmail.com','1234 DaWrong Lane','Flonkerton','MD','12345','784-958-9760');
INSERT INTO RESERVATION VALUES ('20201224KJ1105103091434',1583,null,'KJ','2020-12-24','2020-12-25',null,'active');
INSERT INTO INVOICECHARGE VALUES ('20201224KJ1105103091434-ch00001','20201224KJ1105103091434','2020-12-24',91.48,'Base room charge');
INSERT INTO INVOICECHARGE VALUES ('20201224KJ1105103091434-ch00002','20201224KJ1105103091434','2020-12-24',47.12,'Room Service');
INSERT INTO PAYMENT (payment_id,invoice_id,payment_date,payment_type,payment_amount) VALUES ('20201224KJ1105103091434-p00001','20201224KJ1105103091434','2020-05-05','CA',138.6);
-- ------- SAMPLE 584 ----------
INSERT INTO GUEST VALUES(1584,'Boyce','Bate','BBate@gmail.com','1234 DaWrong Lane','Flonkerton','MD','12345','674-910-2863');
INSERT INTO RESERVATION VALUES ('20200713KI3486383176820',1584,null,'KI','2020-07-13','2020-07-14',null,'cancelled');
INSERT INTO INVOICECHARGE VALUES ('20200713KI3486383176820-ch00001','20200713KI3486383176820','2020-07-13',85.29,'Base room charge');
INSERT INTO PAYMENT VALUES ('20200713KI3486383176820-p00001','20200713KI3486383176820','2020-05-05','CC',85.29,'Boyce Bate','5126182689120940',5,2023,982,'Mastercard');
-- ------- SAMPLE 585 ----------
INSERT INTO GUEST VALUES(1585,'Shawn','Stefanski','SStefanski@yahoo.com','1234 DaWrong Lane','Flonkerton','MD','12345','737-586-9852');
INSERT INTO RESERVATION VALUES ('20200314QD7017698940571',1585,101,'QD','2020-03-14','2020-03-19',null,'complete');
INSERT INTO INVOICECHARGE VALUES ('20200314QD7017698940571-ch00001','20200314QD7017698940571','2020-03-14',316.64,'Base room charge');
INSERT INTO INVOICECHARGE VALUES ('20200314QD7017698940571-ch00002','20200314QD7017698940571','2020-03-14',163.12,'Room Service');
INSERT INTO PAYMENT (payment_id,invoice_id,payment_date,payment_type,payment_amount) VALUES ('20200314QD7017698940571-p00001','20200314QD7017698940571','2020-05-05','CA',388);
-- ------- SAMPLE 586 ----------
INSERT INTO GUEST VALUES(1586,'Randal','Rohman','RRohman@yahoo.com','1234 DaWrong Lane','Flonkerton','MD','12345','011-109-5059');
INSERT INTO RESERVATION VALUES ('20191218KI7228028752117',1586,110,'KI','2019-12-18','2019-12-20',null,'complete');
INSERT INTO INVOICECHARGE VALUES ('20191218KI7228028752117-ch00001','20191218KI7228028752117','2019-12-18',112.58,'Base room charge');
INSERT INTO INVOICECHARGE VALUES ('20191218KI7228028752117-ch00002','20191218KI7228028752117','2019-12-18',58,'Cleaning fee');
INSERT INTO PAYMENT VALUES ('20191218KI7228028752117-p00001','20191218KI7228028752117','2020-05-05','CC',170.58,'Randal Rohman','6703862775076534',12,2026,101,'Mastercard');
-- ------- SAMPLE 587 ----------
INSERT INTO GUEST VALUES(1587,'Leonore','Losh','LLosh@hotmail.com','1234 DaWrong Lane','Flonkerton','MD','12345','902-568-3305');
INSERT INTO RESERVATION VALUES ('20190629KJ1870227521514',1587,104,'KJ','2019-06-29','2019-07-01',null,'complete');
INSERT INTO INVOICECHARGE VALUES ('20190629KJ1870227521514-ch00001','20190629KJ1870227521514','2019-06-29',182.95,'Base room charge');
INSERT INTO INVOICECHARGE VALUES ('20190629KJ1870227521514-ch00002','20190629KJ1870227521514','2019-06-29',94.25,'Room Service');
INSERT INTO PAYMENT VALUES ('20190629KJ1870227521514-p00001','20190629KJ1870227521514','2020-05-05','CC',277.2,'Leonore Losh','2151731668046225',12,2024,30,'Mastercard');
-- ------- SAMPLE 588 ----------
INSERT INTO GUEST VALUES(1588,'Edmundo','Erickson','EErickson@hotmail.com','1234 DaWrong Lane','Flonkerton','MD','12345','991-122-6769');
INSERT INTO RESERVATION VALUES ('20190803KS2508122421531',1588,102,'KS','2019-08-03','2019-08-05',null,'cancelled');
INSERT INTO INVOICECHARGE VALUES ('20190803KS2508122421531-ch00001','20190803KS2508122421531','2019-08-03',140.73,'Base room charge');
INSERT INTO INVOICECHARGE VALUES ('20190803KS2508122421531-ch00002','20190803KS2508122421531','2019-08-03',72.5,'Cleaning fee');
INSERT INTO PAYMENT VALUES ('20190803KS2508122421531-p00001','20190803KS2508122421531','2020-05-05','CC',213.23,'Edmundo Erickson','5852445147317213',10,2026,449,'Mastercard');
-- ------- SAMPLE 589 ----------
INSERT INTO GUEST VALUES(1589,'Kathern','Korn','KKorn@gmail.com','1234 DaWrong Lane','Flonkerton','MD','12345','972-243-1003');
INSERT INTO RESERVATION VALUES ('20190604QS9453876278517',1589,202,'QS','2019-06-04','2019-06-09',null,'complete');
INSERT INTO INVOICECHARGE VALUES ('20190604QS9453876278517-ch00001','20190604QS9453876278517','2019-06-04',387.01,'Base room charge');
INSERT INTO INVOICECHARGE VALUES ('20190604QS9453876278517-ch00002','20190604QS9453876278517','2019-06-04',199.37,'Cleaning fee');
INSERT INTO PAYMENT VALUES ('20190604QS9453876278517-p00001','20190604QS9453876278517','2020-05-05','CC',210,'Kathern Korn','3728659277547254',6,2024,669,'Mastercard');
-- ------- SAMPLE 590 ----------
INSERT INTO GUEST VALUES(1590,'Julene','Jahn','JJahn@hotmail.com','1234 DaWrong Lane','Flonkerton','MD','12345','231-062-8059');
INSERT INTO RESERVATION VALUES ('20200502KJ1208168581852',1590,119,'KJ','2020-05-02','2020-05-05',null,'complete');
INSERT INTO INVOICECHARGE VALUES ('20200502KJ1208168581852-ch00001','20200502KJ1208168581852','2020-05-02',415.81,'Base room charge');
INSERT INTO PAYMENT (payment_id,invoice_id,payment_date,payment_type,payment_amount) VALUES ('20200502KJ1208168581852-p00001','20200502KJ1208168581852','2020-05-05','CA',415.81);
-- ------- SAMPLE 591 ----------
INSERT INTO GUEST VALUES(1591,'Hedwig','Hinz','HHinz@gmail.com','1234 DaWrong Lane','Flonkerton','MD','12345','655-212-5441');
INSERT INTO RESERVATION VALUES ('20210210KI7800308074490',1591,null,'KI','2021-02-10','2021-02-12',null,'active');
INSERT INTO INVOICECHARGE VALUES ('20210210KI7800308074490-ch00001','20210210KI7800308074490','2021-02-10',112.58,'Base room charge');
INSERT INTO INVOICECHARGE VALUES ('20210210KI7800308074490-ch00002','20210210KI7800308074490','2021-02-10',58,'Cleaning fee');
INSERT INTO PAYMENT VALUES ('20210210KI7800308074490-p00001','20210210KI7800308074490','2020-05-05','CC',170.58,'Hedwig Hinz','4359953810329167',7,2027,980,'Mastercard');
-- ------- SAMPLE 592 ----------
INSERT INTO GUEST VALUES(1592,'Ella','Evanoff','EEvanoff@hotmail.com','1234 DaWrong Lane','Flonkerton','MD','12345','708-693-0762');
INSERT INTO RESERVATION VALUES ('20190614QS5173515205767',1592,118,'QS','2019-06-14','2019-06-15',null,'complete');
INSERT INTO INVOICECHARGE VALUES ('20190614QS5173515205767-ch00001','20190614QS5173515205767','2019-06-14',117.28,'Base room charge');
INSERT INTO PAYMENT VALUES ('20190614QS5173515205767-p00001','20190614QS5173515205767','2020-05-05','CC',117.28,'Ella Evanoff','7649639628749435',4,2026,173,'Mastercard');
-- ------- SAMPLE 593 ----------
INSERT INTO GUEST VALUES(1593,'Missy','Mcclintock','MMcclintock@hotmail.com','1234 DaWrong Lane','Flonkerton','MD','12345','159-922-2771');
INSERT INTO RESERVATION VALUES ('20200412KI2865509642215',1593,204,'KI','2020-04-12','2020-04-16',null,'complete');
INSERT INTO INVOICECHARGE VALUES ('20200412KI2865509642215-ch00001','20200412KI2865509642215','2020-04-12',341.16,'Base room charge');
INSERT INTO PAYMENT VALUES ('20200412KI2865509642215-p00001','20200412KI2865509642215','2020-05-05','CC',177,'Missy Mcclintock','6001165840631963',3,2025,809,'Mastercard');
-- ------- SAMPLE 594 ----------
INSERT INTO GUEST VALUES(1594,'Shena','Sandoz','SSandoz@hotmail.com','1234 DaWrong Lane','Flonkerton','MD','12345','172-542-2997');
INSERT INTO RESERVATION VALUES ('20201119QS9170733784001',1594,null,'QS','2020-11-19','2020-11-20',null,'cancelled');
INSERT INTO INVOICECHARGE VALUES ('20201119QS9170733784001-ch00001','20201119QS9170733784001','2020-11-19',77.4,'Base room charge');
INSERT INTO INVOICECHARGE VALUES ('20201119QS9170733784001-ch00002','20201119QS9170733784001','2020-11-19',39.87,'Room Service');
INSERT INTO PAYMENT (payment_id,invoice_id,payment_date,payment_type,payment_amount) VALUES ('20201119QS9170733784001-p00001','20201119QS9170733784001','2020-05-05','CA',117.28);
-- ------- SAMPLE 595 ----------
INSERT INTO GUEST VALUES(1595,'Raisa','Romito','RRomito@yahoo.com','1234 DaWrong Lane','Flonkerton','MD','12345','189-771-1105');
INSERT INTO RESERVATION VALUES ('20191221KS4285846125436',1595,206,'KS','2019-12-21','2019-12-24',null,'complete');
INSERT INTO INVOICECHARGE VALUES ('20191221KS4285846125436-ch00001','20191221KS4285846125436','2019-12-21',319.84,'Base room charge');
INSERT INTO PAYMENT (payment_id,invoice_id,payment_date,payment_type,payment_amount) VALUES ('20191221KS4285846125436-p00001','20191221KS4285846125436','2020-05-05','CA',319.84);
-- ------- SAMPLE 596 ----------
INSERT INTO GUEST VALUES(1596,'Piedad','Proctor','PProctor@yahoo.com','1234 DaWrong Lane','Flonkerton','MD','12345','692-328-8120');
INSERT INTO RESERVATION VALUES ('20191102KS1715445046814',1596,206,'KS','2019-11-02','2019-11-03',null,'complete');
INSERT INTO INVOICECHARGE VALUES ('20191102KS1715445046814-ch00001','20191102KS1715445046814','2019-11-02',106.61,'Base room charge');
INSERT INTO PAYMENT VALUES ('20191102KS1715445046814-p00001','20191102KS1715445046814','2020-05-05','CC',3,'Piedad Proctor','4525846291704287',3,2022,577,'Mastercard');
-- ------- SAMPLE 597 ----------
INSERT INTO GUEST VALUES(1597,'Walker','Weatherhead','WWeatherhead@yahoo.com','1234 DaWrong Lane','Flonkerton','MD','12345','252-936-5256');
INSERT INTO RESERVATION VALUES ('20210422QD1472303571729',1597,null,'QD','2021-04-22','2021-04-27',null,'active');
INSERT INTO INVOICECHARGE VALUES ('20210422QD1472303571729-ch00001','20210422QD1472303571729','2021-04-22',316.64,'Base room charge');
INSERT INTO INVOICECHARGE VALUES ('20210422QD1472303571729-ch00002','20210422QD1472303571729','2021-04-22',163.12,'Cleaning fee');
INSERT INTO PAYMENT VALUES ('20210422QD1472303571729-p00001','20210422QD1472303571729','2020-05-05','CC',45,'Walker Weatherhead','4869963261577801',11,2024,650,'Mastercard');
-- ------- SAMPLE 598 ----------
INSERT INTO GUEST VALUES(1598,'Fonda','Foreman','FForeman@gmail.com','1234 DaWrong Lane','Flonkerton','MD','12345','652-822-6639');
INSERT INTO RESERVATION VALUES ('20210214KI3076193347981',1598,null,'KI','2021-02-14','2021-02-15',null,'active');
INSERT INTO INVOICECHARGE VALUES ('20210214KI3076193347981-ch00001','20210214KI3076193347981','2021-02-14',56.29,'Base room charge');
INSERT INTO INVOICECHARGE VALUES ('20210214KI3076193347981-ch00002','20210214KI3076193347981','2021-02-14',29,'Room Service');
INSERT INTO PAYMENT VALUES ('20210214KI3076193347981-p00001','20210214KI3076193347981','2020-05-05','CC',85.29,'Fonda Foreman','8755711823723135',11,2022,707,'Mastercard');
-- ------- SAMPLE 599 ----------
INSERT INTO GUEST VALUES(1599,'Willian','Wiest','WWiest@hotmail.com','1234 DaWrong Lane','Flonkerton','MD','12345','658-028-6845');
INSERT INTO RESERVATION VALUES ('20191231QS1731330228674',1599,108,'QS','2019-12-31','2020-01-02',null,'complete');
INSERT INTO INVOICECHARGE VALUES ('20191231QS1731330228674-ch00001','20191231QS1731330228674','2019-12-31',154.81,'Base room charge');
INSERT INTO INVOICECHARGE VALUES ('20191231QS1731330228674-ch00002','20191231QS1731330228674','2019-12-31',79.75,'Cleaning fee');
INSERT INTO PAYMENT VALUES ('20191231QS1731330228674-p00001','20191231QS1731330228674','2020-05-05','CC',204,'Willian Wiest','2743939897277322',2,2022,698,'Mastercard');
-- ------- SAMPLE 600 ----------
INSERT INTO GUEST VALUES(1600,'Clara','Crimmins','CCrimmins@gmail.com','1234 DaWrong Lane','Flonkerton','MD','12345','592-699-6330');
INSERT INTO RESERVATION VALUES ('20200417QD5842039502364',1600,116,'QD','2020-04-17','2020-04-20',null,'complete');
INSERT INTO INVOICECHARGE VALUES ('20200417QD5842039502364-ch00001','20200417QD5842039502364','2020-04-17',287.86,'Base room charge');
INSERT INTO PAYMENT VALUES ('20200417QD5842039502364-p00001','20200417QD5842039502364','2020-05-05','CC',287.86,'Clara Crimmins','7972937204255316',12,2023,313,'Mastercard');
-- ------- SAMPLE 601 ----------
INSERT INTO GUEST VALUES(1601,'Shandi','Scharf','SScharf@gmail.com','1234 DaWrong Lane','Flonkerton','MD','12345','214-029-6897');
INSERT INTO RESERVATION VALUES ('20210113KS9252790373966',1601,null,'KS','2021-01-13','2021-01-14',null,'active');
INSERT INTO INVOICECHARGE VALUES ('20210113KS9252790373966-ch00001','20210113KS9252790373966','2021-01-13',106.61,'Base room charge');
INSERT INTO PAYMENT VALUES ('20210113KS9252790373966-p00001','20210113KS9252790373966','2020-05-05','CC',106.61,'Shandi Scharf','6425163547482851',12,2025,342,'Mastercard');
-- ------- SAMPLE 602 ----------
INSERT INTO GUEST VALUES(1602,'Deangelo','Deloera','DDeloera@yahoo.com','1234 DaWrong Lane','Flonkerton','MD','12345','972-126-5816');
INSERT INTO RESERVATION VALUES ('20200221QS1290879798129',1602,108,'QS','2020-02-21','2020-02-23',null,'complete');
-- ------- SAMPLE 603 ----------
INSERT INTO GUEST VALUES(1603,'Julene','Jahn','JJahn@gmail.com','1234 DaWrong Lane','Flonkerton','MD','12345','705-785-4669');
INSERT INTO RESERVATION VALUES ('20201102KJ3781242310151',1603,null,'KJ','2020-11-02','2020-11-05',null,'active');
INSERT INTO INVOICECHARGE VALUES ('20201102KJ3781242310151-ch00001','20201102KJ3781242310151','2020-11-02',274.43,'Base room charge');
INSERT INTO INVOICECHARGE VALUES ('20201102KJ3781242310151-ch00002','20201102KJ3781242310151','2020-11-02',141.37,'Room Service');
INSERT INTO PAYMENT VALUES ('20201102KJ3781242310151-p00001','20201102KJ3781242310151','2020-05-05','CC',415.81,'Julene Jahn','1429419882331239',12,2023,174,'Mastercard');
-- ------- SAMPLE 604 ----------
INSERT INTO GUEST VALUES(1604,'Buford','Biddy','BBiddy@gmail.com','1234 DaWrong Lane','Flonkerton','MD','12345','965-495-5102');
INSERT INTO RESERVATION VALUES ('20200308QD6811194203763',1604,111,'QD','2020-03-08','2020-03-13',null,'complete');
INSERT INTO INVOICECHARGE VALUES ('20200308QD6811194203763-ch00001','20200308QD6811194203763','2020-03-08',479.76,'Base room charge');
INSERT INTO PAYMENT (payment_id,invoice_id,payment_date,payment_type,payment_amount) VALUES ('20200308QD6811194203763-p00001','20200308QD6811194203763','2020-05-05','CA',479.76);
-- ------- SAMPLE 605 ----------
INSERT INTO GUEST VALUES(1605,'Jenna','Jesse','JJesse@gmail.com','1234 DaWrong Lane','Flonkerton','MD','12345','399-394-4853');
INSERT INTO RESERVATION VALUES ('20210326KJ4883408628753',1605,null,'KJ','2021-03-26','2021-03-30',null,'active');
INSERT INTO INVOICECHARGE VALUES ('20210326KJ4883408628753-ch00001','20210326KJ4883408628753','2021-03-26',554.41,'Base room charge');
INSERT INTO PAYMENT VALUES ('20210326KJ4883408628753-p00001','20210326KJ4883408628753','2020-05-05','CC',341,'Jenna Jesse','3321566822431928',9,2027,183,'Mastercard');
-- ------- SAMPLE 606 ----------
INSERT INTO GUEST VALUES(1606,'Hedwig','Hinz','HHinz@gmail.com','1234 DaWrong Lane','Flonkerton','MD','12345','788-335-5838');
INSERT INTO RESERVATION VALUES ('20200105QS3595251906369',1606,207,'QS','2020-01-05','2020-01-06',null,'complete');
INSERT INTO INVOICECHARGE VALUES ('20200105QS3595251906369-ch00001','20200105QS3595251906369','2020-01-05',117.28,'Base room charge');
INSERT INTO PAYMENT (payment_id,invoice_id,payment_date,payment_type,payment_amount) VALUES ('20200105QS3595251906369-p00001','20200105QS3595251906369','2020-05-05','CA',117.28);
-- ------- SAMPLE 607 ----------
INSERT INTO GUEST VALUES(1607,'Shonda','Schult','SSchult@gmail.com','1234 DaWrong Lane','Flonkerton','MD','12345','301-426-3591');
INSERT INTO RESERVATION VALUES ('20200620KS6268467489606',1607,null,'KS','2020-06-20','2020-06-25',null,'active');
INSERT INTO INVOICECHARGE VALUES ('20200620KS6268467489606-ch00001','20200620KS6268467489606','2020-06-20',533.07,'Base room charge');
INSERT INTO PAYMENT VALUES ('20200620KS6268467489606-p00001','20200620KS6268467489606','2020-05-05','CC',533.07,'Shonda Schult','8461354790701842',2,2021,206,'Mastercard');
-- ------- SAMPLE 608 ----------
INSERT INTO GUEST VALUES(1608,'Antwan','Albury','AAlbury@hotmail.com','1234 DaWrong Lane','Flonkerton','MD','12345','403-172-1987');
INSERT INTO RESERVATION VALUES ('20200723KI8018954050484',1608,null,'KI','2020-07-23','2020-07-26',null,'cancelled');
INSERT INTO INVOICECHARGE VALUES ('20200723KI8018954050484-ch00001','20200723KI8018954050484','2020-07-23',168.87,'Base room charge');
INSERT INTO INVOICECHARGE VALUES ('20200723KI8018954050484-ch00002','20200723KI8018954050484','2020-07-23',87,'Room Service');
INSERT INTO PAYMENT VALUES ('20200723KI8018954050484-p00001','20200723KI8018954050484','2020-05-05','CC',149,'Antwan Albury','7918715846761616',11,2024,854,'Mastercard');
-- ------- SAMPLE 609 ----------
INSERT INTO GUEST VALUES(1609,'Freida','Forbis','FForbis@yahoo.com','1234 DaWrong Lane','Flonkerton','MD','12345','978-503-2202');
INSERT INTO RESERVATION VALUES ('20210105QD5919171163024',1609,null,'QD','2021-01-05','2021-01-08',null,'cancelled');
INSERT INTO INVOICECHARGE VALUES ('20210105QD5919171163024-ch00001','20210105QD5919171163024','2021-01-05',189.98,'Base room charge');
INSERT INTO INVOICECHARGE VALUES ('20210105QD5919171163024-ch00002','20210105QD5919171163024','2021-01-05',97.87,'Cleaning fee');
INSERT INTO PAYMENT VALUES ('20210105QD5919171163024-p00001','20210105QD5919171163024','2020-05-05','CC',287.86,'Freida Forbis','4790429820850471',12,2025,90,'Mastercard');
-- ------- SAMPLE 610 ----------
INSERT INTO GUEST VALUES(1610,'Floy','Feinstein','FFeinstein@hotmail.com','1234 DaWrong Lane','Flonkerton','MD','12345','495-322-8833');
INSERT INTO RESERVATION VALUES ('20191219QD9157773080650',1610,116,'QD','2019-12-19','2019-12-20',null,'complete');
-- ------- SAMPLE 611 ----------
INSERT INTO GUEST VALUES(1611,'Francie','Fairbank','FFairbank@hotmail.com','1234 DaWrong Lane','Flonkerton','MD','12345','063-327-7505');
INSERT INTO RESERVATION VALUES ('20190712KS8756828580677',1611,102,'KS','2019-07-12','2019-07-15',null,'complete');
INSERT INTO INVOICECHARGE VALUES ('20190712KS8756828580677-ch00001','20190712KS8756828580677','2019-07-12',211.1,'Base room charge');
INSERT INTO INVOICECHARGE VALUES ('20190712KS8756828580677-ch00002','20190712KS8756828580677','2019-07-12',108.75,'Room Service');
INSERT INTO PAYMENT (payment_id,invoice_id,payment_date,payment_type,payment_amount) VALUES ('20190712KS8756828580677-p00001','20190712KS8756828580677','2020-05-05','CA',319.84);
-- ------- SAMPLE 612 ----------
INSERT INTO GUEST VALUES(1612,'Tish','Tusing','TTusing@gmail.com','1234 DaWrong Lane','Flonkerton','MD','12345','486-410-6983');
INSERT INTO RESERVATION VALUES ('20201027KS3735360800689',1612,null,'KS','2020-10-27','2020-10-28',null,'active');
INSERT INTO INVOICECHARGE VALUES ('20201027KS3735360800689-ch00001','20201027KS3735360800689','2020-10-27',106.61,'Base room charge');
INSERT INTO PAYMENT VALUES ('20201027KS3735360800689-p00001','20201027KS3735360800689','2020-05-05','CC',106.61,'Tish Tusing','8736345568189824',7,2025,472,'Mastercard');
-- ------- SAMPLE 613 ----------
INSERT INTO GUEST VALUES(1613,'Clara','Crimmins','CCrimmins@yahoo.com','1234 DaWrong Lane','Flonkerton','MD','12345','817-949-0168');
INSERT INTO RESERVATION VALUES ('20210117QD8974546173758',1613,null,'QD','2021-01-17','2021-01-18',null,'cancelled');
INSERT INTO INVOICECHARGE VALUES ('20210117QD8974546173758-ch00001','20210117QD8974546173758','2021-01-17',63.33,'Base room charge');
INSERT INTO INVOICECHARGE VALUES ('20210117QD8974546173758-ch00002','20210117QD8974546173758','2021-01-17',32.62,'Room Service');
INSERT INTO PAYMENT (payment_id,invoice_id,payment_date,payment_type,payment_amount) VALUES ('20210117QD8974546173758-p00001','20210117QD8974546173758','2020-05-05','CA',95.95);
-- ------- SAMPLE 614 ----------
INSERT INTO GUEST VALUES(1614,'Pearlene','Priestly','PPriestly@yahoo.com','1234 DaWrong Lane','Flonkerton','MD','12345','448-190-2558');
INSERT INTO RESERVATION VALUES ('20200308KJ4579582713158',1614,208,'KJ','2020-03-08','2020-03-11',null,'complete');
INSERT INTO INVOICECHARGE VALUES ('20200308KJ4579582713158-ch00001','20200308KJ4579582713158','2020-03-08',274.43,'Base room charge');
INSERT INTO INVOICECHARGE VALUES ('20200308KJ4579582713158-ch00002','20200308KJ4579582713158','2020-03-08',141.37,'Cleaning fee');
INSERT INTO PAYMENT VALUES ('20200308KJ4579582713158-p00001','20200308KJ4579582713158','2020-05-05','CC',415.81,'Pearlene Priestly','4584642683241292',11,2024,417,'Mastercard');
-- ------- SAMPLE 615 ----------
INSERT INTO GUEST VALUES(1615,'Alverta','Arce','AArce@yahoo.com','1234 DaWrong Lane','Flonkerton','MD','12345','699-234-4483');
INSERT INTO RESERVATION VALUES ('20190816QD2323335082629',1615,205,'QD','2019-08-16','2019-08-18',null,'complete');
INSERT INTO INVOICECHARGE VALUES ('20190816QD2323335082629-ch00001','20190816QD2323335082629','2019-08-16',191.9,'Base room charge');
INSERT INTO PAYMENT VALUES ('20190816QD2323335082629-p00001','20190816QD2323335082629','2020-05-05','CC',191.9,'Alverta Arce','7849871939058347',6,2021,363,'Mastercard');
-- ------- SAMPLE 616 ----------
INSERT INTO GUEST VALUES(1616,'Leanora','Locke','LLocke@yahoo.com','1234 DaWrong Lane','Flonkerton','MD','12345','704-890-3976');
INSERT INTO RESERVATION VALUES ('20200926KJ5874608897525',1616,null,'KJ','2020-09-26','2020-09-28',null,'active');
INSERT INTO INVOICECHARGE VALUES ('20200926KJ5874608897525-ch00001','20200926KJ5874608897525','2020-09-26',182.95,'Base room charge');
INSERT INTO INVOICECHARGE VALUES ('20200926KJ5874608897525-ch00002','20200926KJ5874608897525','2020-09-26',94.25,'Cleaning fee');
INSERT INTO PAYMENT (payment_id,invoice_id,payment_date,payment_type,payment_amount) VALUES ('20200926KJ5874608897525-p00001','20200926KJ5874608897525','2020-05-05','CA',277.2);
-- ------- SAMPLE 617 ----------
INSERT INTO GUEST VALUES(1617,'Margorie','Mcnish','MMcnish@yahoo.com','1234 DaWrong Lane','Flonkerton','MD','12345','534-172-4483');
INSERT INTO RESERVATION VALUES ('20210102KI4256286751303',1617,null,'KI','2021-01-02','2021-01-07',null,'active');
INSERT INTO INVOICECHARGE VALUES ('20210102KI4256286751303-ch00001','20210102KI4256286751303','2021-01-02',281.45,'Base room charge');
INSERT INTO INVOICECHARGE VALUES ('20210102KI4256286751303-ch00002','20210102KI4256286751303','2021-01-02',144.99,'Room Service');
INSERT INTO PAYMENT VALUES ('20210102KI4256286751303-p00001','20210102KI4256286751303','2020-05-05','CC',426.45,'Margorie Mcnish','5255229429471609',2,2026,587,'Mastercard');
-- ------- SAMPLE 618 ----------
INSERT INTO GUEST VALUES(1618,'Collin','Chaparro','CChaparro@gmail.com','1234 DaWrong Lane','Flonkerton','MD','12345','506-045-3748');
INSERT INTO RESERVATION VALUES ('20190818KJ7248800773395',1618,119,'KJ','2019-08-18','2019-08-20',null,'complete');
INSERT INTO INVOICECHARGE VALUES ('20190818KJ7248800773395-ch00001','20190818KJ7248800773395','2019-08-18',182.95,'Base room charge');
INSERT INTO INVOICECHARGE VALUES ('20190818KJ7248800773395-ch00002','20190818KJ7248800773395','2019-08-18',94.25,'Cleaning fee');
INSERT INTO PAYMENT VALUES ('20190818KJ7248800773395-p00001','20190818KJ7248800773395','2020-05-05','CC',277.2,'Collin Chaparro','3451826905689042',3,2026,9,'Mastercard');
-- ------- SAMPLE 619 ----------
INSERT INTO GUEST VALUES(1619,'Annie','Albrecht','AAlbrecht@hotmail.com','1234 DaWrong Lane','Flonkerton','MD','12345','859-218-9810');
INSERT INTO RESERVATION VALUES ('20200225QD7023201723627',1619,101,'QD','2020-02-25','2020-02-26',null,'complete');
INSERT INTO INVOICECHARGE VALUES ('20200225QD7023201723627-ch00001','20200225QD7023201723627','2020-02-25',63.33,'Base room charge');
INSERT INTO INVOICECHARGE VALUES ('20200225QD7023201723627-ch00002','20200225QD7023201723627','2020-02-25',32.62,'Cleaning fee');
INSERT INTO PAYMENT (payment_id,invoice_id,payment_date,payment_type,payment_amount) VALUES ('20200225QD7023201723627-p00001','20200225QD7023201723627','2020-05-05','CA',95.95);
-- ------- SAMPLE 620 ----------
INSERT INTO GUEST VALUES(1620,'Francie','Fairbank','FFairbank@gmail.com','1234 DaWrong Lane','Flonkerton','MD','12345','172-269-2358');
INSERT INTO RESERVATION VALUES ('20200319QS8145610899918',1620,118,'QS','2020-03-19','2020-03-21',null,'complete');
INSERT INTO INVOICECHARGE VALUES ('20200319QS8145610899918-ch00001','20200319QS8145610899918','2020-03-19',154.81,'Base room charge');
INSERT INTO INVOICECHARGE VALUES ('20200319QS8145610899918-ch00002','20200319QS8145610899918','2020-03-19',79.75,'Cleaning fee');
INSERT INTO PAYMENT (payment_id,invoice_id,payment_date,payment_type,payment_amount) VALUES ('20200319QS8145610899918-p00001','20200319QS8145610899918','2020-05-05','CA',234.55);
-- ------- SAMPLE 621 ----------
INSERT INTO GUEST VALUES(1621,'Darrin','Drum','DDrum@hotmail.com','1234 DaWrong Lane','Flonkerton','MD','12345','565-500-0659');
INSERT INTO RESERVATION VALUES ('20210422QD1781507269732',1621,null,'QD','2021-04-22','2021-04-23',null,'cancelled');
INSERT INTO INVOICECHARGE VALUES ('20210422QD1781507269732-ch00001','20210422QD1781507269732','2021-04-22',95.95,'Base room charge');
INSERT INTO PAYMENT VALUES ('20210422QD1781507269732-p00001','20210422QD1781507269732','2020-05-05','CC',95.95,'Darrin Drum','8112959583123595',7,2022,722,'Mastercard');
-- ------- SAMPLE 622 ----------
INSERT INTO GUEST VALUES(1622,'Jeanene','Jacobo','JJacobo@gmail.com','1234 DaWrong Lane','Flonkerton','MD','12345','494-590-3905');
INSERT INTO RESERVATION VALUES ('20210114QS2358627405736',1622,null,'QS','2021-01-14','2021-01-17',null,'active');
INSERT INTO INVOICECHARGE VALUES ('20210114QS2358627405736-ch00001','20210114QS2358627405736','2021-01-14',232.21,'Base room charge');
INSERT INTO INVOICECHARGE VALUES ('20210114QS2358627405736-ch00002','20210114QS2358627405736','2021-01-14',119.62,'Room Service');
INSERT INTO PAYMENT (payment_id,invoice_id,payment_date,payment_type,payment_amount) VALUES ('20210114QS2358627405736-p00001','20210114QS2358627405736','2020-05-05','CA',351.83);
-- ------- SAMPLE 623 ----------
INSERT INTO GUEST VALUES(1623,'Georgianne','Guadarrama','GGuadarrama@gmail.com','1234 DaWrong Lane','Flonkerton','MD','12345','802-415-6181');
INSERT INTO RESERVATION VALUES ('20201022KJ2838683683504',1623,null,'KJ','2020-10-22','2020-10-25',null,'active');
-- ------- SAMPLE 624 ----------
INSERT INTO GUEST VALUES(1624,'Theodora','Trickey','TTrickey@hotmail.com','1234 DaWrong Lane','Flonkerton','MD','12345','956-667-8350');
INSERT INTO RESERVATION VALUES ('20200902KS3258501770073',1624,null,'KS','2020-09-02','2020-09-03',null,'active');
-- ------- SAMPLE 625 ----------
INSERT INTO GUEST VALUES(1625,'Laraine','Lazar','LLazar@gmail.com','1234 DaWrong Lane','Flonkerton','MD','12345','480-727-3551');
INSERT INTO RESERVATION VALUES ('20210210KS5566128805161',1625,null,'KS','2021-02-10','2021-02-14',null,'active');
INSERT INTO INVOICECHARGE VALUES ('20210210KS5566128805161-ch00001','20210210KS5566128805161','2021-02-10',426.46,'Base room charge');
INSERT INTO PAYMENT VALUES ('20210210KS5566128805161-p00001','20210210KS5566128805161','2020-05-05','CC',426.46,'Laraine Lazar','5244585396841793',12,2023,308,'Mastercard');
-- ------- SAMPLE 626 ----------
INSERT INTO GUEST VALUES(1626,'Delsie','Delong','DDelong@hotmail.com','1234 DaWrong Lane','Flonkerton','MD','12345','592-251-5428');
INSERT INTO RESERVATION VALUES ('20201211KJ8603278391482',1626,null,'KJ','2020-12-11','2020-12-12',null,'active');
INSERT INTO INVOICECHARGE VALUES ('20201211KJ8603278391482-ch00001','20201211KJ8603278391482','2020-12-11',91.48,'Base room charge');
INSERT INTO INVOICECHARGE VALUES ('20201211KJ8603278391482-ch00002','20201211KJ8603278391482','2020-12-11',47.12,'Room Service');
INSERT INTO PAYMENT VALUES ('20201211KJ8603278391482-p00001','20201211KJ8603278391482','2020-05-05','CC',138.6,'Delsie Delong','1021646779643932',8,2027,248,'Mastercard');
-- ------- SAMPLE 627 ----------
INSERT INTO GUEST VALUES(1627,'Maryann','Mccutcheon','MMccutcheon@yahoo.com','1234 DaWrong Lane','Flonkerton','MD','12345','185-091-9523');
INSERT INTO RESERVATION VALUES ('20191022QS5533530148976',1627,108,'QS','2019-10-22','2019-10-26',null,'complete');
-- ------- SAMPLE 628 ----------
INSERT INTO GUEST VALUES(1628,'Buffy','Beattie','BBeattie@hotmail.com','1234 DaWrong Lane','Flonkerton','MD','12345','218-277-4736');
INSERT INTO RESERVATION VALUES ('20201202QS3501213964661',1628,null,'QS','2020-12-02','2020-12-05',null,'cancelled');
INSERT INTO INVOICECHARGE VALUES ('20201202QS3501213964661-ch00001','20201202QS3501213964661','2020-12-02',351.83,'Base room charge');
INSERT INTO PAYMENT (payment_id,invoice_id,payment_date,payment_type,payment_amount) VALUES ('20201202QS3501213964661-p00001','20201202QS3501213964661','2020-05-05','CA',142);
-- ------- SAMPLE 629 ----------
INSERT INTO GUEST VALUES(1629,'Kaley','Kilmon','KKilmon@hotmail.com','1234 DaWrong Lane','Flonkerton','MD','12345','977-021-0508');
INSERT INTO RESERVATION VALUES ('20200720QD5980117813360',1629,null,'QD','2020-07-20','2020-07-21',null,'active');
-- ------- SAMPLE 630 ----------
INSERT INTO GUEST VALUES(1630,'Edmundo','Erickson','EErickson@yahoo.com','1234 DaWrong Lane','Flonkerton','MD','12345','154-363-4731');
INSERT INTO RESERVATION VALUES ('20210309QD4826617037701',1630,null,'QD','2021-03-09','2021-03-12',null,'active');
INSERT INTO INVOICECHARGE VALUES ('20210309QD4826617037701-ch00001','20210309QD4826617037701','2021-03-09',287.86,'Base room charge');
INSERT INTO PAYMENT VALUES ('20210309QD4826617037701-p00001','20210309QD4826617037701','2020-05-05','CC',287.86,'Edmundo Erickson','4845402574481439',4,2025,817,'Mastercard');
-- ------- SAMPLE 631 ----------
INSERT INTO GUEST VALUES(1631,'Dorothea','Dipaolo','DDipaolo@gmail.com','1234 DaWrong Lane','Flonkerton','MD','12345','004-750-3105');
INSERT INTO RESERVATION VALUES ('20210203QS2777186251182',1631,null,'QS','2021-02-03','2021-02-05',null,'active');
-- ------- SAMPLE 632 ----------
INSERT INTO GUEST VALUES(1632,'Tanner','Tomasello','TTomasello@hotmail.com','1234 DaWrong Lane','Flonkerton','MD','12345','130-618-0601');
INSERT INTO RESERVATION VALUES ('20200318QS8982649137648',1632,202,'QS','2020-03-18','2020-03-23',null,'complete');
INSERT INTO INVOICECHARGE VALUES ('20200318QS8982649137648-ch00001','20200318QS8982649137648','2020-03-18',387.01,'Base room charge');
INSERT INTO INVOICECHARGE VALUES ('20200318QS8982649137648-ch00002','20200318QS8982649137648','2020-03-18',199.37,'Cleaning fee');
INSERT INTO PAYMENT VALUES ('20200318QS8982649137648-p00001','20200318QS8982649137648','2020-05-05','CC',586.38,'Tanner Tomasello','7451963017111208',4,2023,883,'Mastercard');
-- ------- SAMPLE 633 ----------
INSERT INTO GUEST VALUES(1633,'Abram','Adolph','AAdolph@gmail.com','1234 DaWrong Lane','Flonkerton','MD','12345','395-965-6290');
INSERT INTO RESERVATION VALUES ('20200404QD2642933849647',1633,101,'QD','2020-04-04','2020-04-08',null,'cancelled');
INSERT INTO INVOICECHARGE VALUES ('20200404QD2642933849647-ch00001','20200404QD2642933849647','2020-04-04',383.81,'Base room charge');
INSERT INTO PAYMENT VALUES ('20200404QD2642933849647-p00001','20200404QD2642933849647','2020-05-05','CC',383.81,'Abram Adolph','7569257555421663',8,2023,999,'Mastercard');
-- ------- SAMPLE 634 ----------
INSERT INTO GUEST VALUES(1634,'Corene','Carmody','CCarmody@gmail.com','1234 DaWrong Lane','Flonkerton','MD','12345','294-992-4086');
INSERT INTO RESERVATION VALUES ('20210416QS5104807232379',1634,null,'QS','2021-04-16','2021-04-20',null,'active');
INSERT INTO INVOICECHARGE VALUES ('20210416QS5104807232379-ch00001','20210416QS5104807232379','2021-04-16',469.11,'Base room charge');
INSERT INTO PAYMENT VALUES ('20210416QS5104807232379-p00001','20210416QS5104807232379','2020-05-05','CC',469.11,'Corene Carmody','1548216797889833',11,2026,111,'Mastercard');
-- ------- SAMPLE 635 ----------
INSERT INTO GUEST VALUES(1635,'Marcelino','Meisner','MMeisner@hotmail.com','1234 DaWrong Lane','Flonkerton','MD','12345','461-265-3767');
INSERT INTO RESERVATION VALUES ('20190722QD2415653064364',1635,111,'QD','2019-07-22','2019-07-23',null,'complete');
INSERT INTO INVOICECHARGE VALUES ('20190722QD2415653064364-ch00001','20190722QD2415653064364','2019-07-22',63.33,'Base room charge');
INSERT INTO INVOICECHARGE VALUES ('20190722QD2415653064364-ch00002','20190722QD2415653064364','2019-07-22',32.62,'Room Service');
INSERT INTO PAYMENT VALUES ('20190722QD2415653064364-p00001','20190722QD2415653064364','2020-05-05','CC',64,'Marcelino Meisner','9071182365758068',3,2023,663,'Mastercard');
-- ------- SAMPLE 636 ----------
INSERT INTO GUEST VALUES(1636,'Serafina','Singh','SSingh@yahoo.com','1234 DaWrong Lane','Flonkerton','MD','12345','221-525-1481');
INSERT INTO RESERVATION VALUES ('20191119QS7356376466302',1636,103,'QS','2019-11-19','2019-11-20',null,'complete');
-- ------- SAMPLE 637 ----------
INSERT INTO GUEST VALUES(1637,'Major','Meng','MMeng@yahoo.com','1234 DaWrong Lane','Flonkerton','MD','12345','912-298-8134');
INSERT INTO RESERVATION VALUES ('20190730KJ2525290000377',1637,119,'KJ','2019-07-30','2019-08-04',null,'complete');
INSERT INTO INVOICECHARGE VALUES ('20190730KJ2525290000377-ch00001','20190730KJ2525290000377','2019-07-30',457.39,'Base room charge');
INSERT INTO INVOICECHARGE VALUES ('20190730KJ2525290000377-ch00002','20190730KJ2525290000377','2019-07-30',235.62,'Cleaning fee');
INSERT INTO PAYMENT (payment_id,invoice_id,payment_date,payment_type,payment_amount) VALUES ('20190730KJ2525290000377-p00001','20190730KJ2525290000377','2020-05-05','CA',693.01);
-- ------- SAMPLE 638 ----------
INSERT INTO GUEST VALUES(1638,'Malia','Molden','MMolden@yahoo.com','1234 DaWrong Lane','Flonkerton','MD','12345','391-114-0658');
INSERT INTO RESERVATION VALUES ('20190507KS3177436206717',1638,201,'KS','2019-05-07','2019-05-12',null,'complete');
INSERT INTO INVOICECHARGE VALUES ('20190507KS3177436206717-ch00001','20190507KS3177436206717','2019-05-07',351.83,'Base room charge');
INSERT INTO INVOICECHARGE VALUES ('20190507KS3177436206717-ch00002','20190507KS3177436206717','2019-05-07',181.24,'Room Service');
INSERT INTO PAYMENT (payment_id,invoice_id,payment_date,payment_type,payment_amount) VALUES ('20190507KS3177436206717-p00001','20190507KS3177436206717','2020-05-05','CA',533.07);
-- ------- SAMPLE 639 ----------
INSERT INTO GUEST VALUES(1639,'Rickie','Redfern','RRedfern@yahoo.com','1234 DaWrong Lane','Flonkerton','MD','12345','111-859-1212');
INSERT INTO RESERVATION VALUES ('20190518QS4294896995846',1639,202,'QS','2019-05-18','2019-05-21',null,'complete');
INSERT INTO INVOICECHARGE VALUES ('20190518QS4294896995846-ch00001','20190518QS4294896995846','2019-05-18',232.21,'Base room charge');
INSERT INTO INVOICECHARGE VALUES ('20190518QS4294896995846-ch00002','20190518QS4294896995846','2019-05-18',119.62,'Cleaning fee');
INSERT INTO PAYMENT (payment_id,invoice_id,payment_date,payment_type,payment_amount) VALUES ('20190518QS4294896995846-p00001','20190518QS4294896995846','2020-05-05','CA',351.83);
-- ------- SAMPLE 640 ----------
INSERT INTO GUEST VALUES(1640,'Hedwig','Hinz','HHinz@gmail.com','1234 DaWrong Lane','Flonkerton','MD','12345','542-868-5917');
INSERT INTO RESERVATION VALUES ('20191123QS4473999626479',1640,103,'QS','2019-11-23','2019-11-27',null,'complete');
INSERT INTO INVOICECHARGE VALUES ('20191123QS4473999626479-ch00001','20191123QS4473999626479','2019-11-23',309.61,'Base room charge');
INSERT INTO INVOICECHARGE VALUES ('20191123QS4473999626479-ch00002','20191123QS4473999626479','2019-11-23',159.5,'Room Service');
INSERT INTO PAYMENT VALUES ('20191123QS4473999626479-p00001','20191123QS4473999626479','2020-05-05','CC',361,'Hedwig Hinz','9080814171882872',5,2023,631,'Mastercard');
-- ------- SAMPLE 641 ----------
INSERT INTO GUEST VALUES(1641,'Mandi','Mcwain','MMcwain@hotmail.com','1234 DaWrong Lane','Flonkerton','MD','12345','642-490-0864');
INSERT INTO RESERVATION VALUES ('20210324QS1743519430990',1641,null,'QS','2021-03-24','2021-03-27',null,'active');
INSERT INTO INVOICECHARGE VALUES ('20210324QS1743519430990-ch00001','20210324QS1743519430990','2021-03-24',232.21,'Base room charge');
INSERT INTO INVOICECHARGE VALUES ('20210324QS1743519430990-ch00002','20210324QS1743519430990','2021-03-24',119.62,'Room Service');
INSERT INTO PAYMENT VALUES ('20210324QS1743519430990-p00001','20210324QS1743519430990','2020-05-05','CC',309,'Mandi Mcwain','9851091428827830',12,2026,353,'Mastercard');
-- ------- SAMPLE 642 ----------
INSERT INTO GUEST VALUES(1642,'Georgianne','Guadarrama','GGuadarrama@hotmail.com','1234 DaWrong Lane','Flonkerton','MD','12345','175-121-9006');
INSERT INTO RESERVATION VALUES ('20200423KJ3456404479887',1642,114,'KJ','2020-04-23','2020-04-24',null,'complete');
INSERT INTO INVOICECHARGE VALUES ('20200423KJ3456404479887-ch00001','20200423KJ3456404479887','2020-04-23',91.48,'Base room charge');
INSERT INTO INVOICECHARGE VALUES ('20200423KJ3456404479887-ch00002','20200423KJ3456404479887','2020-04-23',47.12,'Cleaning fee');
INSERT INTO PAYMENT VALUES ('20200423KJ3456404479887-p00001','20200423KJ3456404479887','2020-05-05','CC',15,'Georgianne Guadarrama','1762728947612338',12,2021,729,'Mastercard');
-- ------- SAMPLE 643 ----------
INSERT INTO GUEST VALUES(1643,'Melaine','Miskell','MMiskell@yahoo.com','1234 DaWrong Lane','Flonkerton','MD','12345','915-614-4132');
INSERT INTO RESERVATION VALUES ('20210213KJ6379706178129',1643,null,'KJ','2021-02-13','2021-02-16',null,'active');
INSERT INTO INVOICECHARGE VALUES ('20210213KJ6379706178129-ch00001','20210213KJ6379706178129','2021-02-13',274.43,'Base room charge');
INSERT INTO INVOICECHARGE VALUES ('20210213KJ6379706178129-ch00002','20210213KJ6379706178129','2021-02-13',141.37,'Room Service');
INSERT INTO PAYMENT VALUES ('20210213KJ6379706178129-p00001','20210213KJ6379706178129','2020-05-05','CC',350,'Melaine Miskell','5649781923998436',12,2024,60,'Mastercard');
-- ------- SAMPLE 644 ----------
INSERT INTO GUEST VALUES(1644,'Walker','Weatherhead','WWeatherhead@gmail.com','1234 DaWrong Lane','Flonkerton','MD','12345','352-737-0900');
INSERT INTO RESERVATION VALUES ('20190512QD9007511021629',1644,101,'QD','2019-05-12','2019-05-15',null,'complete');
INSERT INTO INVOICECHARGE VALUES ('20190512QD9007511021629-ch00001','20190512QD9007511021629','2019-05-12',287.86,'Base room charge');
INSERT INTO PAYMENT VALUES ('20190512QD9007511021629-p00001','20190512QD9007511021629','2020-05-05','CC',129,'Walker Weatherhead','2460309035973384',8,2023,165,'Mastercard');
-- ------- SAMPLE 645 ----------
INSERT INTO GUEST VALUES(1645,'Hedwig','Hinz','HHinz@gmail.com','1234 DaWrong Lane','Flonkerton','MD','12345','437-984-3317');
INSERT INTO RESERVATION VALUES ('20210205KS4657956423465',1645,null,'KS','2021-02-05','2021-02-10',null,'active');
INSERT INTO INVOICECHARGE VALUES ('20210205KS4657956423465-ch00001','20210205KS4657956423465','2021-02-05',351.83,'Base room charge');
INSERT INTO INVOICECHARGE VALUES ('20210205KS4657956423465-ch00002','20210205KS4657956423465','2021-02-05',181.24,'Room Service');
INSERT INTO PAYMENT VALUES ('20210205KS4657956423465-p00001','20210205KS4657956423465','2020-05-05','CC',533.07,'Hedwig Hinz','5644443190838190',3,2023,871,'Mastercard');
-- ------- SAMPLE 646 ----------
INSERT INTO GUEST VALUES(1646,'Florentino','Feth','FFeth@gmail.com','1234 DaWrong Lane','Flonkerton','MD','12345','977-990-8152');
INSERT INTO RESERVATION VALUES ('20190911KJ4338823833048',1646,114,'KJ','2019-09-11','2019-09-13',null,'complete');
INSERT INTO INVOICECHARGE VALUES ('20190911KJ4338823833048-ch00001','20190911KJ4338823833048','2019-09-11',277.2,'Base room charge');
INSERT INTO PAYMENT (payment_id,invoice_id,payment_date,payment_type,payment_amount) VALUES ('20190911KJ4338823833048-p00001','20190911KJ4338823833048','2020-05-05','CA',277.2);
-- ------- SAMPLE 647 ----------
INSERT INTO GUEST VALUES(1647,'Elfriede','Esslinger','EEsslinger@gmail.com','1234 DaWrong Lane','Flonkerton','MD','12345','629-634-5832');
INSERT INTO RESERVATION VALUES ('20200105QD8723014732089',1647,200,'QD','2020-01-05','2020-01-09',null,'cancelled');
INSERT INTO INVOICECHARGE VALUES ('20200105QD8723014732089-ch00001','20200105QD8723014732089','2020-01-05',383.81,'Base room charge');
INSERT INTO PAYMENT VALUES ('20200105QD8723014732089-p00001','20200105QD8723014732089','2020-05-05','CC',383.81,'Elfriede Esslinger','9782262172307250',7,2026,428,'Mastercard');
-- ------- SAMPLE 648 ----------
INSERT INTO GUEST VALUES(1648,'Antwan','Albury','AAlbury@yahoo.com','1234 DaWrong Lane','Flonkerton','MD','12345','245-620-6605');
INSERT INTO RESERVATION VALUES ('20201028KI5895078058120',1648,null,'KI','2020-10-28','2020-11-02',null,'active');
-- ------- SAMPLE 649 ----------
INSERT INTO GUEST VALUES(1649,'Fiona','Figgs','FFiggs@hotmail.com','1234 DaWrong Lane','Flonkerton','MD','12345','843-154-0381');
INSERT INTO RESERVATION VALUES ('20201122KS6827960671104',1649,null,'KS','2020-11-22','2020-11-25',null,'cancelled');
INSERT INTO INVOICECHARGE VALUES ('20201122KS6827960671104-ch00001','20201122KS6827960671104','2020-11-22',319.84,'Base room charge');
INSERT INTO PAYMENT VALUES ('20201122KS6827960671104-p00001','20201122KS6827960671104','2020-05-05','CC',81,'Fiona Figgs','6046424269383295',8,2021,738,'Mastercard');
-- ------- SAMPLE 650 ----------
INSERT INTO GUEST VALUES(1650,'Shawn','Stefanski','SStefanski@gmail.com','1234 DaWrong Lane','Flonkerton','MD','12345','103-465-9551');
INSERT INTO RESERVATION VALUES ('20200330KI4103385961345',1650,209,'KI','2020-03-30','2020-04-03',null,'complete');
INSERT INTO INVOICECHARGE VALUES ('20200330KI4103385961345-ch00001','20200330KI4103385961345','2020-03-30',341.16,'Base room charge');
INSERT INTO PAYMENT VALUES ('20200330KI4103385961345-p00001','20200330KI4103385961345','2020-05-05','CC',341.16,'Shawn Stefanski','3381918627682148',3,2027,775,'Mastercard');
-- ------- SAMPLE 651 ----------
INSERT INTO GUEST VALUES(1651,'Kerstin','Khalaf','KKhalaf@yahoo.com','1234 DaWrong Lane','Flonkerton','MD','12345','383-423-4222');
INSERT INTO RESERVATION VALUES ('20190507QD9807162128730',1651,116,'QD','2019-05-07','2019-05-12',null,'complete');
INSERT INTO INVOICECHARGE VALUES ('20190507QD9807162128730-ch00001','20190507QD9807162128730','2019-05-07',479.76,'Base room charge');
INSERT INTO PAYMENT VALUES ('20190507QD9807162128730-p00001','20190507QD9807162128730','2020-05-05','CC',12,'Kerstin Khalaf','3347793800310806',12,2024,314,'Mastercard');
-- ------- SAMPLE 652 ----------
INSERT INTO GUEST VALUES(1652,'Luella','Lundstrom','LLundstrom@hotmail.com','1234 DaWrong Lane','Flonkerton','MD','12345','191-829-6470');
INSERT INTO RESERVATION VALUES ('20201121KI6584230871324',1652,null,'KI','2020-11-21','2020-11-24',null,'active');
INSERT INTO INVOICECHARGE VALUES ('20201121KI6584230871324-ch00001','20201121KI6584230871324','2020-11-21',168.87,'Base room charge');
INSERT INTO INVOICECHARGE VALUES ('20201121KI6584230871324-ch00002','20201121KI6584230871324','2020-11-21',87,'Room Service');
INSERT INTO PAYMENT VALUES ('20201121KI6584230871324-p00001','20201121KI6584230871324','2020-05-05','CC',255.87,'Luella Lundstrom','5876666519688983',11,2025,944,'Mastercard');
-- ------- SAMPLE 653 ----------
INSERT INTO GUEST VALUES(1653,'Louisa','Laroque','LLaroque@gmail.com','1234 DaWrong Lane','Flonkerton','MD','12345','670-771-7390');
INSERT INTO RESERVATION VALUES ('20200809QD7185724819753',1653,null,'QD','2020-08-09','2020-08-14',null,'active');
INSERT INTO INVOICECHARGE VALUES ('20200809QD7185724819753-ch00001','20200809QD7185724819753','2020-08-09',316.64,'Base room charge');
INSERT INTO INVOICECHARGE VALUES ('20200809QD7185724819753-ch00002','20200809QD7185724819753','2020-08-09',163.12,'Room Service');
INSERT INTO PAYMENT VALUES ('20200809QD7185724819753-p00001','20200809QD7185724819753','2020-05-05','CC',479.76,'Louisa Laroque','9998908554669491',5,2024,973,'Mastercard');
-- ------- SAMPLE 654 ----------
INSERT INTO GUEST VALUES(1654,'Fiona','Figgs','FFiggs@gmail.com','1234 DaWrong Lane','Flonkerton','MD','12345','669-315-5377');
INSERT INTO RESERVATION VALUES ('20200124QD3883777682638',1654,111,'QD','2020-01-24','2020-01-26',null,'complete');
INSERT INTO INVOICECHARGE VALUES ('20200124QD3883777682638-ch00001','20200124QD3883777682638','2020-01-24',126.66,'Base room charge');
INSERT INTO INVOICECHARGE VALUES ('20200124QD3883777682638-ch00002','20200124QD3883777682638','2020-01-24',65.25,'Cleaning fee');
INSERT INTO PAYMENT (payment_id,invoice_id,payment_date,payment_type,payment_amount) VALUES ('20200124QD3883777682638-p00001','20200124QD3883777682638','2020-05-05','CA',191.9);
-- ------- SAMPLE 655 ----------
INSERT INTO GUEST VALUES(1655,'Melaine','Miskell','MMiskell@gmail.com','1234 DaWrong Lane','Flonkerton','MD','12345','228-959-1499');
INSERT INTO RESERVATION VALUES ('20190511QS5468900223219',1655,103,'QS','2019-05-11','2019-05-13',null,'complete');
INSERT INTO INVOICECHARGE VALUES ('20190511QS5468900223219-ch00001','20190511QS5468900223219','2019-05-11',154.81,'Base room charge');
INSERT INTO INVOICECHARGE VALUES ('20190511QS5468900223219-ch00002','20190511QS5468900223219','2019-05-11',79.75,'Room Service');
INSERT INTO PAYMENT VALUES ('20190511QS5468900223219-p00001','20190511QS5468900223219','2020-05-05','CC',82,'Melaine Miskell','1213444045794018',12,2021,279,'Mastercard');
-- ------- SAMPLE 656 ----------
INSERT INTO GUEST VALUES(1656,'Shawn','Stefanski','SStefanski@yahoo.com','1234 DaWrong Lane','Flonkerton','MD','12345','522-422-0397');
INSERT INTO RESERVATION VALUES ('20190620KJ4741177493818',1656,208,'KJ','2019-06-20','2019-06-21',null,'complete');
INSERT INTO INVOICECHARGE VALUES ('20190620KJ4741177493818-ch00001','20190620KJ4741177493818','2019-06-20',138.6,'Base room charge');
INSERT INTO PAYMENT (payment_id,invoice_id,payment_date,payment_type,payment_amount) VALUES ('20190620KJ4741177493818-p00001','20190620KJ4741177493818','2020-05-05','CA',138.6);
-- ------- SAMPLE 657 ----------
INSERT INTO GUEST VALUES(1657,'Shad','Sitler','SSitler@gmail.com','1234 DaWrong Lane','Flonkerton','MD','12345','376-129-5005');
INSERT INTO RESERVATION VALUES ('20210402KI7051043744615',1657,null,'KI','2021-04-02','2021-04-06',null,'active');
INSERT INTO INVOICECHARGE VALUES ('20210402KI7051043744615-ch00001','20210402KI7051043744615','2021-04-02',225.16,'Base room charge');
INSERT INTO INVOICECHARGE VALUES ('20210402KI7051043744615-ch00002','20210402KI7051043744615','2021-04-02',115.99,'Cleaning fee');
INSERT INTO PAYMENT VALUES ('20210402KI7051043744615-p00001','20210402KI7051043744615','2020-05-05','CC',171,'Shad Sitler','9549838025625814',12,2025,277,'Mastercard');
-- ------- SAMPLE 658 ----------
INSERT INTO GUEST VALUES(1658,'Boris','Berner','BBerner@hotmail.com','1234 DaWrong Lane','Flonkerton','MD','12345','379-540-7726');
INSERT INTO RESERVATION VALUES ('20200617KI4387174813756',1658,null,'KI','2020-06-17','2020-06-22',null,'active');
INSERT INTO INVOICECHARGE VALUES ('20200617KI4387174813756-ch00001','20200617KI4387174813756','2020-06-17',281.45,'Base room charge');
INSERT INTO INVOICECHARGE VALUES ('20200617KI4387174813756-ch00002','20200617KI4387174813756','2020-06-17',144.99,'Cleaning fee');
INSERT INTO PAYMENT VALUES ('20200617KI4387174813756-p00001','20200617KI4387174813756','2020-05-05','CC',426.45,'Boris Berner','2908289516689867',5,2021,348,'Mastercard');
-- ------- SAMPLE 659 ----------
INSERT INTO GUEST VALUES(1659,'Malia','Molden','MMolden@yahoo.com','1234 DaWrong Lane','Flonkerton','MD','12345','997-784-0103');
INSERT INTO RESERVATION VALUES ('20190813QS2306104826027',1659,113,'QS','2019-08-13','2019-08-17',null,'complete');
INSERT INTO INVOICECHARGE VALUES ('20190813QS2306104826027-ch00001','20190813QS2306104826027','2019-08-13',309.61,'Base room charge');
INSERT INTO INVOICECHARGE VALUES ('20190813QS2306104826027-ch00002','20190813QS2306104826027','2019-08-13',159.5,'Cleaning fee');
INSERT INTO PAYMENT VALUES ('20190813QS2306104826027-p00001','20190813QS2306104826027','2020-05-05','CC',469.11,'Malia Molden','5960395560763262',10,2026,680,'Mastercard');
-- ------- SAMPLE 660 ----------
INSERT INTO GUEST VALUES(1660,'Lakenya','Langston','LLangston@yahoo.com','1234 DaWrong Lane','Flonkerton','MD','12345','335-334-7186');
INSERT INTO RESERVATION VALUES ('20200622KS5754300431035',1660,null,'KS','2020-06-22','2020-06-27',null,'active');
-- ------- SAMPLE 661 ----------
INSERT INTO GUEST VALUES(1661,'Dorothea','Dipaolo','DDipaolo@gmail.com','1234 DaWrong Lane','Flonkerton','MD','12345','333-574-2787');
INSERT INTO RESERVATION VALUES ('20200113KJ4358600947175',1661,114,'KJ','2020-01-13','2020-01-17',null,'complete');
-- ------- SAMPLE 662 ----------
INSERT INTO GUEST VALUES(1662,'Floy','Feinstein','FFeinstein@gmail.com','1234 DaWrong Lane','Flonkerton','MD','12345','438-005-2931');
INSERT INTO RESERVATION VALUES ('20200426QD4927798347402',1662,205,'QD','2020-04-26','2020-04-29',null,'cancelled');
-- ------- SAMPLE 663 ----------
INSERT INTO GUEST VALUES(1663,'Christine','Ciampa','CCiampa@yahoo.com','1234 DaWrong Lane','Flonkerton','MD','12345','174-893-6776');
INSERT INTO RESERVATION VALUES ('20200730KJ5753853770146',1663,null,'KJ','2020-07-30','2020-08-03',null,'active');
-- ------- SAMPLE 664 ----------
INSERT INTO GUEST VALUES(1664,'Shaneka','Stribling','SStribling@yahoo.com','1234 DaWrong Lane','Flonkerton','MD','12345','353-798-9315');
INSERT INTO RESERVATION VALUES ('20210326KS9522336450676',1664,null,'KS','2021-03-26','2021-03-29',null,'cancelled');
INSERT INTO INVOICECHARGE VALUES ('20210326KS9522336450676-ch00001','20210326KS9522336450676','2021-03-26',319.84,'Base room charge');
INSERT INTO PAYMENT VALUES ('20210326KS9522336450676-p00001','20210326KS9522336450676','2020-05-05','CC',319.84,'Shaneka Stribling','3383382087326461',8,2025,593,'Mastercard');
-- ------- SAMPLE 665 ----------
INSERT INTO GUEST VALUES(1665,'Georgianne','Guadarrama','GGuadarrama@hotmail.com','1234 DaWrong Lane','Flonkerton','MD','12345','206-714-4469');
INSERT INTO RESERVATION VALUES ('20200909QS6609081840315',1665,null,'QS','2020-09-09','2020-09-14',null,'active');
INSERT INTO INVOICECHARGE VALUES ('20200909QS6609081840315-ch00001','20200909QS6609081840315','2020-09-09',387.01,'Base room charge');
INSERT INTO INVOICECHARGE VALUES ('20200909QS6609081840315-ch00002','20200909QS6609081840315','2020-09-09',199.37,'Room Service');
INSERT INTO PAYMENT VALUES ('20200909QS6609081840315-p00001','20200909QS6609081840315','2020-05-05','CC',199,'Georgianne Guadarrama','3340707716375218',11,2021,649,'Mastercard');
-- ------- SAMPLE 666 ----------
INSERT INTO GUEST VALUES(1666,'Linwood','Layden','LLayden@hotmail.com','1234 DaWrong Lane','Flonkerton','MD','12345','518-959-5182');
INSERT INTO RESERVATION VALUES ('20210117KS8472407760343',1666,null,'KS','2021-01-17','2021-01-18',null,'active');
INSERT INTO INVOICECHARGE VALUES ('20210117KS8472407760343-ch00001','20210117KS8472407760343','2021-01-17',70.37,'Base room charge');
INSERT INTO INVOICECHARGE VALUES ('20210117KS8472407760343-ch00002','20210117KS8472407760343','2021-01-17',36.25,'Room Service');
INSERT INTO PAYMENT VALUES ('20210117KS8472407760343-p00001','20210117KS8472407760343','2020-05-05','CC',106.61,'Linwood Layden','2566058014462500',10,2021,188,'Mastercard');
-- ------- SAMPLE 667 ----------
INSERT INTO GUEST VALUES(1667,'Rickie','Redfern','RRedfern@yahoo.com','1234 DaWrong Lane','Flonkerton','MD','12345','305-965-9380');
INSERT INTO RESERVATION VALUES ('20191009KS2934770399424',1667,117,'KS','2019-10-09','2019-10-10',null,'complete');
INSERT INTO INVOICECHARGE VALUES ('20191009KS2934770399424-ch00001','20191009KS2934770399424','2019-10-09',70.37,'Base room charge');
INSERT INTO INVOICECHARGE VALUES ('20191009KS2934770399424-ch00002','20191009KS2934770399424','2019-10-09',36.25,'Room Service');
INSERT INTO PAYMENT (payment_id,invoice_id,payment_date,payment_type,payment_amount) VALUES ('20191009KS2934770399424-p00001','20191009KS2934770399424','2020-05-05','CA',106.61);
-- ------- SAMPLE 668 ----------
INSERT INTO GUEST VALUES(1668,'Leanora','Locke','LLocke@hotmail.com','1234 DaWrong Lane','Flonkerton','MD','12345','827-583-5181');
INSERT INTO RESERVATION VALUES ('20200402KS9902131307751',1668,117,'KS','2020-04-02','2020-04-06',null,'complete');
INSERT INTO INVOICECHARGE VALUES ('20200402KS9902131307751-ch00001','20200402KS9902131307751','2020-04-02',426.46,'Base room charge');
INSERT INTO PAYMENT VALUES ('20200402KS9902131307751-p00001','20200402KS9902131307751','2020-05-05','CC',296,'Leanora Locke','1422320745320802',3,2026,623,'Mastercard');
-- ------- SAMPLE 669 ----------
INSERT INTO GUEST VALUES(1669,'Luella','Lundstrom','LLundstrom@yahoo.com','1234 DaWrong Lane','Flonkerton','MD','12345','015-254-2026');
INSERT INTO RESERVATION VALUES ('20201219KI2997695576386',1669,null,'KI','2020-12-19','2020-12-21',null,'active');
-- ------- SAMPLE 670 ----------
INSERT INTO GUEST VALUES(1670,'Lorean','Loden','LLoden@gmail.com','1234 DaWrong Lane','Flonkerton','MD','12345','456-201-8048');
INSERT INTO RESERVATION VALUES ('20201025QS9122148146993',1670,null,'QS','2020-10-25','2020-10-27',null,'cancelled');
INSERT INTO INVOICECHARGE VALUES ('20201025QS9122148146993-ch00001','20201025QS9122148146993','2020-10-25',154.81,'Base room charge');
INSERT INTO INVOICECHARGE VALUES ('20201025QS9122148146993-ch00002','20201025QS9122148146993','2020-10-25',79.75,'Cleaning fee');
INSERT INTO PAYMENT VALUES ('20201025QS9122148146993-p00001','20201025QS9122148146993','2020-05-05','CC',136,'Lorean Loden','7494806010228948',10,2021,32,'Mastercard');
-- ------- SAMPLE 671 ----------
INSERT INTO GUEST VALUES(1671,'Romaine','Reck','RReck@yahoo.com','1234 DaWrong Lane','Flonkerton','MD','12345','528-497-5667');
INSERT INTO RESERVATION VALUES ('20201103KS3806549773337',1671,null,'KS','2020-11-03','2020-11-06',null,'active');
INSERT INTO INVOICECHARGE VALUES ('20201103KS3806549773337-ch00001','20201103KS3806549773337','2020-11-03',319.84,'Base room charge');
INSERT INTO PAYMENT VALUES ('20201103KS3806549773337-p00001','20201103KS3806549773337','2020-05-05','CC',319.84,'Romaine Reck','7331027357909037',9,2021,864,'Mastercard');
-- ------- SAMPLE 672 ----------
INSERT INTO GUEST VALUES(1672,'Elfriede','Esslinger','EEsslinger@gmail.com','1234 DaWrong Lane','Flonkerton','MD','12345','687-665-4944');
INSERT INTO RESERVATION VALUES ('20190831KS6724123820842',1672,206,'KS','2019-08-31','2019-09-01',null,'cancelled');
-- ------- SAMPLE 673 ----------
INSERT INTO GUEST VALUES(1673,'Jarrett','Janelle','JJanelle@hotmail.com','1234 DaWrong Lane','Flonkerton','MD','12345','442-370-7144');
INSERT INTO RESERVATION VALUES ('20191205KS4003725751418',1673,112,'KS','2019-12-05','2019-12-07',null,'complete');
INSERT INTO INVOICECHARGE VALUES ('20191205KS4003725751418-ch00001','20191205KS4003725751418','2019-12-05',140.73,'Base room charge');
INSERT INTO INVOICECHARGE VALUES ('20191205KS4003725751418-ch00002','20191205KS4003725751418','2019-12-05',72.5,'Room Service');
INSERT INTO PAYMENT (payment_id,invoice_id,payment_date,payment_type,payment_amount) VALUES ('20191205KS4003725751418-p00001','20191205KS4003725751418','2020-05-05','CA',117);
-- ------- SAMPLE 674 ----------
INSERT INTO GUEST VALUES(1674,'Lucius','Liles','LLiles@gmail.com','1234 DaWrong Lane','Flonkerton','MD','12345','309-556-5557');
INSERT INTO RESERVATION VALUES ('20200226KS7688875381187',1674,206,'KS','2020-02-26','2020-02-29',null,'complete');
INSERT INTO INVOICECHARGE VALUES ('20200226KS7688875381187-ch00001','20200226KS7688875381187','2020-02-26',319.84,'Base room charge');
INSERT INTO PAYMENT VALUES ('20200226KS7688875381187-p00001','20200226KS7688875381187','2020-05-05','CC',32,'Lucius Liles','4746814987889754',8,2027,360,'Mastercard');
-- ------- SAMPLE 675 ----------
INSERT INTO GUEST VALUES(1675,'Randal','Rohman','RRohman@hotmail.com','1234 DaWrong Lane','Flonkerton','MD','12345','814-794-6810');
INSERT INTO RESERVATION VALUES ('20200831KS6796388525780',1675,null,'KS','2020-08-31','2020-09-03',null,'active');
INSERT INTO INVOICECHARGE VALUES ('20200831KS6796388525780-ch00001','20200831KS6796388525780','2020-08-31',319.84,'Base room charge');
INSERT INTO PAYMENT VALUES ('20200831KS6796388525780-p00001','20200831KS6796388525780','2020-05-05','CC',120,'Randal Rohman','7944443864654718',12,2027,93,'Mastercard');
-- ------- SAMPLE 676 ----------
INSERT INTO GUEST VALUES(1676,'Major','Meng','MMeng@gmail.com','1234 DaWrong Lane','Flonkerton','MD','12345','664-276-1227');
INSERT INTO RESERVATION VALUES ('20200826KJ8517390574223',1676,null,'KJ','2020-08-26','2020-08-30',null,'cancelled');
INSERT INTO INVOICECHARGE VALUES ('20200826KJ8517390574223-ch00001','20200826KJ8517390574223','2020-08-26',365.91,'Base room charge');
INSERT INTO INVOICECHARGE VALUES ('20200826KJ8517390574223-ch00002','20200826KJ8517390574223','2020-08-26',188.5,'Room Service');
INSERT INTO PAYMENT (payment_id,invoice_id,payment_date,payment_type,payment_amount) VALUES ('20200826KJ8517390574223-p00001','20200826KJ8517390574223','2020-05-05','CA',32);
-- ------- SAMPLE 677 ----------
INSERT INTO GUEST VALUES(1677,'Rosemarie','Roeser','RRoeser@gmail.com','1234 DaWrong Lane','Flonkerton','MD','12345','368-231-4278');
INSERT INTO RESERVATION VALUES ('20201009KS4421255978616',1677,null,'KS','2020-10-09','2020-10-14',null,'active');
INSERT INTO INVOICECHARGE VALUES ('20201009KS4421255978616-ch00001','20201009KS4421255978616','2020-10-09',533.07,'Base room charge');
INSERT INTO PAYMENT VALUES ('20201009KS4421255978616-p00001','20201009KS4421255978616','2020-05-05','CC',218,'Rosemarie Roeser','8111405755147379',11,2026,64,'Mastercard');
-- ------- SAMPLE 678 ----------
INSERT INTO GUEST VALUES(1678,'Buffy','Beattie','BBeattie@gmail.com','1234 DaWrong Lane','Flonkerton','MD','12345','784-218-0460');
INSERT INTO RESERVATION VALUES ('20201210QS7461200230561',1678,null,'QS','2020-12-10','2020-12-13',null,'active');
INSERT INTO INVOICECHARGE VALUES ('20201210QS7461200230561-ch00001','20201210QS7461200230561','2020-12-10',351.83,'Base room charge');
INSERT INTO PAYMENT VALUES ('20201210QS7461200230561-p00001','20201210QS7461200230561','2020-05-05','CC',351.83,'Buffy Beattie','5916761320726823',6,2026,611,'Mastercard');
-- ------- SAMPLE 679 ----------
INSERT INTO GUEST VALUES(1679,'Florentino','Feth','FFeth@gmail.com','1234 DaWrong Lane','Flonkerton','MD','12345','318-063-7552');
INSERT INTO RESERVATION VALUES ('20200910KJ7127408327261',1679,null,'KJ','2020-09-10','2020-09-15',null,'active');
-- ------- SAMPLE 680 ----------
INSERT INTO GUEST VALUES(1680,'Kathlyn','Kinser','KKinser@yahoo.com','1234 DaWrong Lane','Flonkerton','MD','12345','512-170-7115');
INSERT INTO RESERVATION VALUES ('20200924QS2144039632514',1680,null,'QS','2020-09-24','2020-09-27',null,'active');
INSERT INTO INVOICECHARGE VALUES ('20200924QS2144039632514-ch00001','20200924QS2144039632514','2020-09-24',232.21,'Base room charge');
INSERT INTO INVOICECHARGE VALUES ('20200924QS2144039632514-ch00002','20200924QS2144039632514','2020-09-24',119.62,'Cleaning fee');
INSERT INTO PAYMENT VALUES ('20200924QS2144039632514-p00001','20200924QS2144039632514','2020-05-05','CC',293,'Kathlyn Kinser','4019290887258751',4,2025,811,'Mastercard');
-- ------- SAMPLE 681 ----------
INSERT INTO GUEST VALUES(1681,'Georgianne','Guadarrama','GGuadarrama@gmail.com','1234 DaWrong Lane','Flonkerton','MD','12345','102-077-9514');
INSERT INTO RESERVATION VALUES ('20200730QD4145835013049',1681,null,'QD','2020-07-30','2020-08-02',null,'active');
INSERT INTO INVOICECHARGE VALUES ('20200730QD4145835013049-ch00001','20200730QD4145835013049','2020-07-30',287.86,'Base room charge');
INSERT INTO PAYMENT VALUES ('20200730QD4145835013049-p00001','20200730QD4145835013049','2020-05-05','CC',287.86,'Georgianne Guadarrama','8706397361405156',12,2021,151,'Mastercard');
-- ------- SAMPLE 682 ----------
INSERT INTO GUEST VALUES(1682,'Anita','Amezcua','AAmezcua@hotmail.com','1234 DaWrong Lane','Flonkerton','MD','12345','523-513-0309');
INSERT INTO RESERVATION VALUES ('20201015QS4541055896068',1682,null,'QS','2020-10-15','2020-10-17',null,'active');
-- ------- SAMPLE 683 ----------
INSERT INTO GUEST VALUES(1683,'Leanora','Locke','LLocke@yahoo.com','1234 DaWrong Lane','Flonkerton','MD','12345','137-658-2188');
INSERT INTO RESERVATION VALUES ('20201002QD6472025443006',1683,null,'QD','2020-10-02','2020-10-07',null,'active');
-- ------- SAMPLE 684 ----------
INSERT INTO GUEST VALUES(1684,'Freida','Forbis','FForbis@yahoo.com','1234 DaWrong Lane','Flonkerton','MD','12345','121-346-7503');
INSERT INTO RESERVATION VALUES ('20200912KS7380841155150',1684,null,'KS','2020-09-12','2020-09-17',null,'active');
INSERT INTO INVOICECHARGE VALUES ('20200912KS7380841155150-ch00001','20200912KS7380841155150','2020-09-12',351.83,'Base room charge');
INSERT INTO INVOICECHARGE VALUES ('20200912KS7380841155150-ch00002','20200912KS7380841155150','2020-09-12',181.24,'Room Service');
INSERT INTO PAYMENT (payment_id,invoice_id,payment_date,payment_type,payment_amount) VALUES ('20200912KS7380841155150-p00001','20200912KS7380841155150','2020-05-05','CA',533.07);
-- ------- SAMPLE 685 ----------
INSERT INTO GUEST VALUES(1685,'Missy','Mcclintock','MMcclintock@gmail.com','1234 DaWrong Lane','Flonkerton','MD','12345','780-397-5834');
INSERT INTO RESERVATION VALUES ('20191111QS8054925903638',1685,103,'QS','2019-11-11','2019-11-14',null,'complete');
INSERT INTO INVOICECHARGE VALUES ('20191111QS8054925903638-ch00001','20191111QS8054925903638','2019-11-11',232.21,'Base room charge');
INSERT INTO INVOICECHARGE VALUES ('20191111QS8054925903638-ch00002','20191111QS8054925903638','2019-11-11',119.62,'Cleaning fee');
INSERT INTO PAYMENT (payment_id,invoice_id,payment_date,payment_type,payment_amount) VALUES ('20191111QS8054925903638-p00001','20191111QS8054925903638','2020-05-05','CA',351.83);
-- ------- SAMPLE 686 ----------
INSERT INTO GUEST VALUES(1686,'Shae','Sansom','SSansom@yahoo.com','1234 DaWrong Lane','Flonkerton','MD','12345','513-476-1852');
INSERT INTO RESERVATION VALUES ('20190711QD7412418970146',1686,200,'QD','2019-07-11','2019-07-16',null,'cancelled');
-- ------- SAMPLE 687 ----------
INSERT INTO GUEST VALUES(1687,'Rick','Ritenour','RRitenour@yahoo.com','1234 DaWrong Lane','Flonkerton','MD','12345','172-691-2883');
INSERT INTO RESERVATION VALUES ('20200603KS5585874940016',1687,null,'KS','2020-06-03','2020-06-06',null,'active');
-- ------- SAMPLE 688 ----------
INSERT INTO GUEST VALUES(1688,'Shae','Sansom','SSansom@yahoo.com','1234 DaWrong Lane','Flonkerton','MD','12345','367-317-3318');
INSERT INTO RESERVATION VALUES ('20190929QS9476405201756',1688,108,'QS','2019-09-29','2019-10-04',null,'complete');
INSERT INTO INVOICECHARGE VALUES ('20190929QS9476405201756-ch00001','20190929QS9476405201756','2019-09-29',586.38,'Base room charge');
INSERT INTO PAYMENT VALUES ('20190929QS9476405201756-p00001','20190929QS9476405201756','2020-05-05','CC',586.38,'Shae Sansom','9865707435522680',3,2027,232,'Mastercard');
-- ------- SAMPLE 689 ----------
INSERT INTO GUEST VALUES(1689,'Danette','Dammann','DDammann@yahoo.com','1234 DaWrong Lane','Flonkerton','MD','12345','087-847-8687');
INSERT INTO RESERVATION VALUES ('20210120QD7995722716356',1689,null,'QD','2021-01-20','2021-01-21',null,'active');
INSERT INTO INVOICECHARGE VALUES ('20210120QD7995722716356-ch00001','20210120QD7995722716356','2021-01-20',63.33,'Base room charge');
INSERT INTO INVOICECHARGE VALUES ('20210120QD7995722716356-ch00002','20210120QD7995722716356','2021-01-20',32.62,'Room Service');
INSERT INTO PAYMENT VALUES ('20210120QD7995722716356-p00001','20210120QD7995722716356','2020-05-05','CC',95.95,'Danette Dammann','2754727541642796',10,2024,722,'Mastercard');
-- ------- SAMPLE 690 ----------
INSERT INTO GUEST VALUES(1690,'Bessie','Buhler','BBuhler@yahoo.com','1234 DaWrong Lane','Flonkerton','MD','12345','013-010-4354');
INSERT INTO RESERVATION VALUES ('20191213KJ1375546444983',1690,119,'KJ','2019-12-13','2019-12-14',null,'complete');
INSERT INTO INVOICECHARGE VALUES ('20191213KJ1375546444983-ch00001','20191213KJ1375546444983','2019-12-13',91.48,'Base room charge');
INSERT INTO INVOICECHARGE VALUES ('20191213KJ1375546444983-ch00002','20191213KJ1375546444983','2019-12-13',47.12,'Room Service');
INSERT INTO PAYMENT VALUES ('20191213KJ1375546444983-p00001','20191213KJ1375546444983','2020-05-05','CC',138.6,'Bessie Buhler','2512634461598488',7,2022,246,'Mastercard');
-- ------- SAMPLE 691 ----------
INSERT INTO GUEST VALUES(1691,'Walter','Wellington','WWellington@gmail.com','1234 DaWrong Lane','Flonkerton','MD','12345','799-946-8430');
INSERT INTO RESERVATION VALUES ('20210317QD9406727915015',1691,null,'QD','2021-03-17','2021-03-19',null,'active');
-- ------- SAMPLE 692 ----------
INSERT INTO GUEST VALUES(1692,'Danette','Dammann','DDammann@gmail.com','1234 DaWrong Lane','Flonkerton','MD','12345','803-443-3791');
INSERT INTO RESERVATION VALUES ('20210225KI5541752664149',1692,null,'KI','2021-02-25','2021-03-01',null,'active');
-- ------- SAMPLE 693 ----------
INSERT INTO GUEST VALUES(1693,'Lillia','Linen','LLinen@hotmail.com','1234 DaWrong Lane','Flonkerton','MD','12345','159-220-1005');
INSERT INTO RESERVATION VALUES ('20200207KS1663667332664',1693,102,'KS','2020-02-07','2020-02-08',null,'complete');
-- ------- SAMPLE 694 ----------
INSERT INTO GUEST VALUES(1694,'Luella','Lundstrom','LLundstrom@gmail.com','1234 DaWrong Lane','Flonkerton','MD','12345','320-803-6836');
INSERT INTO RESERVATION VALUES ('20200225KS8224260197458',1694,206,'KS','2020-02-25','2020-03-01',null,'complete');
-- ------- SAMPLE 695 ----------
INSERT INTO GUEST VALUES(1695,'Eda','Elmendorf','EElmendorf@gmail.com','1234 DaWrong Lane','Flonkerton','MD','12345','637-864-0113');
INSERT INTO RESERVATION VALUES ('20200228KJ4695580867100',1695,119,'KJ','2020-02-28','2020-03-01',null,'complete');
INSERT INTO INVOICECHARGE VALUES ('20200228KJ4695580867100-ch00001','20200228KJ4695580867100','2020-02-28',182.95,'Base room charge');
INSERT INTO INVOICECHARGE VALUES ('20200228KJ4695580867100-ch00002','20200228KJ4695580867100','2020-02-28',94.25,'Cleaning fee');
INSERT INTO PAYMENT VALUES ('20200228KJ4695580867100-p00001','20200228KJ4695580867100','2020-05-05','CC',277.2,'Eda Elmendorf','3977817168823931',5,2022,786,'Mastercard');
-- ------- SAMPLE 696 ----------
INSERT INTO GUEST VALUES(1696,'Stacie','Schupp','SSchupp@gmail.com','1234 DaWrong Lane','Flonkerton','MD','12345','320-014-0838');
INSERT INTO RESERVATION VALUES ('20191201KS9317105713876',1696,107,'KS','2019-12-01','2019-12-04',null,'complete');
-- ------- SAMPLE 697 ----------
INSERT INTO GUEST VALUES(1697,'Shera','Shorter','SShorter@yahoo.com','1234 DaWrong Lane','Flonkerton','MD','12345','593-988-3291');
INSERT INTO RESERVATION VALUES ('20190818KS8518557296324',1697,102,'KS','2019-08-18','2019-08-22',null,'complete');
INSERT INTO INVOICECHARGE VALUES ('20190818KS8518557296324-ch00001','20190818KS8518557296324','2019-08-18',281.46,'Base room charge');
INSERT INTO INVOICECHARGE VALUES ('20190818KS8518557296324-ch00002','20190818KS8518557296324','2019-08-18',145,'Room Service');
INSERT INTO PAYMENT VALUES ('20190818KS8518557296324-p00001','20190818KS8518557296324','2020-05-05','CC',189,'Shera Shorter','6936626115750485',11,2027,324,'Mastercard');
-- ------- SAMPLE 698 ----------
INSERT INTO GUEST VALUES(1698,'Shaneka','Stribling','SStribling@gmail.com','1234 DaWrong Lane','Flonkerton','MD','12345','998-409-3441');
INSERT INTO RESERVATION VALUES ('20200112QD1247253069818',1698,106,'QD','2020-01-12','2020-01-14',null,'complete');
INSERT INTO INVOICECHARGE VALUES ('20200112QD1247253069818-ch00001','20200112QD1247253069818','2020-01-12',191.9,'Base room charge');
INSERT INTO PAYMENT (payment_id,invoice_id,payment_date,payment_type,payment_amount) VALUES ('20200112QD1247253069818-p00001','20200112QD1247253069818','2020-05-05','CA',166);
-- ------- SAMPLE 699 ----------
INSERT INTO GUEST VALUES(1699,'Deangelo','Deloera','DDeloera@yahoo.com','1234 DaWrong Lane','Flonkerton','MD','12345','882-030-6388');
INSERT INTO RESERVATION VALUES ('20201212KI5469240801413',1699,null,'KI','2020-12-12','2020-12-15',null,'active');
INSERT INTO INVOICECHARGE VALUES ('20201212KI5469240801413-ch00001','20201212KI5469240801413','2020-12-12',255.87,'Base room charge');
INSERT INTO PAYMENT VALUES ('20201212KI5469240801413-p00001','20201212KI5469240801413','2020-05-05','CC',255.87,'Deangelo Deloera','9013734394558057',1,2027,463,'Mastercard');
-- ------- SAMPLE 700 ----------
INSERT INTO GUEST VALUES(1700,'Fonda','Foreman','FForeman@yahoo.com','1234 DaWrong Lane','Flonkerton','MD','12345','216-653-8092');
INSERT INTO RESERVATION VALUES ('20200419QS2722898557164',1700,207,'QS','2020-04-19','2020-04-22',null,'cancelled');
INSERT INTO INVOICECHARGE VALUES ('20200419QS2722898557164-ch00001','20200419QS2722898557164','2020-04-19',351.83,'Base room charge');
INSERT INTO PAYMENT (payment_id,invoice_id,payment_date,payment_type,payment_amount) VALUES ('20200419QS2722898557164-p00001','20200419QS2722898557164','2020-05-05','CA',347);
-- ------- SAMPLE 701 ----------
INSERT INTO GUEST VALUES(1701,'Collin','Chaparro','CChaparro@gmail.com','1234 DaWrong Lane','Flonkerton','MD','12345','781-087-7712');
INSERT INTO RESERVATION VALUES ('20190516KJ8143697949465',1701,114,'KJ','2019-05-16','2019-05-19',null,'complete');
-- ------- SAMPLE 702 ----------
INSERT INTO GUEST VALUES(1702,'Willian','Wiest','WWiest@yahoo.com','1234 DaWrong Lane','Flonkerton','MD','12345','656-900-4824');
INSERT INTO RESERVATION VALUES ('20191219KJ8170822796172',1702,208,'KJ','2019-12-19','2019-12-21',null,'complete');
INSERT INTO INVOICECHARGE VALUES ('20191219KJ8170822796172-ch00001','20191219KJ8170822796172','2019-12-19',277.2,'Base room charge');
INSERT INTO PAYMENT (payment_id,invoice_id,payment_date,payment_type,payment_amount) VALUES ('20191219KJ8170822796172-p00001','20191219KJ8170822796172','2020-05-05','CA',277.2);
-- ------- SAMPLE 703 ----------
INSERT INTO GUEST VALUES(1703,'Darrin','Drum','DDrum@gmail.com','1234 DaWrong Lane','Flonkerton','MD','12345','255-483-5677');
INSERT INTO RESERVATION VALUES ('20190731KI4380846362413',1703,110,'KI','2019-07-31','2019-08-02',null,'complete');
INSERT INTO INVOICECHARGE VALUES ('20190731KI4380846362413-ch00001','20190731KI4380846362413','2019-07-31',112.58,'Base room charge');
INSERT INTO INVOICECHARGE VALUES ('20190731KI4380846362413-ch00002','20190731KI4380846362413','2019-07-31',58,'Room Service');
INSERT INTO PAYMENT VALUES ('20190731KI4380846362413-p00001','20190731KI4380846362413','2020-05-05','CC',117,'Darrin Drum','4032969547297392',11,2027,97,'Mastercard');
-- ------- SAMPLE 704 ----------
INSERT INTO GUEST VALUES(1704,'Francie','Fairbank','FFairbank@hotmail.com','1234 DaWrong Lane','Flonkerton','MD','12345','551-498-2207');
INSERT INTO RESERVATION VALUES ('20200823QD1478765515601',1704,null,'QD','2020-08-23','2020-08-27',null,'active');
INSERT INTO INVOICECHARGE VALUES ('20200823QD1478765515601-ch00001','20200823QD1478765515601','2020-08-23',383.81,'Base room charge');
INSERT INTO PAYMENT (payment_id,invoice_id,payment_date,payment_type,payment_amount) VALUES ('20200823QD1478765515601-p00001','20200823QD1478765515601','2020-05-05','CA',383.81);
-- ------- SAMPLE 705 ----------
INSERT INTO GUEST VALUES(1705,'Julene','Jahn','JJahn@yahoo.com','1234 DaWrong Lane','Flonkerton','MD','12345','783-575-4834');
INSERT INTO RESERVATION VALUES ('20200718QD3475283498517',1705,null,'QD','2020-07-18','2020-07-19',null,'active');
INSERT INTO INVOICECHARGE VALUES ('20200718QD3475283498517-ch00001','20200718QD3475283498517','2020-07-18',63.33,'Base room charge');
INSERT INTO INVOICECHARGE VALUES ('20200718QD3475283498517-ch00002','20200718QD3475283498517','2020-07-18',32.62,'Cleaning fee');
INSERT INTO PAYMENT VALUES ('20200718QD3475283498517-p00001','20200718QD3475283498517','2020-05-05','CC',95.95,'Julene Jahn','3770590037264222',11,2027,180,'Mastercard');
-- ------- SAMPLE 706 ----------
INSERT INTO GUEST VALUES(1706,'Deandre','Defore','DDefore@gmail.com','1234 DaWrong Lane','Flonkerton','MD','12345','906-388-5910');
INSERT INTO RESERVATION VALUES ('20210303KJ1022144190603',1706,null,'KJ','2021-03-03','2021-03-05',null,'active');
INSERT INTO INVOICECHARGE VALUES ('20210303KJ1022144190603-ch00001','20210303KJ1022144190603','2021-03-03',277.2,'Base room charge');
INSERT INTO PAYMENT (payment_id,invoice_id,payment_date,payment_type,payment_amount) VALUES ('20210303KJ1022144190603-p00001','20210303KJ1022144190603','2020-05-05','CA',277.2);
-- ------- SAMPLE 707 ----------
INSERT INTO GUEST VALUES(1707,'Hanna','Hastie','HHastie@gmail.com','1234 DaWrong Lane','Flonkerton','MD','12345','511-041-3634');
INSERT INTO RESERVATION VALUES ('20201202KJ7997046474791',1707,null,'KJ','2020-12-02','2020-12-03',null,'active');
INSERT INTO INVOICECHARGE VALUES ('20201202KJ7997046474791-ch00001','20201202KJ7997046474791','2020-12-02',138.6,'Base room charge');
INSERT INTO PAYMENT (payment_id,invoice_id,payment_date,payment_type,payment_amount) VALUES ('20201202KJ7997046474791-p00001','20201202KJ7997046474791','2020-05-05','CA',49);
-- ------- SAMPLE 708 ----------
INSERT INTO GUEST VALUES(1708,'Dorian','Delbosque','DDelbosque@hotmail.com','1234 DaWrong Lane','Flonkerton','MD','12345','719-196-1629');
INSERT INTO RESERVATION VALUES ('20190519QS9471182142376',1708,202,'QS','2019-05-19','2019-05-21',null,'complete');
INSERT INTO INVOICECHARGE VALUES ('20190519QS9471182142376-ch00001','20190519QS9471182142376','2019-05-19',154.81,'Base room charge');
INSERT INTO INVOICECHARGE VALUES ('20190519QS9471182142376-ch00002','20190519QS9471182142376','2019-05-19',79.75,'Cleaning fee');
INSERT INTO PAYMENT VALUES ('20190519QS9471182142376-p00001','20190519QS9471182142376','2020-05-05','CC',234.55,'Dorian Delbosque','4333497520190990',1,2027,600,'Mastercard');
-- ------- SAMPLE 709 ----------
INSERT INTO GUEST VALUES(1709,'Shonda','Schult','SSchult@yahoo.com','1234 DaWrong Lane','Flonkerton','MD','12345','546-659-0824');
INSERT INTO RESERVATION VALUES ('20200726QS7516416294612',1709,null,'QS','2020-07-26','2020-07-27',null,'cancelled');
-- ------- SAMPLE 710 ----------
INSERT INTO GUEST VALUES(1710,'Kerstin','Khalaf','KKhalaf@hotmail.com','1234 DaWrong Lane','Flonkerton','MD','12345','462-882-9899');
INSERT INTO RESERVATION VALUES ('20210403QD9541704083236',1710,null,'QD','2021-04-03','2021-04-06',null,'cancelled');
INSERT INTO INVOICECHARGE VALUES ('20210403QD9541704083236-ch00001','20210403QD9541704083236','2021-04-03',287.86,'Base room charge');
INSERT INTO PAYMENT VALUES ('20210403QD9541704083236-p00001','20210403QD9541704083236','2020-05-05','CC',287.86,'Kerstin Khalaf','4828263252634369',7,2025,333,'Mastercard');
-- ------- SAMPLE 711 ----------
INSERT INTO GUEST VALUES(1711,'Shae','Sansom','SSansom@gmail.com','1234 DaWrong Lane','Flonkerton','MD','12345','909-896-2378');
INSERT INTO RESERVATION VALUES ('20200419KJ1079203222599',1711,208,'KJ','2020-04-19','2020-04-20',null,'complete');
-- ------- SAMPLE 712 ----------
INSERT INTO GUEST VALUES(1712,'Laraine','Lazar','LLazar@yahoo.com','1234 DaWrong Lane','Flonkerton','MD','12345','513-940-3364');
INSERT INTO RESERVATION VALUES ('20191231KI3510693296316',1712,204,'KI','2019-12-31','2020-01-04',null,'complete');
-- ------- SAMPLE 713 ----------
INSERT INTO GUEST VALUES(1713,'Natalya','Neathery','NNeathery@hotmail.com','1234 DaWrong Lane','Flonkerton','MD','12345','263-141-4745');
INSERT INTO RESERVATION VALUES ('20190925KJ1715369359062',1713,104,'KJ','2019-09-25','2019-09-27',null,'complete');
INSERT INTO INVOICECHARGE VALUES ('20190925KJ1715369359062-ch00001','20190925KJ1715369359062','2019-09-25',182.95,'Base room charge');
INSERT INTO INVOICECHARGE VALUES ('20190925KJ1715369359062-ch00002','20190925KJ1715369359062','2019-09-25',94.25,'Cleaning fee');
INSERT INTO PAYMENT VALUES ('20190925KJ1715369359062-p00001','20190925KJ1715369359062','2020-05-05','CC',32,'Natalya Neathery','6177116539230589',4,2025,466,'Mastercard');
-- ------- SAMPLE 714 ----------
INSERT INTO GUEST VALUES(1714,'Shena','Sandoz','SSandoz@hotmail.com','1234 DaWrong Lane','Flonkerton','MD','12345','830-887-0661');
INSERT INTO RESERVATION VALUES ('20200817QD5868938141736',1714,null,'QD','2020-08-17','2020-08-21',null,'active');
INSERT INTO INVOICECHARGE VALUES ('20200817QD5868938141736-ch00001','20200817QD5868938141736','2020-08-17',253.31,'Base room charge');
INSERT INTO INVOICECHARGE VALUES ('20200817QD5868938141736-ch00002','20200817QD5868938141736','2020-08-17',130.49,'Cleaning fee');
INSERT INTO PAYMENT VALUES ('20200817QD5868938141736-p00001','20200817QD5868938141736','2020-05-05','CC',93,'Shena Sandoz','5438084362228175',3,2022,929,'Mastercard');
-- ------- SAMPLE 715 ----------
INSERT INTO GUEST VALUES(1715,'Boyce','Bate','BBate@gmail.com','1234 DaWrong Lane','Flonkerton','MD','12345','818-969-8908');
INSERT INTO RESERVATION VALUES ('20200708QS3706670959157',1715,null,'QS','2020-07-08','2020-07-12',null,'active');
INSERT INTO INVOICECHARGE VALUES ('20200708QS3706670959157-ch00001','20200708QS3706670959157','2020-07-08',469.11,'Base room charge');
INSERT INTO PAYMENT (payment_id,invoice_id,payment_date,payment_type,payment_amount) VALUES ('20200708QS3706670959157-p00001','20200708QS3706670959157','2020-05-05','CA',200);
-- ------- SAMPLE 716 ----------
INSERT INTO GUEST VALUES(1716,'Fonda','Foreman','FForeman@yahoo.com','1234 DaWrong Lane','Flonkerton','MD','12345','633-579-8260');
INSERT INTO RESERVATION VALUES ('20200126KI4448567290920',1716,110,'KI','2020-01-26','2020-01-31',null,'complete');
INSERT INTO INVOICECHARGE VALUES ('20200126KI4448567290920-ch00001','20200126KI4448567290920','2020-01-26',281.45,'Base room charge');
INSERT INTO INVOICECHARGE VALUES ('20200126KI4448567290920-ch00002','20200126KI4448567290920','2020-01-26',144.99,'Cleaning fee');
INSERT INTO PAYMENT VALUES ('20200126KI4448567290920-p00001','20200126KI4448567290920','2020-05-05','CC',426.45,'Fonda Foreman','7134595094314738',12,2025,55,'Mastercard');
-- ------- SAMPLE 717 ----------
INSERT INTO GUEST VALUES(1717,'Ngan','Nalley','NNalley@gmail.com','1234 DaWrong Lane','Flonkerton','MD','12345','410-940-7482');
INSERT INTO RESERVATION VALUES ('20200101QD4522713205272',1717,111,'QD','2020-01-01','2020-01-02',null,'complete');
INSERT INTO INVOICECHARGE VALUES ('20200101QD4522713205272-ch00001','20200101QD4522713205272','2020-01-01',95.95,'Base room charge');
INSERT INTO PAYMENT VALUES ('20200101QD4522713205272-p00001','20200101QD4522713205272','2020-05-05','CC',95.95,'Ngan Nalley','2271146088631576',6,2023,872,'Mastercard');
-- ------- SAMPLE 718 ----------
INSERT INTO GUEST VALUES(1718,'Demarcus','Dearborn','DDearborn@yahoo.com','1234 DaWrong Lane','Flonkerton','MD','12345','221-154-4162');
INSERT INTO RESERVATION VALUES ('20200516KI4115990630129',1718,null,'KI','2020-05-16','2020-05-21',null,'active');
INSERT INTO INVOICECHARGE VALUES ('20200516KI4115990630129-ch00001','20200516KI4115990630129','2020-05-16',426.45,'Base room charge');
INSERT INTO PAYMENT (payment_id,invoice_id,payment_date,payment_type,payment_amount) VALUES ('20200516KI4115990630129-p00001','20200516KI4115990630129','2020-05-05','CA',426.45);
-- ------- SAMPLE 719 ----------
INSERT INTO GUEST VALUES(1719,'Jeanene','Jacobo','JJacobo@gmail.com','1234 DaWrong Lane','Flonkerton','MD','12345','042-515-1902');
INSERT INTO RESERVATION VALUES ('20210301QD8302098905969',1719,null,'QD','2021-03-01','2021-03-04',null,'active');
-- ------- SAMPLE 720 ----------
INSERT INTO GUEST VALUES(1720,'Delsie','Delong','DDelong@yahoo.com','1234 DaWrong Lane','Flonkerton','MD','12345','474-784-6218');
INSERT INTO RESERVATION VALUES ('20190909KI7067510320133',1720,105,'KI','2019-09-09','2019-09-10',null,'complete');
INSERT INTO INVOICECHARGE VALUES ('20190909KI7067510320133-ch00001','20190909KI7067510320133','2019-09-09',56.29,'Base room charge');
INSERT INTO INVOICECHARGE VALUES ('20190909KI7067510320133-ch00002','20190909KI7067510320133','2019-09-09',29,'Room Service');
INSERT INTO PAYMENT VALUES ('20190909KI7067510320133-p00001','20190909KI7067510320133','2020-05-05','CC',85.29,'Delsie Delong','4795635556323644',9,2026,268,'Mastercard');
-- ------- SAMPLE 721 ----------
INSERT INTO GUEST VALUES(1721,'Tomika','Teran','TTeran@gmail.com','1234 DaWrong Lane','Flonkerton','MD','12345','340-346-4450');
INSERT INTO RESERVATION VALUES ('20200811KS8651623350355',1721,null,'KS','2020-08-11','2020-08-16',null,'active');
INSERT INTO INVOICECHARGE VALUES ('20200811KS8651623350355-ch00001','20200811KS8651623350355','2020-08-11',533.07,'Base room charge');
INSERT INTO PAYMENT (payment_id,invoice_id,payment_date,payment_type,payment_amount) VALUES ('20200811KS8651623350355-p00001','20200811KS8651623350355','2020-05-05','CA',533.07);
-- ------- SAMPLE 722 ----------
INSERT INTO GUEST VALUES(1722,'Katerine','Kawakami','KKawakami@yahoo.com','1234 DaWrong Lane','Flonkerton','MD','12345','461-004-9505');
INSERT INTO RESERVATION VALUES ('20201116KS9216818790897',1722,null,'KS','2020-11-16','2020-11-18',null,'active');
INSERT INTO INVOICECHARGE VALUES ('20201116KS9216818790897-ch00001','20201116KS9216818790897','2020-11-16',140.73,'Base room charge');
INSERT INTO INVOICECHARGE VALUES ('20201116KS9216818790897-ch00002','20201116KS9216818790897','2020-11-16',72.5,'Cleaning fee');
INSERT INTO PAYMENT VALUES ('20201116KS9216818790897-p00001','20201116KS9216818790897','2020-05-05','CC',13,'Katerine Kawakami','3523961348599658',7,2023,809,'Mastercard');
-- ------- SAMPLE 723 ----------
INSERT INTO GUEST VALUES(1723,'Anita','Amezcua','AAmezcua@hotmail.com','1234 DaWrong Lane','Flonkerton','MD','12345','279-360-1607');
INSERT INTO RESERVATION VALUES ('20190629QD2368259522189',1723,106,'QD','2019-06-29','2019-07-01',null,'complete');
INSERT INTO INVOICECHARGE VALUES ('20190629QD2368259522189-ch00001','20190629QD2368259522189','2019-06-29',126.66,'Base room charge');
INSERT INTO INVOICECHARGE VALUES ('20190629QD2368259522189-ch00002','20190629QD2368259522189','2019-06-29',65.25,'Cleaning fee');
INSERT INTO PAYMENT VALUES ('20190629QD2368259522189-p00001','20190629QD2368259522189','2020-05-05','CC',191.9,'Anita Amezcua','3578425892463962',1,2022,609,'Mastercard');
-- ------- SAMPLE 724 ----------
INSERT INTO GUEST VALUES(1724,'Christine','Ciampa','CCiampa@gmail.com','1234 DaWrong Lane','Flonkerton','MD','12345','093-389-2870');
INSERT INTO RESERVATION VALUES ('20201210QD7328399917432',1724,null,'QD','2020-12-10','2020-12-12',null,'active');
-- ------- SAMPLE 725 ----------
INSERT INTO GUEST VALUES(1725,'Liliana','Lueck','LLueck@hotmail.com','1234 DaWrong Lane','Flonkerton','MD','12345','112-118-3801');
INSERT INTO RESERVATION VALUES ('20200612QD1702685612247',1725,null,'QD','2020-06-12','2020-06-16',null,'active');
INSERT INTO INVOICECHARGE VALUES ('20200612QD1702685612247-ch00001','20200612QD1702685612247','2020-06-12',383.81,'Base room charge');
INSERT INTO PAYMENT VALUES ('20200612QD1702685612247-p00001','20200612QD1702685612247','2020-05-05','CC',383.81,'Liliana Lueck','1390534296655877',12,2021,689,'Mastercard');
-- ------- SAMPLE 726 ----------
INSERT INTO GUEST VALUES(1726,'Ella','Evanoff','EEvanoff@gmail.com','1234 DaWrong Lane','Flonkerton','MD','12345','129-430-0016');
INSERT INTO RESERVATION VALUES ('20200218KI1883823131450',1726,120,'KI','2020-02-18','2020-02-22',null,'complete');
INSERT INTO INVOICECHARGE VALUES ('20200218KI1883823131450-ch00001','20200218KI1883823131450','2020-02-18',341.16,'Base room charge');
INSERT INTO PAYMENT VALUES ('20200218KI1883823131450-p00001','20200218KI1883823131450','2020-05-05','CC',341.16,'Ella Evanoff','4628661591878245',1,2021,209,'Mastercard');
-- ------- SAMPLE 727 ----------
INSERT INTO GUEST VALUES(1727,'Daron','Dycus','DDycus@hotmail.com','1234 DaWrong Lane','Flonkerton','MD','12345','100-064-9245');
INSERT INTO RESERVATION VALUES ('20190907KJ7910909746223',1727,119,'KJ','2019-09-07','2019-09-11',null,'complete');
INSERT INTO INVOICECHARGE VALUES ('20190907KJ7910909746223-ch00001','20190907KJ7910909746223','2019-09-07',554.41,'Base room charge');
INSERT INTO PAYMENT (payment_id,invoice_id,payment_date,payment_type,payment_amount) VALUES ('20190907KJ7910909746223-p00001','20190907KJ7910909746223','2020-05-05','CA',554.41);
-- ------- SAMPLE 728 ----------
INSERT INTO GUEST VALUES(1728,'Leanora','Locke','LLocke@hotmail.com','1234 DaWrong Lane','Flonkerton','MD','12345','749-507-0949');
INSERT INTO RESERVATION VALUES ('20200310KS4519262879752',1728,102,'KS','2020-03-10','2020-03-15',null,'complete');
INSERT INTO INVOICECHARGE VALUES ('20200310KS4519262879752-ch00001','20200310KS4519262879752','2020-03-10',533.07,'Base room charge');
INSERT INTO PAYMENT VALUES ('20200310KS4519262879752-p00001','20200310KS4519262879752','2020-05-05','CC',533.07,'Leanora Locke','5046431731488050',3,2024,909,'Mastercard');
-- ------- SAMPLE 729 ----------
INSERT INTO GUEST VALUES(1729,'Reita','Rudder','RRudder@gmail.com','1234 DaWrong Lane','Flonkerton','MD','12345','257-386-4915');
INSERT INTO RESERVATION VALUES ('20200413KS7528598219003',1729,107,'KS','2020-04-13','2020-04-15',null,'complete');
INSERT INTO INVOICECHARGE VALUES ('20200413KS7528598219003-ch00001','20200413KS7528598219003','2020-04-13',140.73,'Base room charge');
INSERT INTO INVOICECHARGE VALUES ('20200413KS7528598219003-ch00002','20200413KS7528598219003','2020-04-13',72.5,'Room Service');
INSERT INTO PAYMENT VALUES ('20200413KS7528598219003-p00001','20200413KS7528598219003','2020-05-05','CC',51,'Reita Rudder','8677122544634966',1,2026,702,'Mastercard');
-- ------- SAMPLE 730 ----------
INSERT INTO GUEST VALUES(1730,'Serafina','Singh','SSingh@gmail.com','1234 DaWrong Lane','Flonkerton','MD','12345','531-425-2207');
INSERT INTO RESERVATION VALUES ('20200113QD9212244249207',1730,200,'QD','2020-01-13','2020-01-16',null,'complete');
INSERT INTO INVOICECHARGE VALUES ('20200113QD9212244249207-ch00001','20200113QD9212244249207','2020-01-13',189.98,'Base room charge');
INSERT INTO INVOICECHARGE VALUES ('20200113QD9212244249207-ch00002','20200113QD9212244249207','2020-01-13',97.87,'Room Service');
INSERT INTO PAYMENT VALUES ('20200113QD9212244249207-p00001','20200113QD9212244249207','2020-05-05','CC',2,'Serafina Singh','3061072950629116',4,2023,213,'Mastercard');
-- ------- SAMPLE 731 ----------
INSERT INTO GUEST VALUES(1731,'Hedwig','Hinz','HHinz@yahoo.com','1234 DaWrong Lane','Flonkerton','MD','12345','946-051-4102');
INSERT INTO RESERVATION VALUES ('20201116KI4505007881903',1731,null,'KI','2020-11-16','2020-11-20',null,'cancelled');
INSERT INTO INVOICECHARGE VALUES ('20201116KI4505007881903-ch00001','20201116KI4505007881903','2020-11-16',225.16,'Base room charge');
INSERT INTO INVOICECHARGE VALUES ('20201116KI4505007881903-ch00002','20201116KI4505007881903','2020-11-16',115.99,'Cleaning fee');
INSERT INTO PAYMENT VALUES ('20201116KI4505007881903-p00001','20201116KI4505007881903','2020-05-05','CC',341.16,'Hedwig Hinz','1693717026592708',11,2024,763,'Mastercard');
-- ------- SAMPLE 732 ----------
INSERT INTO GUEST VALUES(1732,'Floy','Feinstein','FFeinstein@hotmail.com','1234 DaWrong Lane','Flonkerton','MD','12345','348-665-2294');
INSERT INTO RESERVATION VALUES ('20201203QD9727045686763',1732,null,'QD','2020-12-03','2020-12-04',null,'cancelled');
INSERT INTO INVOICECHARGE VALUES ('20201203QD9727045686763-ch00001','20201203QD9727045686763','2020-12-03',63.33,'Base room charge');
INSERT INTO INVOICECHARGE VALUES ('20201203QD9727045686763-ch00002','20201203QD9727045686763','2020-12-03',32.62,'Room Service');
INSERT INTO PAYMENT VALUES ('20201203QD9727045686763-p00001','20201203QD9727045686763','2020-05-05','CC',59,'Floy Feinstein','6004971926030388',12,2021,432,'Mastercard');
-- ------- SAMPLE 733 ----------
INSERT INTO GUEST VALUES(1733,'Deandra','Dimauro','DDimauro@gmail.com','1234 DaWrong Lane','Flonkerton','MD','12345','786-941-8984');
INSERT INTO RESERVATION VALUES ('20210401KJ8936001014995',1733,null,'KJ','2021-04-01','2021-04-06',null,'active');
INSERT INTO INVOICECHARGE VALUES ('20210401KJ8936001014995-ch00001','20210401KJ8936001014995','2021-04-01',457.39,'Base room charge');
INSERT INTO INVOICECHARGE VALUES ('20210401KJ8936001014995-ch00002','20210401KJ8936001014995','2021-04-01',235.62,'Cleaning fee');
INSERT INTO PAYMENT VALUES ('20210401KJ8936001014995-p00001','20210401KJ8936001014995','2020-05-05','CC',693.01,'Deandra Dimauro','3098845821318970',3,2021,916,'Mastercard');
-- ------- SAMPLE 734 ----------
INSERT INTO GUEST VALUES(1734,'Mandi','Mcwain','MMcwain@gmail.com','1234 DaWrong Lane','Flonkerton','MD','12345','607-668-1467');
INSERT INTO RESERVATION VALUES ('20190619KI1575100226262',1734,120,'KI','2019-06-19','2019-06-23',null,'complete');
INSERT INTO INVOICECHARGE VALUES ('20190619KI1575100226262-ch00001','20190619KI1575100226262','2019-06-19',225.16,'Base room charge');
INSERT INTO INVOICECHARGE VALUES ('20190619KI1575100226262-ch00002','20190619KI1575100226262','2019-06-19',115.99,'Room Service');
INSERT INTO PAYMENT VALUES ('20190619KI1575100226262-p00001','20190619KI1575100226262','2020-05-05','CC',341.16,'Mandi Mcwain','9983667157032643',12,2024,347,'Mastercard');
-- ------- SAMPLE 735 ----------
INSERT INTO GUEST VALUES(1735,'Kasey','Kipp','KKipp@yahoo.com','1234 DaWrong Lane','Flonkerton','MD','12345','589-242-1273');
INSERT INTO RESERVATION VALUES ('20191224QS4561006382204',1735,113,'QS','2019-12-24','2019-12-29',null,'complete');
INSERT INTO INVOICECHARGE VALUES ('20191224QS4561006382204-ch00001','20191224QS4561006382204','2019-12-24',586.38,'Base room charge');
INSERT INTO PAYMENT VALUES ('20191224QS4561006382204-p00001','20191224QS4561006382204','2020-05-05','CC',586.38,'Kasey Kipp','9464341365557740',11,2023,68,'Mastercard');
-- ------- SAMPLE 736 ----------
INSERT INTO GUEST VALUES(1736,'Tomika','Teran','TTeran@hotmail.com','1234 DaWrong Lane','Flonkerton','MD','12345','262-456-4728');
INSERT INTO RESERVATION VALUES ('20190511KJ9135866387567',1736,208,'KJ','2019-05-11','2019-05-13',null,'complete');
INSERT INTO INVOICECHARGE VALUES ('20190511KJ9135866387567-ch00001','20190511KJ9135866387567','2019-05-11',182.95,'Base room charge');
INSERT INTO INVOICECHARGE VALUES ('20190511KJ9135866387567-ch00002','20190511KJ9135866387567','2019-05-11',94.25,'Cleaning fee');
INSERT INTO PAYMENT (payment_id,invoice_id,payment_date,payment_type,payment_amount) VALUES ('20190511KJ9135866387567-p00001','20190511KJ9135866387567','2020-05-05','CA',277.2);
-- ------- SAMPLE 737 ----------
INSERT INTO GUEST VALUES(1737,'Deandre','Defore','DDefore@hotmail.com','1234 DaWrong Lane','Flonkerton','MD','12345','812-976-6383');
INSERT INTO RESERVATION VALUES ('20210123KI2512636064315',1737,null,'KI','2021-01-23','2021-01-28',null,'active');
INSERT INTO INVOICECHARGE VALUES ('20210123KI2512636064315-ch00001','20210123KI2512636064315','2021-01-23',281.45,'Base room charge');
INSERT INTO INVOICECHARGE VALUES ('20210123KI2512636064315-ch00002','20210123KI2512636064315','2021-01-23',144.99,'Room Service');
INSERT INTO PAYMENT VALUES ('20210123KI2512636064315-p00001','20210123KI2512636064315','2020-05-05','CC',426.45,'Deandre Defore','1308122257543396',11,2023,867,'Mastercard');
-- ------- SAMPLE 738 ----------
INSERT INTO GUEST VALUES(1738,'Marcelino','Meisner','MMeisner@gmail.com','1234 DaWrong Lane','Flonkerton','MD','12345','621-729-8482');
INSERT INTO RESERVATION VALUES ('20200117QD7688720040140',1738,205,'QD','2020-01-17','2020-01-20',null,'complete');
INSERT INTO INVOICECHARGE VALUES ('20200117QD7688720040140-ch00001','20200117QD7688720040140','2020-01-17',287.86,'Base room charge');
INSERT INTO PAYMENT (payment_id,invoice_id,payment_date,payment_type,payment_amount) VALUES ('20200117QD7688720040140-p00001','20200117QD7688720040140','2020-05-05','CA',287.86);
-- ------- SAMPLE 739 ----------
INSERT INTO GUEST VALUES(1739,'Asa','Allan','AAllan@yahoo.com','1234 DaWrong Lane','Flonkerton','MD','12345','047-038-1805');
INSERT INTO RESERVATION VALUES ('20190530QS8994489840984',1739,202,'QS','2019-05-30','2019-06-03',null,'complete');
-- ------- SAMPLE 740 ----------
INSERT INTO GUEST VALUES(1740,'Missy','Mcclintock','MMcclintock@gmail.com','1234 DaWrong Lane','Flonkerton','MD','12345','564-176-9801');
INSERT INTO RESERVATION VALUES ('20190725KI1401367877626',1740,204,'KI','2019-07-25','2019-07-30',null,'complete');
INSERT INTO INVOICECHARGE VALUES ('20190725KI1401367877626-ch00001','20190725KI1401367877626','2019-07-25',426.45,'Base room charge');
INSERT INTO PAYMENT VALUES ('20190725KI1401367877626-p00001','20190725KI1401367877626','2020-05-05','CC',426.45,'Missy Mcclintock','8123183524669259',1,2026,176,'Mastercard');
-- ------- SAMPLE 741 ----------
INSERT INTO GUEST VALUES(1741,'Ginger','Gordillo','GGordillo@gmail.com','1234 DaWrong Lane','Flonkerton','MD','12345','618-172-0813');
INSERT INTO RESERVATION VALUES ('20190609KJ6667371414676',1741,203,'KJ','2019-06-09','2019-06-14',null,'cancelled');
-- ------- SAMPLE 742 ----------
INSERT INTO GUEST VALUES(1742,'Natalya','Neathery','NNeathery@yahoo.com','1234 DaWrong Lane','Flonkerton','MD','12345','626-975-9765');
INSERT INTO RESERVATION VALUES ('20190629KS1071748134005',1742,117,'KS','2019-06-29','2019-07-01',null,'complete');
-- ------- SAMPLE 743 ----------
INSERT INTO GUEST VALUES(1743,'Ceola','Carasco','CCarasco@yahoo.com','1234 DaWrong Lane','Flonkerton','MD','12345','498-614-9095');
INSERT INTO RESERVATION VALUES ('20191203KS8549935579760',1743,201,'KS','2019-12-03','2019-12-05',null,'cancelled');
INSERT INTO INVOICECHARGE VALUES ('20191203KS8549935579760-ch00001','20191203KS8549935579760','2019-12-03',213.23,'Base room charge');
INSERT INTO PAYMENT VALUES ('20191203KS8549935579760-p00001','20191203KS8549935579760','2020-05-05','CC',187,'Ceola Carasco','4862579849466229',3,2024,521,'Mastercard');
-- ------- SAMPLE 744 ----------
INSERT INTO GUEST VALUES(1744,'Adrianna','Aungst','AAungst@yahoo.com','1234 DaWrong Lane','Flonkerton','MD','12345','257-171-7352');
INSERT INTO RESERVATION VALUES ('20201203KS5969427998034',1744,null,'KS','2020-12-03','2020-12-04',null,'active');
INSERT INTO INVOICECHARGE VALUES ('20201203KS5969427998034-ch00001','20201203KS5969427998034','2020-12-03',106.61,'Base room charge');
INSERT INTO PAYMENT (payment_id,invoice_id,payment_date,payment_type,payment_amount) VALUES ('20201203KS5969427998034-p00001','20201203KS5969427998034','2020-05-05','CA',106.61);
-- ------- SAMPLE 745 ----------
INSERT INTO GUEST VALUES(1745,'Irma','Irby','IIrby@yahoo.com','1234 DaWrong Lane','Flonkerton','MD','12345','879-425-0410');
INSERT INTO RESERVATION VALUES ('20191215QS1912894442915',1745,207,'QS','2019-12-15','2019-12-17',null,'complete');
INSERT INTO INVOICECHARGE VALUES ('20191215QS1912894442915-ch00001','20191215QS1912894442915','2019-12-15',154.81,'Base room charge');
INSERT INTO INVOICECHARGE VALUES ('20191215QS1912894442915-ch00002','20191215QS1912894442915','2019-12-15',79.75,'Room Service');
INSERT INTO PAYMENT (payment_id,invoice_id,payment_date,payment_type,payment_amount) VALUES ('20191215QS1912894442915-p00001','20191215QS1912894442915','2020-05-05','CA',158);
-- ------- SAMPLE 746 ----------
INSERT INTO GUEST VALUES(1746,'Shad','Sitler','SSitler@gmail.com','1234 DaWrong Lane','Flonkerton','MD','12345','287-936-8224');
INSERT INTO RESERVATION VALUES ('20190520KI7770287585305',1746,115,'KI','2019-05-20','2019-05-22',null,'complete');
INSERT INTO INVOICECHARGE VALUES ('20190520KI7770287585305-ch00001','20190520KI7770287585305','2019-05-20',170.58,'Base room charge');
INSERT INTO PAYMENT VALUES ('20190520KI7770287585305-p00001','20190520KI7770287585305','2020-05-05','CC',170.58,'Shad Sitler','2604193629489279',2,2025,126,'Mastercard');
-- ------- SAMPLE 747 ----------
INSERT INTO GUEST VALUES(1747,'Rose','Royall','RRoyall@hotmail.com','1234 DaWrong Lane','Flonkerton','MD','12345','946-076-5248');
INSERT INTO RESERVATION VALUES ('20190616KJ1219086180002',1747,203,'KJ','2019-06-16','2019-06-19',null,'complete');
INSERT INTO INVOICECHARGE VALUES ('20190616KJ1219086180002-ch00001','20190616KJ1219086180002','2019-06-16',274.43,'Base room charge');
INSERT INTO INVOICECHARGE VALUES ('20190616KJ1219086180002-ch00002','20190616KJ1219086180002','2019-06-16',141.37,'Cleaning fee');
INSERT INTO PAYMENT VALUES ('20190616KJ1219086180002-p00001','20190616KJ1219086180002','2020-05-05','CC',415.81,'Rose Royall','8492674331176636',11,2026,998,'Mastercard');
-- ------- SAMPLE 748 ----------
INSERT INTO GUEST VALUES(1748,'Ginger','Gordillo','GGordillo@yahoo.com','1234 DaWrong Lane','Flonkerton','MD','12345','376-720-7523');
INSERT INTO RESERVATION VALUES ('20210309QS7817162818498',1748,null,'QS','2021-03-09','2021-03-14',null,'active');
INSERT INTO INVOICECHARGE VALUES ('20210309QS7817162818498-ch00001','20210309QS7817162818498','2021-03-09',469.11,'Base room charge');
INSERT INTO PAYMENT VALUES ('20210309QS7817162818498-p00001','20210309QS7817162818498','2020-05-05','CC',469.11,'Ginger Gordillo','8601584624500642',4,2022,684,'Mastercard');
-- ------- SAMPLE 749 ----------
INSERT INTO GUEST VALUES(1749,'Katerine','Kawakami','KKawakami@gmail.com','1234 DaWrong Lane','Flonkerton','MD','12345','525-864-0428');
INSERT INTO RESERVATION VALUES ('20190510QS4392813571880',1749,108,'QS','2019-05-10','2019-05-11',null,'complete');
INSERT INTO INVOICECHARGE VALUES ('20190510QS4392813571880-ch00001','20190510QS4392813571880','2019-05-10',77.4,'Base room charge');
INSERT INTO INVOICECHARGE VALUES ('20190510QS4392813571880-ch00002','20190510QS4392813571880','2019-05-10',39.87,'Cleaning fee');
INSERT INTO PAYMENT VALUES ('20190510QS4392813571880-p00001','20190510QS4392813571880','2020-05-05','CC',117.28,'Katerine Kawakami','4049752520417727',3,2027,108,'Mastercard');
-- ------- SAMPLE 750 ----------
INSERT INTO GUEST VALUES(1750,'Mandi','Mcwain','MMcwain@gmail.com','1234 DaWrong Lane','Flonkerton','MD','12345','030-780-3474');
INSERT INTO RESERVATION VALUES ('20201101QS4962372199197',1750,null,'QS','2020-11-01','2020-11-04',null,'active');
-- ------- SAMPLE 751 ----------
INSERT INTO GUEST VALUES(1751,'Dewey','Dye','DDye@yahoo.com','1234 DaWrong Lane','Flonkerton','MD','12345','855-432-3612');
INSERT INTO RESERVATION VALUES ('20190618KJ9001777558993',1751,208,'KJ','2019-06-18','2019-06-22',null,'complete');
INSERT INTO INVOICECHARGE VALUES ('20190618KJ9001777558993-ch00001','20190618KJ9001777558993','2019-06-18',365.91,'Base room charge');
INSERT INTO INVOICECHARGE VALUES ('20190618KJ9001777558993-ch00002','20190618KJ9001777558993','2019-06-18',188.5,'Cleaning fee');
INSERT INTO PAYMENT VALUES ('20190618KJ9001777558993-p00001','20190618KJ9001777558993','2020-05-05','CC',554.41,'Dewey Dye','3183676663066637',9,2022,58,'Mastercard');
-- ------- SAMPLE 752 ----------
INSERT INTO GUEST VALUES(1752,'Lillia','Linen','LLinen@hotmail.com','1234 DaWrong Lane','Flonkerton','MD','12345','931-432-3288');
INSERT INTO RESERVATION VALUES ('20200217QD5791580730750',1752,106,'QD','2020-02-17','2020-02-19',null,'complete');
INSERT INTO INVOICECHARGE VALUES ('20200217QD5791580730750-ch00001','20200217QD5791580730750','2020-02-17',126.66,'Base room charge');
INSERT INTO INVOICECHARGE VALUES ('20200217QD5791580730750-ch00002','20200217QD5791580730750','2020-02-17',65.25,'Cleaning fee');
INSERT INTO PAYMENT VALUES ('20200217QD5791580730750-p00001','20200217QD5791580730750','2020-05-05','CC',6,'Lillia Linen','5389610990363083',11,2026,407,'Mastercard');
-- ------- SAMPLE 753 ----------
INSERT INTO GUEST VALUES(1753,'Shonda','Schult','SSchult@gmail.com','1234 DaWrong Lane','Flonkerton','MD','12345','439-577-3864');
INSERT INTO RESERVATION VALUES ('20200714QD5276883458142',1753,null,'QD','2020-07-14','2020-07-15',null,'active');
-- ------- SAMPLE 754 ----------
INSERT INTO GUEST VALUES(1754,'Christine','Ciampa','CCiampa@yahoo.com','1234 DaWrong Lane','Flonkerton','MD','12345','203-587-5978');
INSERT INTO RESERVATION VALUES ('20190823KJ3354513959809',1754,203,'KJ','2019-08-23','2019-08-28',null,'complete');
INSERT INTO INVOICECHARGE VALUES ('20190823KJ3354513959809-ch00001','20190823KJ3354513959809','2019-08-23',457.39,'Base room charge');
INSERT INTO INVOICECHARGE VALUES ('20190823KJ3354513959809-ch00002','20190823KJ3354513959809','2019-08-23',235.62,'Room Service');
INSERT INTO PAYMENT VALUES ('20190823KJ3354513959809-p00001','20190823KJ3354513959809','2020-05-05','CC',693.01,'Christine Ciampa','9877701889404468',5,2022,683,'Mastercard');
-- ------- SAMPLE 755 ----------
INSERT INTO GUEST VALUES(1755,'Kasey','Kipp','KKipp@yahoo.com','1234 DaWrong Lane','Flonkerton','MD','12345','542-946-8963');
INSERT INTO RESERVATION VALUES ('20190727QD3010952866859',1755,111,'QD','2019-07-27','2019-07-29',null,'complete');
INSERT INTO INVOICECHARGE VALUES ('20190727QD3010952866859-ch00001','20190727QD3010952866859','2019-07-27',191.9,'Base room charge');
INSERT INTO PAYMENT (payment_id,invoice_id,payment_date,payment_type,payment_amount) VALUES ('20190727QD3010952866859-p00001','20190727QD3010952866859','2020-05-05','CA',191.9);
-- ------- SAMPLE 756 ----------
INSERT INTO GUEST VALUES(1756,'Maryann','Mccutcheon','MMccutcheon@yahoo.com','1234 DaWrong Lane','Flonkerton','MD','12345','821-492-7975');
INSERT INTO RESERVATION VALUES ('20210303QS1916211279835',1756,null,'QS','2021-03-03','2021-03-05',null,'active');
INSERT INTO INVOICECHARGE VALUES ('20210303QS1916211279835-ch00001','20210303QS1916211279835','2021-03-03',154.81,'Base room charge');
INSERT INTO INVOICECHARGE VALUES ('20210303QS1916211279835-ch00002','20210303QS1916211279835','2021-03-03',79.75,'Room Service');
INSERT INTO PAYMENT VALUES ('20210303QS1916211279835-p00001','20210303QS1916211279835','2020-05-05','CC',23,'Maryann Mccutcheon','8224578472851039',12,2024,11,'Mastercard');
-- ------- SAMPLE 757 ----------
INSERT INTO GUEST VALUES(1757,'Piedad','Proctor','PProctor@yahoo.com','1234 DaWrong Lane','Flonkerton','MD','12345','751-413-6599');
INSERT INTO RESERVATION VALUES ('20200621KS4155717693322',1757,null,'KS','2020-06-21','2020-06-26',null,'active');
INSERT INTO INVOICECHARGE VALUES ('20200621KS4155717693322-ch00001','20200621KS4155717693322','2020-06-21',351.83,'Base room charge');
INSERT INTO INVOICECHARGE VALUES ('20200621KS4155717693322-ch00002','20200621KS4155717693322','2020-06-21',181.24,'Room Service');
INSERT INTO PAYMENT VALUES ('20200621KS4155717693322-p00001','20200621KS4155717693322','2020-05-05','CC',101,'Piedad Proctor','3126173664848166',11,2023,177,'Mastercard');
-- ------- SAMPLE 758 ----------
INSERT INTO GUEST VALUES(1758,'Theodora','Trickey','TTrickey@yahoo.com','1234 DaWrong Lane','Flonkerton','MD','12345','672-094-3831');
INSERT INTO RESERVATION VALUES ('20191211KI3812222672136',1758,209,'KI','2019-12-11','2019-12-12',null,'complete');
-- ------- SAMPLE 759 ----------
INSERT INTO GUEST VALUES(1759,'Deandra','Dimauro','DDimauro@gmail.com','1234 DaWrong Lane','Flonkerton','MD','12345','936-220-1227');
INSERT INTO RESERVATION VALUES ('20200220KS2196073405517',1759,201,'KS','2020-02-20','2020-02-25',null,'complete');
-- ------- SAMPLE 760 ----------
INSERT INTO GUEST VALUES(1760,'Dewey','Dye','DDye@hotmail.com','1234 DaWrong Lane','Flonkerton','MD','12345','456-084-2525');
INSERT INTO RESERVATION VALUES ('20191028KI8625761886312',1760,110,'KI','2019-10-28','2019-10-29',null,'complete');
-- ------- SAMPLE 761 ----------
INSERT INTO GUEST VALUES(1761,'Keturah','Kagawa','KKagawa@yahoo.com','1234 DaWrong Lane','Flonkerton','MD','12345','752-844-4270');
INSERT INTO RESERVATION VALUES ('20210127KS6765909863095',1761,null,'KS','2021-01-27','2021-01-28',null,'cancelled');
INSERT INTO INVOICECHARGE VALUES ('20210127KS6765909863095-ch00001','20210127KS6765909863095','2021-01-27',106.61,'Base room charge');
INSERT INTO PAYMENT VALUES ('20210127KS6765909863095-p00001','20210127KS6765909863095','2020-05-05','CC',106.61,'Keturah Kagawa','3589672632879925',2,2022,753,'Mastercard');
-- ------- SAMPLE 762 ----------
INSERT INTO GUEST VALUES(1762,'Raven','Rybicki','RRybicki@gmail.com','1234 DaWrong Lane','Flonkerton','MD','12345','984-109-0823');
INSERT INTO RESERVATION VALUES ('20200426QD2797018297382',1762,205,'QD','2020-04-26','2020-04-28',null,'complete');
INSERT INTO INVOICECHARGE VALUES ('20200426QD2797018297382-ch00001','20200426QD2797018297382','2020-04-26',126.66,'Base room charge');
INSERT INTO INVOICECHARGE VALUES ('20200426QD2797018297382-ch00002','20200426QD2797018297382','2020-04-26',65.25,'Room Service');
INSERT INTO PAYMENT (payment_id,invoice_id,payment_date,payment_type,payment_amount) VALUES ('20200426QD2797018297382-p00001','20200426QD2797018297382','2020-05-05','CA',191.9);
-- ------- SAMPLE 763 ----------
INSERT INTO GUEST VALUES(1763,'Missy','Mcclintock','MMcclintock@yahoo.com','1234 DaWrong Lane','Flonkerton','MD','12345','793-164-2378');
INSERT INTO RESERVATION VALUES ('20200910KJ8636893513929',1763,null,'KJ','2020-09-10','2020-09-15',null,'active');
INSERT INTO INVOICECHARGE VALUES ('20200910KJ8636893513929-ch00001','20200910KJ8636893513929','2020-09-10',693.01,'Base room charge');
INSERT INTO PAYMENT (payment_id,invoice_id,payment_date,payment_type,payment_amount) VALUES ('20200910KJ8636893513929-p00001','20200910KJ8636893513929','2020-05-05','CA',693.01);
-- ------- SAMPLE 764 ----------
INSERT INTO GUEST VALUES(1764,'Lorean','Loden','LLoden@yahoo.com','1234 DaWrong Lane','Flonkerton','MD','12345','142-464-0698');
INSERT INTO RESERVATION VALUES ('20191127KJ6122129120620',1764,119,'KJ','2019-11-27','2019-12-02',null,'cancelled');
INSERT INTO INVOICECHARGE VALUES ('20191127KJ6122129120620-ch00001','20191127KJ6122129120620','2019-11-27',693.01,'Base room charge');
INSERT INTO PAYMENT VALUES ('20191127KJ6122129120620-p00001','20191127KJ6122129120620','2020-05-05','CC',693.01,'Lorean Loden','3170006897880491',9,2025,536,'Mastercard');
-- ------- SAMPLE 765 ----------
INSERT INTO GUEST VALUES(1765,'Stan','Schnell','SSchnell@hotmail.com','1234 DaWrong Lane','Flonkerton','MD','12345','365-799-2948');
INSERT INTO RESERVATION VALUES ('20201219KI6003689610679',1765,null,'KI','2020-12-19','2020-12-24',null,'active');
INSERT INTO INVOICECHARGE VALUES ('20201219KI6003689610679-ch00001','20201219KI6003689610679','2020-12-19',281.45,'Base room charge');
INSERT INTO INVOICECHARGE VALUES ('20201219KI6003689610679-ch00002','20201219KI6003689610679','2020-12-19',144.99,'Cleaning fee');
INSERT INTO PAYMENT VALUES ('20201219KI6003689610679-p00001','20201219KI6003689610679','2020-05-05','CC',426.45,'Stan Schnell','1608728712955799',8,2021,697,'Mastercard');
-- ------- SAMPLE 766 ----------
INSERT INTO GUEST VALUES(1766,'Tai','Tookes','TTookes@hotmail.com','1234 DaWrong Lane','Flonkerton','MD','12345','484-273-5464');
INSERT INTO RESERVATION VALUES ('20200706KI5535913814956',1766,null,'KI','2020-07-06','2020-07-07',null,'active');
INSERT INTO INVOICECHARGE VALUES ('20200706KI5535913814956-ch00001','20200706KI5535913814956','2020-07-06',85.29,'Base room charge');
INSERT INTO PAYMENT VALUES ('20200706KI5535913814956-p00001','20200706KI5535913814956','2020-05-05','CC',59,'Tai Tookes','2728486883239021',11,2023,896,'Mastercard');
-- ------- SAMPLE 767 ----------
INSERT INTO GUEST VALUES(1767,'Laraine','Lazar','LLazar@gmail.com','1234 DaWrong Lane','Flonkerton','MD','12345','505-757-4504');
INSERT INTO RESERVATION VALUES ('20200127QD2046140786394',1767,200,'QD','2020-01-27','2020-01-30',null,'complete');
-- ------- SAMPLE 768 ----------
INSERT INTO GUEST VALUES(1768,'Heather','Hartin','HHartin@hotmail.com','1234 DaWrong Lane','Flonkerton','MD','12345','979-290-5003');
INSERT INTO RESERVATION VALUES ('20200915KJ2990863258817',1768,null,'KJ','2020-09-15','2020-09-20',null,'active');
INSERT INTO INVOICECHARGE VALUES ('20200915KJ2990863258817-ch00001','20200915KJ2990863258817','2020-09-15',693.01,'Base room charge');
INSERT INTO PAYMENT VALUES ('20200915KJ2990863258817-p00001','20200915KJ2990863258817','2020-05-05','CC',693.01,'Heather Hartin','3981849115563225',5,2021,465,'Mastercard');
-- ------- SAMPLE 769 ----------
INSERT INTO GUEST VALUES(1769,'Tomika','Teran','TTeran@yahoo.com','1234 DaWrong Lane','Flonkerton','MD','12345','438-925-9006');
INSERT INTO RESERVATION VALUES ('20200906QD1097259008455',1769,null,'QD','2020-09-06','2020-09-09',null,'active');
INSERT INTO INVOICECHARGE VALUES ('20200906QD1097259008455-ch00001','20200906QD1097259008455','2020-09-06',287.86,'Base room charge');
INSERT INTO PAYMENT VALUES ('20200906QD1097259008455-p00001','20200906QD1097259008455','2020-05-05','CC',287.86,'Tomika Teran','2434941880876011',11,2022,974,'Mastercard');
-- ------- SAMPLE 770 ----------
INSERT INTO GUEST VALUES(1770,'Fiona','Figgs','FFiggs@gmail.com','1234 DaWrong Lane','Flonkerton','MD','12345','839-666-0617');
INSERT INTO RESERVATION VALUES ('20210115KJ1175254665802',1770,null,'KJ','2021-01-15','2021-01-20',null,'active');
-- ------- SAMPLE 771 ----------
INSERT INTO GUEST VALUES(1771,'Daron','Dycus','DDycus@hotmail.com','1234 DaWrong Lane','Flonkerton','MD','12345','245-766-5626');
INSERT INTO RESERVATION VALUES ('20190622QS3835183550382',1771,207,'QS','2019-06-22','2019-06-27',null,'complete');
INSERT INTO INVOICECHARGE VALUES ('20190622QS3835183550382-ch00001','20190622QS3835183550382','2019-06-22',387.01,'Base room charge');
INSERT INTO INVOICECHARGE VALUES ('20190622QS3835183550382-ch00002','20190622QS3835183550382','2019-06-22',199.37,'Cleaning fee');
INSERT INTO PAYMENT VALUES ('20190622QS3835183550382-p00001','20190622QS3835183550382','2020-05-05','CC',205,'Daron Dycus','3035383601803883',2,2026,175,'Mastercard');
-- ------- SAMPLE 772 ----------
INSERT INTO GUEST VALUES(1772,'Daron','Dycus','DDycus@hotmail.com','1234 DaWrong Lane','Flonkerton','MD','12345','024-977-9872');
INSERT INTO RESERVATION VALUES ('20210210KS6219887251799',1772,null,'KS','2021-02-10','2021-02-13',null,'active');
INSERT INTO INVOICECHARGE VALUES ('20210210KS6219887251799-ch00001','20210210KS6219887251799','2021-02-10',211.1,'Base room charge');
INSERT INTO INVOICECHARGE VALUES ('20210210KS6219887251799-ch00002','20210210KS6219887251799','2021-02-10',108.75,'Room Service');
INSERT INTO PAYMENT VALUES ('20210210KS6219887251799-p00001','20210210KS6219887251799','2020-05-05','CC',319.84,'Daron Dycus','1776425616718858',6,2023,383,'Mastercard');
-- ------- SAMPLE 773 ----------
INSERT INTO GUEST VALUES(1773,'Leonore','Losh','LLosh@gmail.com','1234 DaWrong Lane','Flonkerton','MD','12345','385-593-5589');
INSERT INTO RESERVATION VALUES ('20200330KS5767989606809',1773,102,'KS','2020-03-30','2020-04-01',null,'complete');
INSERT INTO INVOICECHARGE VALUES ('20200330KS5767989606809-ch00001','20200330KS5767989606809','2020-03-30',140.73,'Base room charge');
INSERT INTO INVOICECHARGE VALUES ('20200330KS5767989606809-ch00002','20200330KS5767989606809','2020-03-30',72.5,'Room Service');
INSERT INTO PAYMENT VALUES ('20200330KS5767989606809-p00001','20200330KS5767989606809','2020-05-05','CC',213.23,'Leonore Losh','3455569336480316',11,2025,218,'Mastercard');
-- ------- SAMPLE 774 ----------
INSERT INTO GUEST VALUES(1774,'Shandi','Scharf','SScharf@gmail.com','1234 DaWrong Lane','Flonkerton','MD','12345','237-225-1464');
INSERT INTO RESERVATION VALUES ('20200623QS2185921875669',1774,null,'QS','2020-06-23','2020-06-27',null,'active');
INSERT INTO INVOICECHARGE VALUES ('20200623QS2185921875669-ch00001','20200623QS2185921875669','2020-06-23',469.11,'Base room charge');
INSERT INTO PAYMENT VALUES ('20200623QS2185921875669-p00001','20200623QS2185921875669','2020-05-05','CC',469.11,'Shandi Scharf','9976484738929648',10,2021,372,'Mastercard');
-- ------- SAMPLE 775 ----------
INSERT INTO GUEST VALUES(1775,'Boyce','Bate','BBate@gmail.com','1234 DaWrong Lane','Flonkerton','MD','12345','278-600-8647');
INSERT INTO RESERVATION VALUES ('20190825KS8423177829763',1775,206,'KS','2019-08-25','2019-08-29',null,'complete');
-- ------- SAMPLE 776 ----------
INSERT INTO GUEST VALUES(1776,'Natalya','Neathery','NNeathery@gmail.com','1234 DaWrong Lane','Flonkerton','MD','12345','832-510-3974');
INSERT INTO RESERVATION VALUES ('20201025KI5512712993222',1776,null,'KI','2020-10-25','2020-10-29',null,'active');
INSERT INTO INVOICECHARGE VALUES ('20201025KI5512712993222-ch00001','20201025KI5512712993222','2020-10-25',225.16,'Base room charge');
INSERT INTO INVOICECHARGE VALUES ('20201025KI5512712993222-ch00002','20201025KI5512712993222','2020-10-25',115.99,'Room Service');
INSERT INTO PAYMENT VALUES ('20201025KI5512712993222-p00001','20201025KI5512712993222','2020-05-05','CC',341.16,'Natalya Neathery','3980109648358266',9,2021,629,'Mastercard');
-- ------- SAMPLE 777 ----------
INSERT INTO GUEST VALUES(1777,'Rossana','Running','RRunning@yahoo.com','1234 DaWrong Lane','Flonkerton','MD','12345','301-042-8558');
INSERT INTO RESERVATION VALUES ('20200918QS2197073673354',1777,null,'QS','2020-09-18','2020-09-19',null,'active');
INSERT INTO INVOICECHARGE VALUES ('20200918QS2197073673354-ch00001','20200918QS2197073673354','2020-09-18',117.28,'Base room charge');
INSERT INTO PAYMENT VALUES ('20200918QS2197073673354-p00001','20200918QS2197073673354','2020-05-05','CC',117.28,'Rossana Running','1000013207324570',8,2024,156,'Mastercard');
-- ------- SAMPLE 778 ----------
INSERT INTO GUEST VALUES(1778,'Theodora','Trickey','TTrickey@yahoo.com','1234 DaWrong Lane','Flonkerton','MD','12345','086-238-6117');
INSERT INTO RESERVATION VALUES ('20200905KI1938979274393',1778,null,'KI','2020-09-05','2020-09-06',null,'active');
-- ------- SAMPLE 779 ----------
INSERT INTO GUEST VALUES(1779,'Natalya','Neathery','NNeathery@yahoo.com','1234 DaWrong Lane','Flonkerton','MD','12345','655-412-0197');
INSERT INTO RESERVATION VALUES ('20191122KJ4914182397012',1779,109,'KJ','2019-11-22','2019-11-24',null,'complete');
-- ------- SAMPLE 780 ----------
INSERT INTO GUEST VALUES(1780,'Malia','Molden','MMolden@gmail.com','1234 DaWrong Lane','Flonkerton','MD','12345','886-258-4348');
INSERT INTO RESERVATION VALUES ('20210221QD3029537487618',1780,null,'QD','2021-02-21','2021-02-24',null,'active');
INSERT INTO INVOICECHARGE VALUES ('20210221QD3029537487618-ch00001','20210221QD3029537487618','2021-02-21',189.98,'Base room charge');
INSERT INTO INVOICECHARGE VALUES ('20210221QD3029537487618-ch00002','20210221QD3029537487618','2021-02-21',97.87,'Cleaning fee');
INSERT INTO PAYMENT VALUES ('20210221QD3029537487618-p00001','20210221QD3029537487618','2020-05-05','CC',179,'Malia Molden','9415822423085814',2,2026,710,'Mastercard');
-- ------- SAMPLE 781 ----------
INSERT INTO GUEST VALUES(1781,'Missy','Mcclintock','MMcclintock@gmail.com','1234 DaWrong Lane','Flonkerton','MD','12345','103-280-2784');
INSERT INTO RESERVATION VALUES ('20200927KS1620868242214',1781,null,'KS','2020-09-27','2020-09-29',null,'active');
INSERT INTO INVOICECHARGE VALUES ('20200927KS1620868242214-ch00001','20200927KS1620868242214','2020-09-27',213.23,'Base room charge');
INSERT INTO PAYMENT VALUES ('20200927KS1620868242214-p00001','20200927KS1620868242214','2020-05-05','CC',213.23,'Missy Mcclintock','3392091193998767',5,2027,770,'Mastercard');
-- ------- SAMPLE 782 ----------
INSERT INTO GUEST VALUES(1782,'Shawn','Stefanski','SStefanski@yahoo.com','1234 DaWrong Lane','Flonkerton','MD','12345','663-059-6525');
INSERT INTO RESERVATION VALUES ('20200210KI9429715723873',1782,209,'KI','2020-02-10','2020-02-11',null,'complete');
INSERT INTO INVOICECHARGE VALUES ('20200210KI9429715723873-ch00001','20200210KI9429715723873','2020-02-10',56.29,'Base room charge');
INSERT INTO INVOICECHARGE VALUES ('20200210KI9429715723873-ch00002','20200210KI9429715723873','2020-02-10',29,'Cleaning fee');
INSERT INTO PAYMENT VALUES ('20200210KI9429715723873-p00001','20200210KI9429715723873','2020-05-05','CC',85.29,'Shawn Stefanski','5695108980812505',5,2023,940,'Mastercard');
-- ------- SAMPLE 783 ----------
INSERT INTO GUEST VALUES(1783,'Clara','Crimmins','CCrimmins@gmail.com','1234 DaWrong Lane','Flonkerton','MD','12345','787-817-2668');
INSERT INTO RESERVATION VALUES ('20200206QD4087151753978',1783,116,'QD','2020-02-06','2020-02-07',null,'complete');
INSERT INTO INVOICECHARGE VALUES ('20200206QD4087151753978-ch00001','20200206QD4087151753978','2020-02-06',95.95,'Base room charge');
INSERT INTO PAYMENT VALUES ('20200206QD4087151753978-p00001','20200206QD4087151753978','2020-05-05','CC',16,'Clara Crimmins','1518547919559065',7,2022,779,'Mastercard');
-- ------- SAMPLE 784 ----------
INSERT INTO GUEST VALUES(1784,'Kerstin','Khalaf','KKhalaf@gmail.com','1234 DaWrong Lane','Flonkerton','MD','12345','196-021-9169');
INSERT INTO RESERVATION VALUES ('20201122KI4976521842396',1784,null,'KI','2020-11-22','2020-11-27',null,'active');
INSERT INTO INVOICECHARGE VALUES ('20201122KI4976521842396-ch00001','20201122KI4976521842396','2020-11-22',281.45,'Base room charge');
INSERT INTO INVOICECHARGE VALUES ('20201122KI4976521842396-ch00002','20201122KI4976521842396','2020-11-22',144.99,'Cleaning fee');
INSERT INTO PAYMENT VALUES ('20201122KI4976521842396-p00001','20201122KI4976521842396','2020-05-05','CC',426.45,'Kerstin Khalaf','3908673090873353',5,2022,134,'Mastercard');
-- ------- SAMPLE 785 ----------
INSERT INTO GUEST VALUES(1785,'Mario','Macdowell','MMacdowell@yahoo.com','1234 DaWrong Lane','Flonkerton','MD','12345','761-965-6321');
INSERT INTO RESERVATION VALUES ('20201205QS5139157995958',1785,null,'QS','2020-12-05','2020-12-09',null,'active');
INSERT INTO INVOICECHARGE VALUES ('20201205QS5139157995958-ch00001','20201205QS5139157995958','2020-12-05',309.61,'Base room charge');
INSERT INTO INVOICECHARGE VALUES ('20201205QS5139157995958-ch00002','20201205QS5139157995958','2020-12-05',159.5,'Cleaning fee');
INSERT INTO PAYMENT (payment_id,invoice_id,payment_date,payment_type,payment_amount) VALUES ('20201205QS5139157995958-p00001','20201205QS5139157995958','2020-05-05','CA',469.11);
-- ------- SAMPLE 786 ----------
INSERT INTO GUEST VALUES(1786,'Ella','Evanoff','EEvanoff@yahoo.com','1234 DaWrong Lane','Flonkerton','MD','12345','553-294-3118');
INSERT INTO RESERVATION VALUES ('20210110KS9940635350689',1786,null,'KS','2021-01-10','2021-01-14',null,'active');
-- ------- SAMPLE 787 ----------
INSERT INTO GUEST VALUES(1787,'Lynda','Linda','LLinda@hotmail.com','1234 DaWrong Lane','Flonkerton','MD','12345','140-337-3569');
INSERT INTO RESERVATION VALUES ('20200226QD2112994194186',1787,116,'QD','2020-02-26','2020-02-27',null,'complete');
INSERT INTO INVOICECHARGE VALUES ('20200226QD2112994194186-ch00001','20200226QD2112994194186','2020-02-26',63.33,'Base room charge');
INSERT INTO INVOICECHARGE VALUES ('20200226QD2112994194186-ch00002','20200226QD2112994194186','2020-02-26',32.62,'Cleaning fee');
INSERT INTO PAYMENT VALUES ('20200226QD2112994194186-p00001','20200226QD2112994194186','2020-05-05','CC',95.95,'Lynda Linda','1248100262809108',3,2023,173,'Mastercard');
-- ------- SAMPLE 788 ----------
INSERT INTO GUEST VALUES(1788,'Shaneka','Stribling','SStribling@yahoo.com','1234 DaWrong Lane','Flonkerton','MD','12345','012-343-9475');
INSERT INTO RESERVATION VALUES ('20190824KS6635906867904',1788,117,'KS','2019-08-24','2019-08-26',null,'complete');
INSERT INTO INVOICECHARGE VALUES ('20190824KS6635906867904-ch00001','20190824KS6635906867904','2019-08-24',140.73,'Base room charge');
INSERT INTO INVOICECHARGE VALUES ('20190824KS6635906867904-ch00002','20190824KS6635906867904','2019-08-24',72.5,'Room Service');
INSERT INTO PAYMENT (payment_id,invoice_id,payment_date,payment_type,payment_amount) VALUES ('20190824KS6635906867904-p00001','20190824KS6635906867904','2020-05-05','CA',213.23);
-- ------- SAMPLE 789 ----------
INSERT INTO GUEST VALUES(1789,'Buford','Biddy','BBiddy@yahoo.com','1234 DaWrong Lane','Flonkerton','MD','12345','093-808-5016');
INSERT INTO RESERVATION VALUES ('20200424QS2514355665891',1789,108,'QS','2020-04-24','2020-04-29',null,'cancelled');
INSERT INTO INVOICECHARGE VALUES ('20200424QS2514355665891-ch00001','20200424QS2514355665891','2020-04-24',586.38,'Base room charge');
INSERT INTO PAYMENT VALUES ('20200424QS2514355665891-p00001','20200424QS2514355665891','2020-05-05','CC',586.38,'Buford Biddy','4716110143812541',8,2024,852,'Mastercard');
-- ------- SAMPLE 790 ----------
INSERT INTO GUEST VALUES(1790,'Kerstin','Khalaf','KKhalaf@gmail.com','1234 DaWrong Lane','Flonkerton','MD','12345','262-697-2664');
INSERT INTO RESERVATION VALUES ('20200101QD2978917996886',1790,111,'QD','2020-01-01','2020-01-06',null,'complete');
INSERT INTO INVOICECHARGE VALUES ('20200101QD2978917996886-ch00001','20200101QD2978917996886','2020-01-01',316.64,'Base room charge');
INSERT INTO INVOICECHARGE VALUES ('20200101QD2978917996886-ch00002','20200101QD2978917996886','2020-01-01',163.12,'Room Service');
INSERT INTO PAYMENT (payment_id,invoice_id,payment_date,payment_type,payment_amount) VALUES ('20200101QD2978917996886-p00001','20200101QD2978917996886','2020-05-05','CA',479.76);
-- ------- SAMPLE 791 ----------
INSERT INTO GUEST VALUES(1791,'Romelia','Rigdon','RRigdon@hotmail.com','1234 DaWrong Lane','Flonkerton','MD','12345','988-076-2859');
INSERT INTO RESERVATION VALUES ('20210112KJ6985207571746',1791,null,'KJ','2021-01-12','2021-01-16',null,'active');
INSERT INTO INVOICECHARGE VALUES ('20210112KJ6985207571746-ch00001','20210112KJ6985207571746','2021-01-12',554.41,'Base room charge');
INSERT INTO PAYMENT VALUES ('20210112KJ6985207571746-p00001','20210112KJ6985207571746','2020-05-05','CC',554.41,'Romelia Rigdon','6446171042873461',6,2025,462,'Mastercard');
-- ------- SAMPLE 792 ----------
INSERT INTO GUEST VALUES(1792,'Raisa','Romito','RRomito@hotmail.com','1234 DaWrong Lane','Flonkerton','MD','12345','970-097-5377');
INSERT INTO RESERVATION VALUES ('20191204KJ6357704371322',1792,114,'KJ','2019-12-04','2019-12-06',null,'complete');
-- ------- SAMPLE 793 ----------
INSERT INTO GUEST VALUES(1793,'Danette','Dammann','DDammann@hotmail.com','1234 DaWrong Lane','Flonkerton','MD','12345','382-675-9755');
INSERT INTO RESERVATION VALUES ('20200201KS5394672344167',1793,112,'KS','2020-02-01','2020-02-02',null,'complete');
-- ------- SAMPLE 794 ----------
INSERT INTO GUEST VALUES(1794,'James','Janey','JJaney@hotmail.com','1234 DaWrong Lane','Flonkerton','MD','12345','602-341-5401');
INSERT INTO RESERVATION VALUES ('20210115KI3460505672659',1794,null,'KI','2021-01-15','2021-01-18',null,'cancelled');
INSERT INTO INVOICECHARGE VALUES ('20210115KI3460505672659-ch00001','20210115KI3460505672659','2021-01-15',255.87,'Base room charge');
INSERT INTO PAYMENT VALUES ('20210115KI3460505672659-p00001','20210115KI3460505672659','2020-05-05','CC',255.87,'James Janey','3418344119338635',9,2024,89,'Mastercard');
-- ------- SAMPLE 795 ----------
INSERT INTO GUEST VALUES(1795,'Luella','Lundstrom','LLundstrom@gmail.com','1234 DaWrong Lane','Flonkerton','MD','12345','166-979-7729');
INSERT INTO RESERVATION VALUES ('20210321KI8012553846334',1795,null,'KI','2021-03-21','2021-03-23',null,'active');
INSERT INTO INVOICECHARGE VALUES ('20210321KI8012553846334-ch00001','20210321KI8012553846334','2021-03-21',170.58,'Base room charge');
INSERT INTO PAYMENT VALUES ('20210321KI8012553846334-p00001','20210321KI8012553846334','2020-05-05','CC',170.58,'Luella Lundstrom','2037889620536537',7,2021,212,'Mastercard');
-- ------- SAMPLE 796 ----------
INSERT INTO GUEST VALUES(1796,'Shawn','Stefanski','SStefanski@gmail.com','1234 DaWrong Lane','Flonkerton','MD','12345','447-572-3225');
INSERT INTO RESERVATION VALUES ('20200724QD4904202963406',1796,null,'QD','2020-07-24','2020-07-28',null,'active');
INSERT INTO INVOICECHARGE VALUES ('20200724QD4904202963406-ch00001','20200724QD4904202963406','2020-07-24',383.81,'Base room charge');
INSERT INTO PAYMENT VALUES ('20200724QD4904202963406-p00001','20200724QD4904202963406','2020-05-05','CC',383.81,'Shawn Stefanski','2570818295974733',11,2025,801,'Mastercard');
-- ------- SAMPLE 797 ----------
INSERT INTO GUEST VALUES(1797,'Tai','Tookes','TTookes@yahoo.com','1234 DaWrong Lane','Flonkerton','MD','12345','758-045-4369');
INSERT INTO RESERVATION VALUES ('20190827KI2735954527763',1797,105,'KI','2019-08-27','2019-08-28',null,'complete');
INSERT INTO INVOICECHARGE VALUES ('20190827KI2735954527763-ch00001','20190827KI2735954527763','2019-08-27',85.29,'Base room charge');
INSERT INTO PAYMENT (payment_id,invoice_id,payment_date,payment_type,payment_amount) VALUES ('20190827KI2735954527763-p00001','20190827KI2735954527763','2020-05-05','CA',71);
-- ------- SAMPLE 798 ----------
INSERT INTO GUEST VALUES(1798,'Keturah','Kagawa','KKagawa@yahoo.com','1234 DaWrong Lane','Flonkerton','MD','12345','399-658-4784');
INSERT INTO RESERVATION VALUES ('20200615KJ6663274643775',1798,null,'KJ','2020-06-15','2020-06-18',null,'active');
INSERT INTO INVOICECHARGE VALUES ('20200615KJ6663274643775-ch00001','20200615KJ6663274643775','2020-06-15',415.81,'Base room charge');
INSERT INTO PAYMENT VALUES ('20200615KJ6663274643775-p00001','20200615KJ6663274643775','2020-05-05','CC',415.81,'Keturah Kagawa','5559591900172110',3,2023,536,'Mastercard');
-- ------- SAMPLE 799 ----------
INSERT INTO GUEST VALUES(1799,'Hedwig','Hinz','HHinz@gmail.com','1234 DaWrong Lane','Flonkerton','MD','12345','564-613-9193');
INSERT INTO RESERVATION VALUES ('20200716QS6228198624444',1799,null,'QS','2020-07-16','2020-07-18',null,'active');
INSERT INTO INVOICECHARGE VALUES ('20200716QS6228198624444-ch00001','20200716QS6228198624444','2020-07-16',154.81,'Base room charge');
INSERT INTO INVOICECHARGE VALUES ('20200716QS6228198624444-ch00002','20200716QS6228198624444','2020-07-16',79.75,'Cleaning fee');
INSERT INTO PAYMENT VALUES ('20200716QS6228198624444-p00001','20200716QS6228198624444','2020-05-05','CC',120,'Hedwig Hinz','1090343409761784',8,2024,78,'Mastercard');
-- ------- SAMPLE 800 ----------
INSERT INTO GUEST VALUES(1800,'Tanner','Tomasello','TTomasello@hotmail.com','1234 DaWrong Lane','Flonkerton','MD','12345','622-281-0825');
INSERT INTO RESERVATION VALUES ('20201212QS3640479457139',1800,null,'QS','2020-12-12','2020-12-14',null,'cancelled');
-- ------- SAMPLE 801 ----------
INSERT INTO GUEST VALUES(1801,'Florentino','Feth','FFeth@yahoo.com','1234 DaWrong Lane','Flonkerton','MD','12345','656-295-8096');
INSERT INTO RESERVATION VALUES ('20190802KI3617698725374',1801,115,'KI','2019-08-02','2019-08-07',null,'complete');
INSERT INTO INVOICECHARGE VALUES ('20190802KI3617698725374-ch00001','20190802KI3617698725374','2019-08-02',281.45,'Base room charge');
INSERT INTO INVOICECHARGE VALUES ('20190802KI3617698725374-ch00002','20190802KI3617698725374','2019-08-02',144.99,'Room Service');
INSERT INTO PAYMENT VALUES ('20190802KI3617698725374-p00001','20190802KI3617698725374','2020-05-05','CC',426.45,'Florentino Feth','9196776725334493',4,2022,292,'Mastercard');
-- ------- SAMPLE 802 ----------
INSERT INTO GUEST VALUES(1802,'Luella','Lundstrom','LLundstrom@yahoo.com','1234 DaWrong Lane','Flonkerton','MD','12345','880-367-7466');
INSERT INTO RESERVATION VALUES ('20201219KS4827825230039',1802,null,'KS','2020-12-19','2020-12-22',null,'active');
-- ------- SAMPLE 803 ----------
INSERT INTO GUEST VALUES(1803,'Ceola','Carasco','CCarasco@hotmail.com','1234 DaWrong Lane','Flonkerton','MD','12345','506-500-2617');
INSERT INTO RESERVATION VALUES ('20190625KI9103731436444',1803,110,'KI','2019-06-25','2019-06-27',null,'complete');
-- ------- SAMPLE 804 ----------
INSERT INTO GUEST VALUES(1804,'Theodora','Trickey','TTrickey@hotmail.com','1234 DaWrong Lane','Flonkerton','MD','12345','666-006-3169');
INSERT INTO RESERVATION VALUES ('20190720KJ5760119890703',1804,208,'KJ','2019-07-20','2019-07-25',null,'complete');
INSERT INTO INVOICECHARGE VALUES ('20190720KJ5760119890703-ch00001','20190720KJ5760119890703','2019-07-20',457.39,'Base room charge');
INSERT INTO INVOICECHARGE VALUES ('20190720KJ5760119890703-ch00002','20190720KJ5760119890703','2019-07-20',235.62,'Room Service');
INSERT INTO PAYMENT VALUES ('20190720KJ5760119890703-p00001','20190720KJ5760119890703','2020-05-05','CC',532,'Theodora Trickey','5815102290845173',1,2021,184,'Mastercard');
-- ------- SAMPLE 805 ----------
INSERT INTO GUEST VALUES(1805,'Buford','Biddy','BBiddy@gmail.com','1234 DaWrong Lane','Flonkerton','MD','12345','350-411-0687');
INSERT INTO RESERVATION VALUES ('20200623KI2216523649107',1805,null,'KI','2020-06-23','2020-06-27',null,'active');
-- ------- SAMPLE 806 ----------
INSERT INTO GUEST VALUES(1806,'Kerstin','Khalaf','KKhalaf@yahoo.com','1234 DaWrong Lane','Flonkerton','MD','12345','566-015-3399');
INSERT INTO RESERVATION VALUES ('20201220QS8403275870028',1806,null,'QS','2020-12-20','2020-12-23',null,'active');
INSERT INTO INVOICECHARGE VALUES ('20201220QS8403275870028-ch00001','20201220QS8403275870028','2020-12-20',351.83,'Base room charge');
INSERT INTO PAYMENT (payment_id,invoice_id,payment_date,payment_type,payment_amount) VALUES ('20201220QS8403275870028-p00001','20201220QS8403275870028','2020-05-05','CA',351.83);
-- ------- SAMPLE 807 ----------
INSERT INTO GUEST VALUES(1807,'Shonda','Schult','SSchult@gmail.com','1234 DaWrong Lane','Flonkerton','MD','12345','329-071-1193');
INSERT INTO RESERVATION VALUES ('20210411KI7076239321865',1807,null,'KI','2021-04-11','2021-04-14',null,'active');
-- ------- SAMPLE 808 ----------
INSERT INTO GUEST VALUES(1808,'Major','Meng','MMeng@gmail.com','1234 DaWrong Lane','Flonkerton','MD','12345','021-174-6254');
INSERT INTO RESERVATION VALUES ('20210314KJ9187435885619',1808,null,'KJ','2021-03-14','2021-03-15',null,'cancelled');
-- ------- SAMPLE 809 ----------
INSERT INTO GUEST VALUES(1809,'Melony','Mcmartin','MMcmartin@hotmail.com','1234 DaWrong Lane','Flonkerton','MD','12345','882-119-0469');
INSERT INTO RESERVATION VALUES ('20191019KS7659301287109',1809,206,'KS','2019-10-19','2019-10-20',null,'complete');
INSERT INTO INVOICECHARGE VALUES ('20191019KS7659301287109-ch00001','20191019KS7659301287109','2019-10-19',70.37,'Base room charge');
INSERT INTO INVOICECHARGE VALUES ('20191019KS7659301287109-ch00002','20191019KS7659301287109','2019-10-19',36.25,'Room Service');
INSERT INTO PAYMENT VALUES ('20191019KS7659301287109-p00001','20191019KS7659301287109','2020-05-05','CC',106.61,'Melony Mcmartin','8127406487095487',9,2026,568,'Mastercard');
-- ------- SAMPLE 810 ----------
INSERT INTO GUEST VALUES(1810,'Shera','Shorter','SShorter@yahoo.com','1234 DaWrong Lane','Flonkerton','MD','12345','668-809-6309');
INSERT INTO RESERVATION VALUES ('20200921KJ5969804826768',1810,null,'KJ','2020-09-21','2020-09-26',null,'active');
INSERT INTO INVOICECHARGE VALUES ('20200921KJ5969804826768-ch00001','20200921KJ5969804826768','2020-09-21',457.39,'Base room charge');
INSERT INTO INVOICECHARGE VALUES ('20200921KJ5969804826768-ch00002','20200921KJ5969804826768','2020-09-21',235.62,'Cleaning fee');
INSERT INTO PAYMENT VALUES ('20200921KJ5969804826768-p00001','20200921KJ5969804826768','2020-05-05','CC',693.01,'Shera Shorter','8292126671431175',4,2024,171,'Mastercard');
-- ------- SAMPLE 811 ----------
INSERT INTO GUEST VALUES(1811,'Walter','Wellington','WWellington@yahoo.com','1234 DaWrong Lane','Flonkerton','MD','12345','252-104-9822');
INSERT INTO RESERVATION VALUES ('20200526QD2891647003258',1811,null,'QD','2020-05-26','2020-05-29',null,'active');
INSERT INTO INVOICECHARGE VALUES ('20200526QD2891647003258-ch00001','20200526QD2891647003258','2020-05-26',189.98,'Base room charge');
INSERT INTO INVOICECHARGE VALUES ('20200526QD2891647003258-ch00002','20200526QD2891647003258','2020-05-26',97.87,'Cleaning fee');
INSERT INTO PAYMENT VALUES ('20200526QD2891647003258-p00001','20200526QD2891647003258','2020-05-05','CC',287.86,'Walter Wellington','7001249085831308',10,2022,821,'Mastercard');
-- ------- SAMPLE 812 ----------
INSERT INTO GUEST VALUES(1812,'Ginger','Gordillo','GGordillo@hotmail.com','1234 DaWrong Lane','Flonkerton','MD','12345','962-840-0592');
INSERT INTO RESERVATION VALUES ('20190601KI8884994352919',1812,115,'KI','2019-06-01','2019-06-04',null,'complete');
INSERT INTO INVOICECHARGE VALUES ('20190601KI8884994352919-ch00001','20190601KI8884994352919','2019-06-01',255.87,'Base room charge');
INSERT INTO PAYMENT VALUES ('20190601KI8884994352919-p00001','20190601KI8884994352919','2020-05-05','CC',255.87,'Ginger Gordillo','9606406306969808',11,2021,963,'Mastercard');
-- ------- SAMPLE 813 ----------
INSERT INTO GUEST VALUES(1813,'Abram','Adolph','AAdolph@yahoo.com','1234 DaWrong Lane','Flonkerton','MD','12345','272-285-0679');
INSERT INTO RESERVATION VALUES ('20200607KI2150079938624',1813,null,'KI','2020-06-07','2020-06-09',null,'active');
INSERT INTO INVOICECHARGE VALUES ('20200607KI2150079938624-ch00001','20200607KI2150079938624','2020-06-07',170.58,'Base room charge');
INSERT INTO PAYMENT VALUES ('20200607KI2150079938624-p00001','20200607KI2150079938624','2020-05-05','CC',170.58,'Abram Adolph','4206577018362546',2,2025,914,'Mastercard');
-- ------- SAMPLE 814 ----------
INSERT INTO GUEST VALUES(1814,'Shad','Sitler','SSitler@hotmail.com','1234 DaWrong Lane','Flonkerton','MD','12345','174-182-7202');
INSERT INTO RESERVATION VALUES ('20190603KI2272356623262',1814,209,'KI','2019-06-03','2019-06-08',null,'complete');
INSERT INTO INVOICECHARGE VALUES ('20190603KI2272356623262-ch00001','20190603KI2272356623262','2019-06-03',426.45,'Base room charge');
INSERT INTO PAYMENT VALUES ('20190603KI2272356623262-p00001','20190603KI2272356623262','2020-05-05','CC',426.45,'Shad Sitler','7951228049772422',3,2027,462,'Mastercard');
-- ------- SAMPLE 815 ----------
INSERT INTO GUEST VALUES(1815,'Dorian','Delbosque','DDelbosque@hotmail.com','1234 DaWrong Lane','Flonkerton','MD','12345','965-927-7678');
INSERT INTO RESERVATION VALUES ('20190906QS2572687197173',1815,103,'QS','2019-09-06','2019-09-09',null,'complete');
INSERT INTO INVOICECHARGE VALUES ('20190906QS2572687197173-ch00001','20190906QS2572687197173','2019-09-06',351.83,'Base room charge');
INSERT INTO PAYMENT VALUES ('20190906QS2572687197173-p00001','20190906QS2572687197173','2020-05-05','CC',152,'Dorian Delbosque','6647171746892831',12,2025,13,'Mastercard');
-- ------- SAMPLE 816 ----------
INSERT INTO GUEST VALUES(1816,'Buford','Biddy','BBiddy@yahoo.com','1234 DaWrong Lane','Flonkerton','MD','12345','058-622-6756');
INSERT INTO RESERVATION VALUES ('20191018KI9364481712327',1816,209,'KI','2019-10-18','2019-10-19',null,'complete');
-- ------- SAMPLE 817 ----------
INSERT INTO GUEST VALUES(1817,'Missy','Mcclintock','MMcclintock@gmail.com','1234 DaWrong Lane','Flonkerton','MD','12345','954-149-6092');
INSERT INTO RESERVATION VALUES ('20190621KJ4691711466922',1817,208,'KJ','2019-06-21','2019-06-22',null,'complete');
-- ------- SAMPLE 818 ----------
INSERT INTO GUEST VALUES(1818,'Hanna','Hastie','HHastie@yahoo.com','1234 DaWrong Lane','Flonkerton','MD','12345','972-406-5693');
INSERT INTO RESERVATION VALUES ('20200417KJ2281842034144',1818,114,'KJ','2020-04-17','2020-04-19',null,'cancelled');
INSERT INTO INVOICECHARGE VALUES ('20200417KJ2281842034144-ch00001','20200417KJ2281842034144','2020-04-17',182.95,'Base room charge');
INSERT INTO INVOICECHARGE VALUES ('20200417KJ2281842034144-ch00002','20200417KJ2281842034144','2020-04-17',94.25,'Cleaning fee');
INSERT INTO PAYMENT VALUES ('20200417KJ2281842034144-p00001','20200417KJ2281842034144','2020-05-05','CC',277.2,'Hanna Hastie','9538116608662932',3,2025,846,'Mastercard');
-- ------- SAMPLE 819 ----------
INSERT INTO GUEST VALUES(1819,'Kasey','Kipp','KKipp@hotmail.com','1234 DaWrong Lane','Flonkerton','MD','12345','384-677-4834');
INSERT INTO RESERVATION VALUES ('20200319KI2629098196579',1819,110,'KI','2020-03-19','2020-03-20',null,'complete');
-- ------- SAMPLE 820 ----------
INSERT INTO GUEST VALUES(1820,'Lincoln','Lattea','LLattea@hotmail.com','1234 DaWrong Lane','Flonkerton','MD','12345','122-151-7082');
INSERT INTO RESERVATION VALUES ('20200607KI1123938126863',1820,null,'KI','2020-06-07','2020-06-11',null,'cancelled');
INSERT INTO INVOICECHARGE VALUES ('20200607KI1123938126863-ch00001','20200607KI1123938126863','2020-06-07',341.16,'Base room charge');
INSERT INTO PAYMENT VALUES ('20200607KI1123938126863-p00001','20200607KI1123938126863','2020-05-05','CC',341.16,'Lincoln Lattea','9300046718592235',11,2025,401,'Mastercard');
-- ------- SAMPLE 821 ----------
INSERT INTO GUEST VALUES(1821,'Georgianne','Guadarrama','GGuadarrama@hotmail.com','1234 DaWrong Lane','Flonkerton','MD','12345','458-368-5563');
INSERT INTO RESERVATION VALUES ('20191106KI9111441090112',1821,105,'KI','2019-11-06','2019-11-11',null,'complete');
-- ------- SAMPLE 822 ----------
INSERT INTO GUEST VALUES(1822,'Natalia','Nowacki','NNowacki@yahoo.com','1234 DaWrong Lane','Flonkerton','MD','12345','683-058-7268');
INSERT INTO RESERVATION VALUES ('20191205QS1166050923675',1822,207,'QS','2019-12-05','2019-12-06',null,'complete');
INSERT INTO INVOICECHARGE VALUES ('20191205QS1166050923675-ch00001','20191205QS1166050923675','2019-12-05',77.4,'Base room charge');
INSERT INTO INVOICECHARGE VALUES ('20191205QS1166050923675-ch00002','20191205QS1166050923675','2019-12-05',39.87,'Room Service');
INSERT INTO PAYMENT VALUES ('20191205QS1166050923675-p00001','20191205QS1166050923675','2020-05-05','CC',117.28,'Natalia Nowacki','2134682768432026',11,2023,212,'Mastercard');
-- ------- SAMPLE 823 ----------
INSERT INTO GUEST VALUES(1823,'Kerstin','Khalaf','KKhalaf@hotmail.com','1234 DaWrong Lane','Flonkerton','MD','12345','109-785-6926');
INSERT INTO RESERVATION VALUES ('20200903QD9487137893922',1823,null,'QD','2020-09-03','2020-09-04',null,'active');
INSERT INTO INVOICECHARGE VALUES ('20200903QD9487137893922-ch00001','20200903QD9487137893922','2020-09-03',95.95,'Base room charge');
INSERT INTO PAYMENT VALUES ('20200903QD9487137893922-p00001','20200903QD9487137893922','2020-05-05','CC',76,'Kerstin Khalaf','2952267154411353',3,2022,548,'Mastercard');
-- ------- SAMPLE 824 ----------
INSERT INTO GUEST VALUES(1824,'Pearlene','Priestly','PPriestly@yahoo.com','1234 DaWrong Lane','Flonkerton','MD','12345','498-548-0527');
INSERT INTO RESERVATION VALUES ('20191012KS5729223648891',1824,201,'KS','2019-10-12','2019-10-16',null,'complete');
INSERT INTO INVOICECHARGE VALUES ('20191012KS5729223648891-ch00001','20191012KS5729223648891','2019-10-12',281.46,'Base room charge');
INSERT INTO INVOICECHARGE VALUES ('20191012KS5729223648891-ch00002','20191012KS5729223648891','2019-10-12',145,'Cleaning fee');
INSERT INTO PAYMENT VALUES ('20191012KS5729223648891-p00001','20191012KS5729223648891','2020-05-05','CC',426.46,'Pearlene Priestly','7696015504752912',5,2022,8,'Mastercard');
-- ------- SAMPLE 825 ----------
INSERT INTO GUEST VALUES(1825,'Romelia','Rigdon','RRigdon@gmail.com','1234 DaWrong Lane','Flonkerton','MD','12345','938-142-9355');
INSERT INTO RESERVATION VALUES ('20191013KJ6257958590571',1825,114,'KJ','2019-10-13','2019-10-18',null,'complete');
INSERT INTO INVOICECHARGE VALUES ('20191013KJ6257958590571-ch00001','20191013KJ6257958590571','2019-10-13',693.01,'Base room charge');
INSERT INTO PAYMENT VALUES ('20191013KJ6257958590571-p00001','20191013KJ6257958590571','2020-05-05','CC',114,'Romelia Rigdon','5462775209008387',9,2022,221,'Mastercard');
-- ------- SAMPLE 826 ----------
INSERT INTO GUEST VALUES(1826,'Abel','Alire','AAlire@hotmail.com','1234 DaWrong Lane','Flonkerton','MD','12345','748-050-8518');
INSERT INTO RESERVATION VALUES ('20201217KI1347894506617',1826,null,'KI','2020-12-17','2020-12-20',null,'active');
INSERT INTO INVOICECHARGE VALUES ('20201217KI1347894506617-ch00001','20201217KI1347894506617','2020-12-17',255.87,'Base room charge');
INSERT INTO PAYMENT VALUES ('20201217KI1347894506617-p00001','20201217KI1347894506617','2020-05-05','CC',255.87,'Abel Alire','7159083131139598',7,2021,887,'Mastercard');
-- ------- SAMPLE 827 ----------
INSERT INTO GUEST VALUES(1827,'Lakenya','Langston','LLangston@yahoo.com','1234 DaWrong Lane','Flonkerton','MD','12345','289-373-2267');
INSERT INTO RESERVATION VALUES ('20191006QS9185293803427',1827,103,'QS','2019-10-06','2019-10-09',null,'complete');
INSERT INTO INVOICECHARGE VALUES ('20191006QS9185293803427-ch00001','20191006QS9185293803427','2019-10-06',351.83,'Base room charge');
INSERT INTO PAYMENT VALUES ('20191006QS9185293803427-p00001','20191006QS9185293803427','2020-05-05','CC',351.83,'Lakenya Langston','9667111908952320',1,2022,115,'Mastercard');
-- ------- SAMPLE 828 ----------
INSERT INTO GUEST VALUES(1828,'Deandra','Dimauro','DDimauro@hotmail.com','1234 DaWrong Lane','Flonkerton','MD','12345','006-805-1090');
INSERT INTO RESERVATION VALUES ('20200215KJ7499534438547',1828,109,'KJ','2020-02-15','2020-02-20',null,'complete');
INSERT INTO INVOICECHARGE VALUES ('20200215KJ7499534438547-ch00001','20200215KJ7499534438547','2020-02-15',693.01,'Base room charge');
INSERT INTO PAYMENT VALUES ('20200215KJ7499534438547-p00001','20200215KJ7499534438547','2020-05-05','CC',642,'Deandra Dimauro','5868461502581939',4,2021,813,'Mastercard');
-- ------- SAMPLE 829 ----------
INSERT INTO GUEST VALUES(1829,'Romaine','Reck','RReck@gmail.com','1234 DaWrong Lane','Flonkerton','MD','12345','902-632-8145');
INSERT INTO RESERVATION VALUES ('20190622QS3495914312711',1829,118,'QS','2019-06-22','2019-06-26',null,'complete');
INSERT INTO INVOICECHARGE VALUES ('20190622QS3495914312711-ch00001','20190622QS3495914312711','2019-06-22',469.11,'Base room charge');
INSERT INTO PAYMENT VALUES ('20190622QS3495914312711-p00001','20190622QS3495914312711','2020-05-05','CC',63,'Romaine Reck','5420861883834363',8,2024,679,'Mastercard');
-- ------- SAMPLE 830 ----------
INSERT INTO GUEST VALUES(1830,'Delsie','Delong','DDelong@gmail.com','1234 DaWrong Lane','Flonkerton','MD','12345','313-807-7570');
INSERT INTO RESERVATION VALUES ('20210426KJ8237224759189',1830,null,'KJ','2021-04-26','2021-04-28',null,'active');
INSERT INTO INVOICECHARGE VALUES ('20210426KJ8237224759189-ch00001','20210426KJ8237224759189','2021-04-26',277.2,'Base room charge');
INSERT INTO PAYMENT VALUES ('20210426KJ8237224759189-p00001','20210426KJ8237224759189','2020-05-05','CC',277.2,'Delsie Delong','9780879451778265',11,2026,702,'Mastercard');
-- ------- SAMPLE 831 ----------
INSERT INTO GUEST VALUES(1831,'Asa','Allan','AAllan@hotmail.com','1234 DaWrong Lane','Flonkerton','MD','12345','646-089-0701');
INSERT INTO RESERVATION VALUES ('20200216KJ8686041663737',1831,104,'KJ','2020-02-16','2020-02-18',null,'complete');
-- ------- SAMPLE 832 ----------
INSERT INTO GUEST VALUES(1832,'Boris','Berner','BBerner@yahoo.com','1234 DaWrong Lane','Flonkerton','MD','12345','728-156-4978');
INSERT INTO RESERVATION VALUES ('20191217KI9140971050856',1832,209,'KI','2019-12-17','2019-12-20',null,'complete');
-- ------- SAMPLE 833 ----------
INSERT INTO GUEST VALUES(1833,'Fredericka','Farney','FFarney@gmail.com','1234 DaWrong Lane','Flonkerton','MD','12345','864-814-6981');
INSERT INTO RESERVATION VALUES ('20210206KS9362629367715',1833,null,'KS','2021-02-06','2021-02-09',null,'active');
INSERT INTO INVOICECHARGE VALUES ('20210206KS9362629367715-ch00001','20210206KS9362629367715','2021-02-06',319.84,'Base room charge');
INSERT INTO PAYMENT VALUES ('20210206KS9362629367715-p00001','20210206KS9362629367715','2020-05-05','CC',234,'Fredericka Farney','5523793839473905',4,2027,6,'Mastercard');
-- ------- SAMPLE 834 ----------
INSERT INTO GUEST VALUES(1834,'Mandi','Mcwain','MMcwain@gmail.com','1234 DaWrong Lane','Flonkerton','MD','12345','078-705-7222');
INSERT INTO RESERVATION VALUES ('20190812KJ3576713484420',1834,208,'KJ','2019-08-12','2019-08-15',null,'complete');
INSERT INTO INVOICECHARGE VALUES ('20190812KJ3576713484420-ch00001','20190812KJ3576713484420','2019-08-12',274.43,'Base room charge');
INSERT INTO INVOICECHARGE VALUES ('20190812KJ3576713484420-ch00002','20190812KJ3576713484420','2019-08-12',141.37,'Room Service');
INSERT INTO PAYMENT VALUES ('20190812KJ3576713484420-p00001','20190812KJ3576713484420','2020-05-05','CC',415.81,'Mandi Mcwain','8603606240344836',5,2025,444,'Mastercard');
-- ------- SAMPLE 835 ----------
INSERT INTO GUEST VALUES(1835,'Tai','Tookes','TTookes@yahoo.com','1234 DaWrong Lane','Flonkerton','MD','12345','005-837-0571');
INSERT INTO RESERVATION VALUES ('20191209KJ1621460001916',1835,109,'KJ','2019-12-09','2019-12-11',null,'complete');
-- ------- SAMPLE 836 ----------
INSERT INTO GUEST VALUES(1836,'Bessie','Buhler','BBuhler@yahoo.com','1234 DaWrong Lane','Flonkerton','MD','12345','771-424-8861');
INSERT INTO RESERVATION VALUES ('20210221QD2281708919583',1836,null,'QD','2021-02-21','2021-02-25',null,'active');
INSERT INTO INVOICECHARGE VALUES ('20210221QD2281708919583-ch00001','20210221QD2281708919583','2021-02-21',383.81,'Base room charge');
INSERT INTO PAYMENT VALUES ('20210221QD2281708919583-p00001','20210221QD2281708919583','2020-05-05','CC',383.81,'Bessie Buhler','5418510964834002',12,2023,579,'Mastercard');
-- ------- SAMPLE 837 ----------
INSERT INTO GUEST VALUES(1837,'Leanora','Locke','LLocke@hotmail.com','1234 DaWrong Lane','Flonkerton','MD','12345','569-761-4652');
INSERT INTO RESERVATION VALUES ('20200318KJ4699576407896',1837,119,'KJ','2020-03-18','2020-03-20',null,'complete');
INSERT INTO INVOICECHARGE VALUES ('20200318KJ4699576407896-ch00001','20200318KJ4699576407896','2020-03-18',277.2,'Base room charge');
INSERT INTO PAYMENT VALUES ('20200318KJ4699576407896-p00001','20200318KJ4699576407896','2020-05-05','CC',277.2,'Leanora Locke','4974697462489793',6,2025,406,'Mastercard');
-- ------- SAMPLE 838 ----------
INSERT INTO GUEST VALUES(1838,'Shonda','Schult','SSchult@yahoo.com','1234 DaWrong Lane','Flonkerton','MD','12345','813-250-5248');
INSERT INTO RESERVATION VALUES ('20200331QD4566513835487',1838,116,'QD','2020-03-31','2020-04-04',null,'complete');
INSERT INTO INVOICECHARGE VALUES ('20200331QD4566513835487-ch00001','20200331QD4566513835487','2020-03-31',253.31,'Base room charge');
INSERT INTO INVOICECHARGE VALUES ('20200331QD4566513835487-ch00002','20200331QD4566513835487','2020-03-31',130.49,'Room Service');
INSERT INTO PAYMENT VALUES ('20200331QD4566513835487-p00001','20200331QD4566513835487','2020-05-05','CC',383.81,'Shonda Schult','6885678250309910',8,2026,338,'Mastercard');
-- ------- SAMPLE 839 ----------
INSERT INTO GUEST VALUES(1839,'Claribel','Catanzaro','CCatanzaro@hotmail.com','1234 DaWrong Lane','Flonkerton','MD','12345','466-523-5869');
INSERT INTO RESERVATION VALUES ('20190926KJ8327700449962',1839,208,'KJ','2019-09-26','2019-09-30',null,'cancelled');
INSERT INTO INVOICECHARGE VALUES ('20190926KJ8327700449962-ch00001','20190926KJ8327700449962','2019-09-26',365.91,'Base room charge');
INSERT INTO INVOICECHARGE VALUES ('20190926KJ8327700449962-ch00002','20190926KJ8327700449962','2019-09-26',188.5,'Cleaning fee');
INSERT INTO PAYMENT (payment_id,invoice_id,payment_date,payment_type,payment_amount) VALUES ('20190926KJ8327700449962-p00001','20190926KJ8327700449962','2020-05-05','CA',554.41);
-- ------- SAMPLE 840 ----------
INSERT INTO GUEST VALUES(1840,'Francie','Fairbank','FFairbank@gmail.com','1234 DaWrong Lane','Flonkerton','MD','12345','977-866-9761');
INSERT INTO RESERVATION VALUES ('20200305QD3571199750365',1840,200,'QD','2020-03-05','2020-03-09',null,'cancelled');
INSERT INTO INVOICECHARGE VALUES ('20200305QD3571199750365-ch00001','20200305QD3571199750365','2020-03-05',189.98,'Base room charge');
INSERT INTO INVOICECHARGE VALUES ('20200305QD3571199750365-ch00002','20200305QD3571199750365','2020-03-05',97.87,'Cleaning fee');
INSERT INTO PAYMENT VALUES ('20200305QD3571199750365-p00001','20200305QD3571199750365','2020-05-05','CC',260,'Francie Fairbank','9997892591211369',9,2027,572,'Mastercard');
-- ------- SAMPLE 841 ----------
INSERT INTO GUEST VALUES(1841,'Leighann','Leith','LLeith@hotmail.com','1234 DaWrong Lane','Flonkerton','MD','12345','358-136-4654');
INSERT INTO RESERVATION VALUES ('20200902KI4101405139853',1841,null,'KI','2020-09-02','2020-09-04',null,'active');
INSERT INTO INVOICECHARGE VALUES ('20200902KI4101405139853-ch00001','20200902KI4101405139853','2020-09-02',170.58,'Base room charge');
INSERT INTO PAYMENT VALUES ('20200902KI4101405139853-p00001','20200902KI4101405139853','2020-05-05','CC',170.58,'Leighann Leith','5737914526327680',7,2025,101,'Mastercard');
-- ------- SAMPLE 842 ----------
INSERT INTO GUEST VALUES(1842,'Jenna','Jesse','JJesse@gmail.com','1234 DaWrong Lane','Flonkerton','MD','12345','041-616-3087');
INSERT INTO RESERVATION VALUES ('20190815KJ1677170158534',1842,208,'KJ','2019-08-15','2019-08-17',null,'complete');
INSERT INTO INVOICECHARGE VALUES ('20190815KJ1677170158534-ch00001','20190815KJ1677170158534','2019-08-15',277.2,'Base room charge');
INSERT INTO PAYMENT VALUES ('20190815KJ1677170158534-p00001','20190815KJ1677170158534','2020-05-05','CC',277.2,'Jenna Jesse','3336380594965760',1,2025,500,'Mastercard');
-- ------- SAMPLE 843 ----------
INSERT INTO GUEST VALUES(1843,'Sherryl','Shurtleff','SShurtleff@gmail.com','1234 DaWrong Lane','Flonkerton','MD','12345','351-017-2424');
INSERT INTO RESERVATION VALUES ('20200116KI8860236042727',1843,110,'KI','2020-01-16','2020-01-21',null,'complete');
INSERT INTO INVOICECHARGE VALUES ('20200116KI8860236042727-ch00001','20200116KI8860236042727','2020-01-16',426.45,'Base room charge');
INSERT INTO PAYMENT VALUES ('20200116KI8860236042727-p00001','20200116KI8860236042727','2020-05-05','CC',426.45,'Sherryl Shurtleff','7052329339603357',9,2027,409,'Mastercard');
-- ------- SAMPLE 844 ----------
INSERT INTO GUEST VALUES(1844,'Elfriede','Esslinger','EEsslinger@hotmail.com','1234 DaWrong Lane','Flonkerton','MD','12345','932-787-8846');
INSERT INTO RESERVATION VALUES ('20210211KS7251015694644',1844,null,'KS','2021-02-11','2021-02-14',null,'active');
INSERT INTO INVOICECHARGE VALUES ('20210211KS7251015694644-ch00001','20210211KS7251015694644','2021-02-11',319.84,'Base room charge');
INSERT INTO PAYMENT VALUES ('20210211KS7251015694644-p00001','20210211KS7251015694644','2020-05-05','CC',176,'Elfriede Esslinger','7908921875455627',9,2024,709,'Mastercard');
-- ------- SAMPLE 845 ----------
INSERT INTO GUEST VALUES(1845,'Tanner','Tomasello','TTomasello@gmail.com','1234 DaWrong Lane','Flonkerton','MD','12345','399-590-6128');
INSERT INTO RESERVATION VALUES ('20191028QS1389904388839',1845,202,'QS','2019-10-28','2019-10-29',null,'complete');
INSERT INTO INVOICECHARGE VALUES ('20191028QS1389904388839-ch00001','20191028QS1389904388839','2019-10-28',77.4,'Base room charge');
INSERT INTO INVOICECHARGE VALUES ('20191028QS1389904388839-ch00002','20191028QS1389904388839','2019-10-28',39.87,'Cleaning fee');
INSERT INTO PAYMENT VALUES ('20191028QS1389904388839-p00001','20191028QS1389904388839','2020-05-05','CC',97,'Tanner Tomasello','2422329723403732',1,2024,419,'Mastercard');
-- ------- SAMPLE 846 ----------
INSERT INTO GUEST VALUES(1846,'Raven','Rybicki','RRybicki@yahoo.com','1234 DaWrong Lane','Flonkerton','MD','12345','035-933-0833');
INSERT INTO RESERVATION VALUES ('20200126KS4908625583495',1846,102,'KS','2020-01-26','2020-01-27',null,'complete');
INSERT INTO INVOICECHARGE VALUES ('20200126KS4908625583495-ch00001','20200126KS4908625583495','2020-01-26',106.61,'Base room charge');
INSERT INTO PAYMENT (payment_id,invoice_id,payment_date,payment_type,payment_amount) VALUES ('20200126KS4908625583495-p00001','20200126KS4908625583495','2020-05-05','CA',106.61);
-- ------- SAMPLE 847 ----------
INSERT INTO GUEST VALUES(1847,'Liliana','Lueck','LLueck@hotmail.com','1234 DaWrong Lane','Flonkerton','MD','12345','910-826-6371');
INSERT INTO RESERVATION VALUES ('20210323QD8735383611554',1847,null,'QD','2021-03-23','2021-03-25',null,'active');
INSERT INTO INVOICECHARGE VALUES ('20210323QD8735383611554-ch00001','20210323QD8735383611554','2021-03-23',126.66,'Base room charge');
INSERT INTO INVOICECHARGE VALUES ('20210323QD8735383611554-ch00002','20210323QD8735383611554','2021-03-23',65.25,'Room Service');
INSERT INTO PAYMENT VALUES ('20210323QD8735383611554-p00001','20210323QD8735383611554','2020-05-05','CC',191.9,'Liliana Lueck','9630253453579201',8,2024,722,'Mastercard');
-- ------- SAMPLE 848 ----------
INSERT INTO GUEST VALUES(1848,'Dewey','Dye','DDye@gmail.com','1234 DaWrong Lane','Flonkerton','MD','12345','023-427-5266');
INSERT INTO RESERVATION VALUES ('20200504KI7139585165937',1848,null,'KI','2020-05-04','2020-05-05',null,'active');
INSERT INTO INVOICECHARGE VALUES ('20200504KI7139585165937-ch00001','20200504KI7139585165937','2020-05-04',85.29,'Base room charge');
INSERT INTO PAYMENT VALUES ('20200504KI7139585165937-p00001','20200504KI7139585165937','2020-05-05','CC',85.29,'Dewey Dye','1586490514171368',4,2023,580,'Mastercard');
-- ------- SAMPLE 849 ----------
INSERT INTO GUEST VALUES(1849,'Margorie','Mcnish','MMcnish@yahoo.com','1234 DaWrong Lane','Flonkerton','MD','12345','025-322-6682');
INSERT INTO RESERVATION VALUES ('20200123QD7473110202933',1849,101,'QD','2020-01-23','2020-01-24',null,'complete');
INSERT INTO INVOICECHARGE VALUES ('20200123QD7473110202933-ch00001','20200123QD7473110202933','2020-01-23',63.33,'Base room charge');
INSERT INTO INVOICECHARGE VALUES ('20200123QD7473110202933-ch00002','20200123QD7473110202933','2020-01-23',32.62,'Room Service');
INSERT INTO PAYMENT VALUES ('20200123QD7473110202933-p00001','20200123QD7473110202933','2020-05-05','CC',95.95,'Margorie Mcnish','1298906651571497',5,2022,934,'Mastercard');
-- ------- SAMPLE 850 ----------
INSERT INTO GUEST VALUES(1850,'Jeanene','Jacobo','JJacobo@hotmail.com','1234 DaWrong Lane','Flonkerton','MD','12345','694-810-1829');
INSERT INTO RESERVATION VALUES ('20200520QS6412567062702',1850,null,'QS','2020-05-20','2020-05-24',null,'active');
INSERT INTO INVOICECHARGE VALUES ('20200520QS6412567062702-ch00001','20200520QS6412567062702','2020-05-20',469.11,'Base room charge');
INSERT INTO PAYMENT VALUES ('20200520QS6412567062702-p00001','20200520QS6412567062702','2020-05-05','CC',469.11,'Jeanene Jacobo','5917435681852980',6,2022,871,'Mastercard');
-- ------- SAMPLE 851 ----------
INSERT INTO GUEST VALUES(1851,'Malia','Molden','MMolden@yahoo.com','1234 DaWrong Lane','Flonkerton','MD','12345','378-957-0021');
INSERT INTO RESERVATION VALUES ('20190526KS3315615718598',1851,107,'KS','2019-05-26','2019-05-30',null,'complete');
INSERT INTO INVOICECHARGE VALUES ('20190526KS3315615718598-ch00001','20190526KS3315615718598','2019-05-26',426.46,'Base room charge');
INSERT INTO PAYMENT VALUES ('20190526KS3315615718598-p00001','20190526KS3315615718598','2020-05-05','CC',426.46,'Malia Molden','9283820356730782',1,2023,558,'Mastercard');
-- ------- SAMPLE 852 ----------
INSERT INTO GUEST VALUES(1852,'Doyle','Dykema','DDykema@gmail.com','1234 DaWrong Lane','Flonkerton','MD','12345','950-771-0491');
INSERT INTO RESERVATION VALUES ('20201106KJ3620609946536',1852,null,'KJ','2020-11-06','2020-11-07',null,'active');
INSERT INTO INVOICECHARGE VALUES ('20201106KJ3620609946536-ch00001','20201106KJ3620609946536','2020-11-06',138.6,'Base room charge');
INSERT INTO PAYMENT VALUES ('20201106KJ3620609946536-p00001','20201106KJ3620609946536','2020-05-05','CC',135,'Doyle Dykema','2692167916688296',9,2021,841,'Mastercard');
-- ------- SAMPLE 853 ----------
INSERT INTO GUEST VALUES(1853,'Fonda','Foreman','FForeman@yahoo.com','1234 DaWrong Lane','Flonkerton','MD','12345','852-852-8113');
INSERT INTO RESERVATION VALUES ('20200114QD1731120475841',1853,101,'QD','2020-01-14','2020-01-17',null,'complete');
INSERT INTO INVOICECHARGE VALUES ('20200114QD1731120475841-ch00001','20200114QD1731120475841','2020-01-14',287.86,'Base room charge');
INSERT INTO PAYMENT VALUES ('20200114QD1731120475841-p00001','20200114QD1731120475841','2020-05-05','CC',287.86,'Fonda Foreman','3283229771642251',2,2022,890,'Mastercard');
-- ------- SAMPLE 854 ----------
INSERT INTO GUEST VALUES(1854,'Shena','Sandoz','SSandoz@gmail.com','1234 DaWrong Lane','Flonkerton','MD','12345','566-823-1882');
INSERT INTO RESERVATION VALUES ('20200228QD9224796072077',1854,200,'QD','2020-02-28','2020-02-29',null,'complete');
INSERT INTO INVOICECHARGE VALUES ('20200228QD9224796072077-ch00001','20200228QD9224796072077','2020-02-28',63.33,'Base room charge');
INSERT INTO INVOICECHARGE VALUES ('20200228QD9224796072077-ch00002','20200228QD9224796072077','2020-02-28',32.62,'Cleaning fee');
INSERT INTO PAYMENT VALUES ('20200228QD9224796072077-p00001','20200228QD9224796072077','2020-05-05','CC',56,'Shena Sandoz','3786423704777862',12,2022,211,'Mastercard');
-- ------- SAMPLE 855 ----------
INSERT INTO GUEST VALUES(1855,'Irma','Irby','IIrby@gmail.com','1234 DaWrong Lane','Flonkerton','MD','12345','670-595-9124');
INSERT INTO RESERVATION VALUES ('20200106KS9114934726010',1855,201,'KS','2020-01-06','2020-01-10',null,'cancelled');
INSERT INTO INVOICECHARGE VALUES ('20200106KS9114934726010-ch00001','20200106KS9114934726010','2020-01-06',281.46,'Base room charge');
INSERT INTO INVOICECHARGE VALUES ('20200106KS9114934726010-ch00002','20200106KS9114934726010','2020-01-06',145,'Room Service');
INSERT INTO PAYMENT VALUES ('20200106KS9114934726010-p00001','20200106KS9114934726010','2020-05-05','CC',426.46,'Irma Irby','1857623469381313',1,2025,76,'Mastercard');
-- ------- SAMPLE 856 ----------
INSERT INTO GUEST VALUES(1856,'Rachell','Riser','RRiser@gmail.com','1234 DaWrong Lane','Flonkerton','MD','12345','305-354-9095');
INSERT INTO RESERVATION VALUES ('20191112QD1013701686901',1856,101,'QD','2019-11-12','2019-11-16',null,'complete');
INSERT INTO INVOICECHARGE VALUES ('20191112QD1013701686901-ch00001','20191112QD1013701686901','2019-11-12',253.31,'Base room charge');
INSERT INTO INVOICECHARGE VALUES ('20191112QD1013701686901-ch00002','20191112QD1013701686901','2019-11-12',130.49,'Cleaning fee');
INSERT INTO PAYMENT VALUES ('20191112QD1013701686901-p00001','20191112QD1013701686901','2020-05-05','CC',378,'Rachell Riser','9420571751624906',12,2024,645,'Mastercard');
-- ------- SAMPLE 857 ----------
INSERT INTO GUEST VALUES(1857,'Daron','Dycus','DDycus@hotmail.com','1234 DaWrong Lane','Flonkerton','MD','12345','253-966-8637');
INSERT INTO RESERVATION VALUES ('20200224QD4363967794224',1857,101,'QD','2020-02-24','2020-02-25',null,'complete');
INSERT INTO INVOICECHARGE VALUES ('20200224QD4363967794224-ch00001','20200224QD4363967794224','2020-02-24',95.95,'Base room charge');
INSERT INTO PAYMENT (payment_id,invoice_id,payment_date,payment_type,payment_amount) VALUES ('20200224QD4363967794224-p00001','20200224QD4363967794224','2020-05-05','CA',95.95);
-- ------- SAMPLE 858 ----------
INSERT INTO GUEST VALUES(1858,'Audrey','Aikens','AAikens@hotmail.com','1234 DaWrong Lane','Flonkerton','MD','12345','803-371-9038');
INSERT INTO RESERVATION VALUES ('20190924KJ1608866529533',1858,119,'KJ','2019-09-24','2019-09-29',null,'complete');
-- ------- SAMPLE 859 ----------
INSERT INTO GUEST VALUES(1859,'Deandra','Dimauro','DDimauro@yahoo.com','1234 DaWrong Lane','Flonkerton','MD','12345','827-836-5222');
INSERT INTO RESERVATION VALUES ('20201222QD6171420101696',1859,null,'QD','2020-12-22','2020-12-24',null,'active');
INSERT INTO INVOICECHARGE VALUES ('20201222QD6171420101696-ch00001','20201222QD6171420101696','2020-12-22',191.9,'Base room charge');
INSERT INTO PAYMENT VALUES ('20201222QD6171420101696-p00001','20201222QD6171420101696','2020-05-05','CC',191.9,'Deandra Dimauro','1632695172835276',3,2023,797,'Mastercard');
-- ------- SAMPLE 860 ----------
INSERT INTO GUEST VALUES(1860,'Yuette','Yetman','YYetman@yahoo.com','1234 DaWrong Lane','Flonkerton','MD','12345','132-026-2981');
INSERT INTO RESERVATION VALUES ('20200808KJ3713123404889',1860,null,'KJ','2020-08-08','2020-08-13',null,'active');
-- ------- SAMPLE 861 ----------
INSERT INTO GUEST VALUES(1861,'Abel','Alire','AAlire@hotmail.com','1234 DaWrong Lane','Flonkerton','MD','12345','276-287-2708');
INSERT INTO RESERVATION VALUES ('20210317KI8159426128758',1861,null,'KI','2021-03-17','2021-03-22',null,'cancelled');
-- ------- SAMPLE 862 ----------
INSERT INTO GUEST VALUES(1862,'Rick','Ritenour','RRitenour@gmail.com','1234 DaWrong Lane','Flonkerton','MD','12345','114-665-5615');
INSERT INTO RESERVATION VALUES ('20190825KS3854976071926',1862,107,'KS','2019-08-25','2019-08-29',null,'complete');
INSERT INTO INVOICECHARGE VALUES ('20190825KS3854976071926-ch00001','20190825KS3854976071926','2019-08-25',426.46,'Base room charge');
INSERT INTO PAYMENT VALUES ('20190825KS3854976071926-p00001','20190825KS3854976071926','2020-05-05','CC',426.46,'Rick Ritenour','3846046692116894',12,2024,189,'Mastercard');
-- ------- SAMPLE 863 ----------
INSERT INTO GUEST VALUES(1863,'Gwyneth','Gamber','GGamber@hotmail.com','1234 DaWrong Lane','Flonkerton','MD','12345','501-146-9331');
INSERT INTO RESERVATION VALUES ('20210124KI4442045120586',1863,null,'KI','2021-01-24','2021-01-26',null,'cancelled');
-- ------- SAMPLE 864 ----------
INSERT INTO GUEST VALUES(1864,'Freida','Forbis','FForbis@hotmail.com','1234 DaWrong Lane','Flonkerton','MD','12345','937-843-8709');
INSERT INTO RESERVATION VALUES ('20200101KS5623934711614',1864,102,'KS','2020-01-01','2020-01-02',null,'complete');
INSERT INTO INVOICECHARGE VALUES ('20200101KS5623934711614-ch00001','20200101KS5623934711614','2020-01-01',106.61,'Base room charge');
INSERT INTO PAYMENT VALUES ('20200101KS5623934711614-p00001','20200101KS5623934711614','2020-05-05','CC',106.61,'Freida Forbis','7078564436621273',12,2025,391,'Mastercard');
-- ------- SAMPLE 865 ----------
INSERT INTO GUEST VALUES(1865,'Missy','Mcclintock','MMcclintock@hotmail.com','1234 DaWrong Lane','Flonkerton','MD','12345','830-105-4924');
INSERT INTO RESERVATION VALUES ('20190802QD8185739931573',1865,106,'QD','2019-08-02','2019-08-05',null,'cancelled');
INSERT INTO INVOICECHARGE VALUES ('20190802QD8185739931573-ch00001','20190802QD8185739931573','2019-08-02',189.98,'Base room charge');
INSERT INTO INVOICECHARGE VALUES ('20190802QD8185739931573-ch00002','20190802QD8185739931573','2019-08-02',97.87,'Cleaning fee');
INSERT INTO PAYMENT VALUES ('20190802QD8185739931573-p00001','20190802QD8185739931573','2020-05-05','CC',287.86,'Missy Mcclintock','7166299941239820',4,2023,391,'Mastercard');
-- ------- SAMPLE 866 ----------
INSERT INTO GUEST VALUES(1866,'Rick','Ritenour','RRitenour@yahoo.com','1234 DaWrong Lane','Flonkerton','MD','12345','052-656-5404');
INSERT INTO RESERVATION VALUES ('20200217QD2630862051129',1866,116,'QD','2020-02-17','2020-02-20',null,'complete');
INSERT INTO INVOICECHARGE VALUES ('20200217QD2630862051129-ch00001','20200217QD2630862051129','2020-02-17',189.98,'Base room charge');
INSERT INTO INVOICECHARGE VALUES ('20200217QD2630862051129-ch00002','20200217QD2630862051129','2020-02-17',97.87,'Cleaning fee');
INSERT INTO PAYMENT VALUES ('20200217QD2630862051129-p00001','20200217QD2630862051129','2020-05-05','CC',287.86,'Rick Ritenour','2924609697936644',5,2021,623,'Mastercard');
-- ------- SAMPLE 867 ----------
INSERT INTO GUEST VALUES(1867,'Bradley','Bently','BBently@hotmail.com','1234 DaWrong Lane','Flonkerton','MD','12345','839-748-4608');
INSERT INTO RESERVATION VALUES ('20200719QD2460619204977',1867,null,'QD','2020-07-19','2020-07-20',null,'active');
-- ------- SAMPLE 868 ----------
INSERT INTO GUEST VALUES(1868,'Abram','Adolph','AAdolph@hotmail.com','1234 DaWrong Lane','Flonkerton','MD','12345','706-414-5539');
INSERT INTO RESERVATION VALUES ('20190723QS5950945192030',1868,207,'QS','2019-07-23','2019-07-25',null,'complete');
INSERT INTO INVOICECHARGE VALUES ('20190723QS5950945192030-ch00001','20190723QS5950945192030','2019-07-23',154.81,'Base room charge');
INSERT INTO INVOICECHARGE VALUES ('20190723QS5950945192030-ch00002','20190723QS5950945192030','2019-07-23',79.75,'Room Service');
INSERT INTO PAYMENT VALUES ('20190723QS5950945192030-p00001','20190723QS5950945192030','2020-05-05','CC',234.55,'Abram Adolph','3827147053877536',3,2022,774,'Mastercard');
-- ------- SAMPLE 869 ----------
INSERT INTO GUEST VALUES(1869,'Francie','Fairbank','FFairbank@yahoo.com','1234 DaWrong Lane','Flonkerton','MD','12345','683-819-4331');
INSERT INTO RESERVATION VALUES ('20200201QD7370366601843',1869,200,'QD','2020-02-01','2020-02-02',null,'complete');
INSERT INTO INVOICECHARGE VALUES ('20200201QD7370366601843-ch00001','20200201QD7370366601843','2020-02-01',63.33,'Base room charge');
INSERT INTO INVOICECHARGE VALUES ('20200201QD7370366601843-ch00002','20200201QD7370366601843','2020-02-01',32.62,'Room Service');
INSERT INTO PAYMENT (payment_id,invoice_id,payment_date,payment_type,payment_amount) VALUES ('20200201QD7370366601843-p00001','20200201QD7370366601843','2020-05-05','CA',95.95);
-- ------- SAMPLE 870 ----------
INSERT INTO GUEST VALUES(1870,'Leighann','Leith','LLeith@yahoo.com','1234 DaWrong Lane','Flonkerton','MD','12345','892-217-0499');
INSERT INTO RESERVATION VALUES ('20200103KJ5704878571229',1870,208,'KJ','2020-01-03','2020-01-05',null,'complete');
-- ------- SAMPLE 871 ----------
INSERT INTO GUEST VALUES(1871,'Christine','Ciampa','CCiampa@yahoo.com','1234 DaWrong Lane','Flonkerton','MD','12345','089-714-5140');
INSERT INTO RESERVATION VALUES ('20200220QS8784610788159',1871,113,'QS','2020-02-20','2020-02-23',null,'complete');
-- ------- SAMPLE 872 ----------
INSERT INTO GUEST VALUES(1872,'Raisa','Romito','RRomito@hotmail.com','1234 DaWrong Lane','Flonkerton','MD','12345','187-587-7711');
INSERT INTO RESERVATION VALUES ('20190521KJ8336914560773',1872,203,'KJ','2019-05-21','2019-05-23',null,'complete');
-- ------- SAMPLE 873 ----------
INSERT INTO GUEST VALUES(1873,'Malia','Molden','MMolden@hotmail.com','1234 DaWrong Lane','Flonkerton','MD','12345','400-375-2969');
INSERT INTO RESERVATION VALUES ('20200513QD5069476404795',1873,null,'QD','2020-05-13','2020-05-16',null,'active');
-- ------- SAMPLE 874 ----------
INSERT INTO GUEST VALUES(1874,'Joann','Joplin','JJoplin@yahoo.com','1234 DaWrong Lane','Flonkerton','MD','12345','044-092-0051');
INSERT INTO RESERVATION VALUES ('20201202QS6599589053447',1874,null,'QS','2020-12-02','2020-12-07',null,'active');
INSERT INTO INVOICECHARGE VALUES ('20201202QS6599589053447-ch00001','20201202QS6599589053447','2020-12-02',387.01,'Base room charge');
INSERT INTO INVOICECHARGE VALUES ('20201202QS6599589053447-ch00002','20201202QS6599589053447','2020-12-02',199.37,'Cleaning fee');
INSERT INTO PAYMENT VALUES ('20201202QS6599589053447-p00001','20201202QS6599589053447','2020-05-05','CC',586.38,'Joann Joplin','4133303485618975',8,2027,988,'Mastercard');
-- ------- SAMPLE 875 ----------
INSERT INTO GUEST VALUES(1875,'Floy','Feinstein','FFeinstein@hotmail.com','1234 DaWrong Lane','Flonkerton','MD','12345','968-143-5605');
INSERT INTO RESERVATION VALUES ('20201114QD4226910680010',1875,null,'QD','2020-11-14','2020-11-17',null,'active');
INSERT INTO INVOICECHARGE VALUES ('20201114QD4226910680010-ch00001','20201114QD4226910680010','2020-11-14',287.86,'Base room charge');
INSERT INTO PAYMENT VALUES ('20201114QD4226910680010-p00001','20201114QD4226910680010','2020-05-05','CC',287.86,'Floy Feinstein','8228709182417880',2,2023,237,'Mastercard');
-- ------- SAMPLE 876 ----------
INSERT INTO GUEST VALUES(1876,'Anita','Amezcua','AAmezcua@yahoo.com','1234 DaWrong Lane','Flonkerton','MD','12345','085-659-7671');
INSERT INTO RESERVATION VALUES ('20210113KS6021334865993',1876,null,'KS','2021-01-13','2021-01-16',null,'active');
INSERT INTO INVOICECHARGE VALUES ('20210113KS6021334865993-ch00001','20210113KS6021334865993','2021-01-13',211.1,'Base room charge');
INSERT INTO INVOICECHARGE VALUES ('20210113KS6021334865993-ch00002','20210113KS6021334865993','2021-01-13',108.75,'Cleaning fee');
INSERT INTO PAYMENT VALUES ('20210113KS6021334865993-p00001','20210113KS6021334865993','2020-05-05','CC',319.84,'Anita Amezcua','9629917629973654',9,2022,926,'Mastercard');
-- ------- SAMPLE 877 ----------
INSERT INTO GUEST VALUES(1877,'Ceola','Carasco','CCarasco@gmail.com','1234 DaWrong Lane','Flonkerton','MD','12345','053-380-5980');
INSERT INTO RESERVATION VALUES ('20210222KI2832838785301',1877,null,'KI','2021-02-22','2021-02-23',null,'active');
-- ------- SAMPLE 878 ----------
INSERT INTO GUEST VALUES(1878,'Doyle','Dykema','DDykema@hotmail.com','1234 DaWrong Lane','Flonkerton','MD','12345','103-962-7659');
INSERT INTO RESERVATION VALUES ('20210314QS3551376523886',1878,null,'QS','2021-03-14','2021-03-18',null,'active');
INSERT INTO INVOICECHARGE VALUES ('20210314QS3551376523886-ch00001','20210314QS3551376523886','2021-03-14',309.61,'Base room charge');
INSERT INTO INVOICECHARGE VALUES ('20210314QS3551376523886-ch00002','20210314QS3551376523886','2021-03-14',159.5,'Cleaning fee');
INSERT INTO PAYMENT VALUES ('20210314QS3551376523886-p00001','20210314QS3551376523886','2020-05-05','CC',131,'Doyle Dykema','9569818476576950',8,2027,846,'Mastercard');
-- ------- SAMPLE 879 ----------
INSERT INTO GUEST VALUES(1879,'Deangelo','Deloera','DDeloera@hotmail.com','1234 DaWrong Lane','Flonkerton','MD','12345','141-425-4539');
INSERT INTO RESERVATION VALUES ('20210401KI4643679258856',1879,null,'KI','2021-04-01','2021-04-03',null,'active');
INSERT INTO INVOICECHARGE VALUES ('20210401KI4643679258856-ch00001','20210401KI4643679258856','2021-04-01',170.58,'Base room charge');
INSERT INTO PAYMENT VALUES ('20210401KI4643679258856-p00001','20210401KI4643679258856','2020-05-05','CC',170.58,'Deangelo Deloera','1995776461060104',2,2022,754,'Mastercard');
-- ------- SAMPLE 880 ----------
INSERT INTO GUEST VALUES(1880,'Francie','Fairbank','FFairbank@yahoo.com','1234 DaWrong Lane','Flonkerton','MD','12345','627-373-8170');
INSERT INTO RESERVATION VALUES ('20210109QS3498380254898',1880,null,'QS','2021-01-09','2021-01-10',null,'active');
INSERT INTO INVOICECHARGE VALUES ('20210109QS3498380254898-ch00001','20210109QS3498380254898','2021-01-09',77.4,'Base room charge');
INSERT INTO INVOICECHARGE VALUES ('20210109QS3498380254898-ch00002','20210109QS3498380254898','2021-01-09',39.87,'Cleaning fee');
INSERT INTO PAYMENT (payment_id,invoice_id,payment_date,payment_type,payment_amount) VALUES ('20210109QS3498380254898-p00001','20210109QS3498380254898','2020-05-05','CA',117.28);
-- ------- SAMPLE 881 ----------
INSERT INTO GUEST VALUES(1881,'Yuette','Yetman','YYetman@gmail.com','1234 DaWrong Lane','Flonkerton','MD','12345','246-563-2346');
INSERT INTO RESERVATION VALUES ('20201102KI8761725665884',1881,null,'KI','2020-11-02','2020-11-04',null,'active');
INSERT INTO INVOICECHARGE VALUES ('20201102KI8761725665884-ch00001','20201102KI8761725665884','2020-11-02',170.58,'Base room charge');
INSERT INTO PAYMENT (payment_id,invoice_id,payment_date,payment_type,payment_amount) VALUES ('20201102KI8761725665884-p00001','20201102KI8761725665884','2020-05-05','CA',170.58);
-- ------- SAMPLE 882 ----------
INSERT INTO GUEST VALUES(1882,'Louisa','Laroque','LLaroque@hotmail.com','1234 DaWrong Lane','Flonkerton','MD','12345','799-811-9193');
INSERT INTO RESERVATION VALUES ('20200423KI8918596300504',1882,204,'KI','2020-04-23','2020-04-27',null,'complete');
INSERT INTO INVOICECHARGE VALUES ('20200423KI8918596300504-ch00001','20200423KI8918596300504','2020-04-23',225.16,'Base room charge');
INSERT INTO INVOICECHARGE VALUES ('20200423KI8918596300504-ch00002','20200423KI8918596300504','2020-04-23',115.99,'Cleaning fee');
INSERT INTO PAYMENT VALUES ('20200423KI8918596300504-p00001','20200423KI8918596300504','2020-05-05','CC',341.16,'Louisa Laroque','7336886766815592',12,2021,862,'Mastercard');
-- ------- SAMPLE 883 ----------
INSERT INTO GUEST VALUES(1883,'Rosemarie','Roeser','RRoeser@gmail.com','1234 DaWrong Lane','Flonkerton','MD','12345','219-001-4955');
INSERT INTO RESERVATION VALUES ('20190724KS5709268139842',1883,201,'KS','2019-07-24','2019-07-27',null,'cancelled');
INSERT INTO INVOICECHARGE VALUES ('20190724KS5709268139842-ch00001','20190724KS5709268139842','2019-07-24',319.84,'Base room charge');
INSERT INTO PAYMENT (payment_id,invoice_id,payment_date,payment_type,payment_amount) VALUES ('20190724KS5709268139842-p00001','20190724KS5709268139842','2020-05-05','CA',75);
-- ------- SAMPLE 884 ----------
INSERT INTO GUEST VALUES(1884,'Jenna','Jesse','JJesse@yahoo.com','1234 DaWrong Lane','Flonkerton','MD','12345','072-107-5558');
INSERT INTO RESERVATION VALUES ('20200901KJ4878508552027',1884,null,'KJ','2020-09-01','2020-09-06',null,'active');
-- ------- SAMPLE 885 ----------
INSERT INTO GUEST VALUES(1885,'Ginger','Gordillo','GGordillo@hotmail.com','1234 DaWrong Lane','Flonkerton','MD','12345','230-053-3898');
INSERT INTO RESERVATION VALUES ('20210122KJ6848014805553',1885,null,'KJ','2021-01-22','2021-01-26',null,'cancelled');
-- ------- SAMPLE 886 ----------
INSERT INTO GUEST VALUES(1886,'Eda','Elmendorf','EElmendorf@yahoo.com','1234 DaWrong Lane','Flonkerton','MD','12345','303-224-4875');
INSERT INTO RESERVATION VALUES ('20201014QD5016031264352',1886,null,'QD','2020-10-14','2020-10-19',null,'active');
INSERT INTO INVOICECHARGE VALUES ('20201014QD5016031264352-ch00001','20201014QD5016031264352','2020-10-14',316.64,'Base room charge');
INSERT INTO INVOICECHARGE VALUES ('20201014QD5016031264352-ch00002','20201014QD5016031264352','2020-10-14',163.12,'Room Service');
INSERT INTO PAYMENT VALUES ('20201014QD5016031264352-p00001','20201014QD5016031264352','2020-05-05','CC',479.76,'Eda Elmendorf','7038296202934012',6,2024,782,'Mastercard');
-- ------- SAMPLE 887 ----------
INSERT INTO GUEST VALUES(1887,'Kasey','Kipp','KKipp@gmail.com','1234 DaWrong Lane','Flonkerton','MD','12345','932-185-0652');
INSERT INTO RESERVATION VALUES ('20190731KI8006723665177',1887,209,'KI','2019-07-31','2019-08-01',null,'cancelled');
-- ------- SAMPLE 888 ----------
INSERT INTO GUEST VALUES(1888,'Delsie','Delong','DDelong@hotmail.com','1234 DaWrong Lane','Flonkerton','MD','12345','622-461-0234');
INSERT INTO RESERVATION VALUES ('20190720QD4234526263900',1888,205,'QD','2019-07-20','2019-07-21',null,'complete');
-- ------- SAMPLE 889 ----------
INSERT INTO GUEST VALUES(1889,'Shad','Sitler','SSitler@yahoo.com','1234 DaWrong Lane','Flonkerton','MD','12345','342-954-5922');
INSERT INTO RESERVATION VALUES ('20200513KS8673586718289',1889,null,'KS','2020-05-13','2020-05-17',null,'active');
-- ------- SAMPLE 890 ----------
INSERT INTO GUEST VALUES(1890,'Ceola','Carasco','CCarasco@yahoo.com','1234 DaWrong Lane','Flonkerton','MD','12345','202-865-0048');
INSERT INTO RESERVATION VALUES ('20200509QS9203807845459',1890,null,'QS','2020-05-09','2020-05-10',null,'active');
INSERT INTO INVOICECHARGE VALUES ('20200509QS9203807845459-ch00001','20200509QS9203807845459','2020-05-09',77.4,'Base room charge');
INSERT INTO INVOICECHARGE VALUES ('20200509QS9203807845459-ch00002','20200509QS9203807845459','2020-05-09',39.87,'Cleaning fee');
INSERT INTO PAYMENT (payment_id,invoice_id,payment_date,payment_type,payment_amount) VALUES ('20200509QS9203807845459-p00001','20200509QS9203807845459','2020-05-05','CA',117.28);
-- ------- SAMPLE 891 ----------
INSERT INTO GUEST VALUES(1891,'Buford','Biddy','BBiddy@gmail.com','1234 DaWrong Lane','Flonkerton','MD','12345','268-152-3653');
INSERT INTO RESERVATION VALUES ('20201104KI8785944556486',1891,null,'KI','2020-11-04','2020-11-07',null,'cancelled');
INSERT INTO INVOICECHARGE VALUES ('20201104KI8785944556486-ch00001','20201104KI8785944556486','2020-11-04',255.87,'Base room charge');
INSERT INTO PAYMENT (payment_id,invoice_id,payment_date,payment_type,payment_amount) VALUES ('20201104KI8785944556486-p00001','20201104KI8785944556486','2020-05-05','CA',255.87);
-- ------- SAMPLE 892 ----------
INSERT INTO GUEST VALUES(1892,'Leonore','Losh','LLosh@hotmail.com','1234 DaWrong Lane','Flonkerton','MD','12345','672-828-9348');
INSERT INTO RESERVATION VALUES ('20200507QD5611955514823',1892,null,'QD','2020-05-07','2020-05-08',null,'active');
INSERT INTO INVOICECHARGE VALUES ('20200507QD5611955514823-ch00001','20200507QD5611955514823','2020-05-07',95.95,'Base room charge');
INSERT INTO PAYMENT VALUES ('20200507QD5611955514823-p00001','20200507QD5611955514823','2020-05-05','CC',95.95,'Leonore Losh','1153570846132897',8,2024,819,'Mastercard');
-- ------- SAMPLE 893 ----------
INSERT INTO GUEST VALUES(1893,'Shad','Sitler','SSitler@hotmail.com','1234 DaWrong Lane','Flonkerton','MD','12345','401-387-8025');
INSERT INTO RESERVATION VALUES ('20200722KS6158370643984',1893,null,'KS','2020-07-22','2020-07-27',null,'active');
INSERT INTO INVOICECHARGE VALUES ('20200722KS6158370643984-ch00001','20200722KS6158370643984','2020-07-22',533.07,'Base room charge');
INSERT INTO PAYMENT (payment_id,invoice_id,payment_date,payment_type,payment_amount) VALUES ('20200722KS6158370643984-p00001','20200722KS6158370643984','2020-05-05','CA',29);
-- ------- SAMPLE 894 ----------
INSERT INTO GUEST VALUES(1894,'Claribel','Catanzaro','CCatanzaro@yahoo.com','1234 DaWrong Lane','Flonkerton','MD','12345','881-887-5942');
INSERT INTO RESERVATION VALUES ('20200816KS7996018503080',1894,null,'KS','2020-08-16','2020-08-21',null,'active');
-- ------- SAMPLE 895 ----------
INSERT INTO GUEST VALUES(1895,'Jammie','Jo','JJo@hotmail.com','1234 DaWrong Lane','Flonkerton','MD','12345','548-111-4684');
INSERT INTO RESERVATION VALUES ('20191207QD4379845205934',1895,106,'QD','2019-12-07','2019-12-08',null,'complete');
-- ------- SAMPLE 896 ----------
INSERT INTO GUEST VALUES(1896,'Jeanene','Jacobo','JJacobo@gmail.com','1234 DaWrong Lane','Flonkerton','MD','12345','495-800-3314');
INSERT INTO RESERVATION VALUES ('20210404KS7600254216098',1896,null,'KS','2021-04-04','2021-04-07',null,'active');
INSERT INTO INVOICECHARGE VALUES ('20210404KS7600254216098-ch00001','20210404KS7600254216098','2021-04-04',211.1,'Base room charge');
INSERT INTO INVOICECHARGE VALUES ('20210404KS7600254216098-ch00002','20210404KS7600254216098','2021-04-04',108.75,'Cleaning fee');
INSERT INTO PAYMENT VALUES ('20210404KS7600254216098-p00001','20210404KS7600254216098','2020-05-05','CC',319.84,'Jeanene Jacobo','4773506377857170',1,2022,197,'Mastercard');
-- ------- SAMPLE 897 ----------
INSERT INTO GUEST VALUES(1897,'Leighann','Leith','LLeith@yahoo.com','1234 DaWrong Lane','Flonkerton','MD','12345','075-784-5941');
INSERT INTO RESERVATION VALUES ('20200808KS3373859233289',1897,null,'KS','2020-08-08','2020-08-12',null,'active');
-- ------- SAMPLE 898 ----------
INSERT INTO GUEST VALUES(1898,'Asa','Allan','AAllan@yahoo.com','1234 DaWrong Lane','Flonkerton','MD','12345','720-683-1036');
INSERT INTO RESERVATION VALUES ('20200926KS7676503698727',1898,null,'KS','2020-09-26','2020-09-30',null,'active');
INSERT INTO INVOICECHARGE VALUES ('20200926KS7676503698727-ch00001','20200926KS7676503698727','2020-09-26',426.46,'Base room charge');
INSERT INTO PAYMENT VALUES ('20200926KS7676503698727-p00001','20200926KS7676503698727','2020-05-05','CC',426.46,'Asa Allan','6340051520920984',1,2027,589,'Mastercard');
-- ------- SAMPLE 899 ----------
INSERT INTO GUEST VALUES(1899,'Katerine','Kawakami','KKawakami@yahoo.com','1234 DaWrong Lane','Flonkerton','MD','12345','815-198-2343');
INSERT INTO RESERVATION VALUES ('20190806QS9490705989234',1899,103,'QS','2019-08-06','2019-08-09',null,'complete');
-- ------- SAMPLE 900 ----------
INSERT INTO GUEST VALUES(1900,'Marcelino','Meisner','MMeisner@yahoo.com','1234 DaWrong Lane','Flonkerton','MD','12345','896-345-3748');
INSERT INTO RESERVATION VALUES ('20201207KI5859780104780',1900,null,'KI','2020-12-07','2020-12-12',null,'active');
INSERT INTO INVOICECHARGE VALUES ('20201207KI5859780104780-ch00001','20201207KI5859780104780','2020-12-07',281.45,'Base room charge');
INSERT INTO INVOICECHARGE VALUES ('20201207KI5859780104780-ch00002','20201207KI5859780104780','2020-12-07',144.99,'Cleaning fee');
INSERT INTO PAYMENT (payment_id,invoice_id,payment_date,payment_type,payment_amount) VALUES ('20201207KI5859780104780-p00001','20201207KI5859780104780','2020-05-05','CA',426.45);
-- ------- SAMPLE 901 ----------
INSERT INTO GUEST VALUES(1901,'Lorean','Loden','LLoden@hotmail.com','1234 DaWrong Lane','Flonkerton','MD','12345','524-194-2749');
INSERT INTO RESERVATION VALUES ('20200430QD6889146893077',1901,111,'QD','2020-04-30','2020-05-05',null,'complete');
INSERT INTO INVOICECHARGE VALUES ('20200430QD6889146893077-ch00001','20200430QD6889146893077','2020-04-30',479.76,'Base room charge');
INSERT INTO PAYMENT VALUES ('20200430QD6889146893077-p00001','20200430QD6889146893077','2020-05-05','CC',371,'Lorean Loden','3661403206885324',4,2025,628,'Mastercard');
-- ------- SAMPLE 902 ----------
INSERT INTO GUEST VALUES(1902,'Jamey','Jen','JJen@yahoo.com','1234 DaWrong Lane','Flonkerton','MD','12345','928-452-1681');
INSERT INTO RESERVATION VALUES ('20191114KI9462569524716',1902,120,'KI','2019-11-14','2019-11-18',null,'complete');
-- ------- SAMPLE 903 ----------
INSERT INTO GUEST VALUES(1903,'Yuette','Yetman','YYetman@hotmail.com','1234 DaWrong Lane','Flonkerton','MD','12345','623-063-0909');
INSERT INTO RESERVATION VALUES ('20210214KJ4586330941468',1903,null,'KJ','2021-02-14','2021-02-19',null,'active');
-- ------- SAMPLE 904 ----------
INSERT INTO GUEST VALUES(1904,'Natalia','Nowacki','NNowacki@gmail.com','1234 DaWrong Lane','Flonkerton','MD','12345','851-496-8087');
INSERT INTO RESERVATION VALUES ('20190725KS2234200303521',1904,112,'KS','2019-07-25','2019-07-29',null,'complete');
INSERT INTO INVOICECHARGE VALUES ('20190725KS2234200303521-ch00001','20190725KS2234200303521','2019-07-25',281.46,'Base room charge');
INSERT INTO INVOICECHARGE VALUES ('20190725KS2234200303521-ch00002','20190725KS2234200303521','2019-07-25',145,'Room Service');
INSERT INTO PAYMENT VALUES ('20190725KS2234200303521-p00001','20190725KS2234200303521','2020-05-05','CC',426.46,'Natalia Nowacki','7435737857405837',2,2022,831,'Mastercard');
-- ------- SAMPLE 905 ----------
INSERT INTO GUEST VALUES(1905,'Fiona','Figgs','FFiggs@hotmail.com','1234 DaWrong Lane','Flonkerton','MD','12345','816-841-7671');
INSERT INTO RESERVATION VALUES ('20210218KI5025997178300',1905,null,'KI','2021-02-18','2021-02-19',null,'cancelled');
-- ------- SAMPLE 906 ----------
INSERT INTO GUEST VALUES(1906,'Abram','Adolph','AAdolph@gmail.com','1234 DaWrong Lane','Flonkerton','MD','12345','429-052-6291');
INSERT INTO RESERVATION VALUES ('20191107QS1316558599945',1906,207,'QS','2019-11-07','2019-11-12',null,'complete');
-- ------- SAMPLE 907 ----------
INSERT INTO GUEST VALUES(1907,'Ngan','Nalley','NNalley@hotmail.com','1234 DaWrong Lane','Flonkerton','MD','12345','776-641-6965');
INSERT INTO RESERVATION VALUES ('20201205KS9159974288063',1907,null,'KS','2020-12-05','2020-12-09',null,'active');
INSERT INTO INVOICECHARGE VALUES ('20201205KS9159974288063-ch00001','20201205KS9159974288063','2020-12-05',426.46,'Base room charge');
INSERT INTO PAYMENT (payment_id,invoice_id,payment_date,payment_type,payment_amount) VALUES ('20201205KS9159974288063-p00001','20201205KS9159974288063','2020-05-05','CA',121);
-- ------- SAMPLE 908 ----------
INSERT INTO GUEST VALUES(1908,'Darrin','Drum','DDrum@hotmail.com','1234 DaWrong Lane','Flonkerton','MD','12345','876-710-6827');
INSERT INTO RESERVATION VALUES ('20210324KI5043766732620',1908,null,'KI','2021-03-24','2021-03-28',null,'active');
INSERT INTO INVOICECHARGE VALUES ('20210324KI5043766732620-ch00001','20210324KI5043766732620','2021-03-24',341.16,'Base room charge');
INSERT INTO PAYMENT VALUES ('20210324KI5043766732620-p00001','20210324KI5043766732620','2020-05-05','CC',153,'Darrin Drum','2715431892452014',6,2025,669,'Mastercard');
-- ------- SAMPLE 909 ----------
INSERT INTO GUEST VALUES(1909,'Deangelo','Deloera','DDeloera@gmail.com','1234 DaWrong Lane','Flonkerton','MD','12345','329-478-4378');
INSERT INTO RESERVATION VALUES ('20210324KS9897433359645',1909,null,'KS','2021-03-24','2021-03-28',null,'active');
-- ------- SAMPLE 910 ----------
INSERT INTO GUEST VALUES(1910,'Major','Meng','MMeng@yahoo.com','1234 DaWrong Lane','Flonkerton','MD','12345','937-938-9824');
INSERT INTO RESERVATION VALUES ('20201018KJ9268274674612',1910,null,'KJ','2020-10-18','2020-10-19',null,'active');
INSERT INTO INVOICECHARGE VALUES ('20201018KJ9268274674612-ch00001','20201018KJ9268274674612','2020-10-18',138.6,'Base room charge');
INSERT INTO PAYMENT VALUES ('20201018KJ9268274674612-p00001','20201018KJ9268274674612','2020-05-05','CC',138.6,'Major Meng','1653405700390828',6,2021,406,'Mastercard');
-- ------- SAMPLE 911 ----------
INSERT INTO GUEST VALUES(1911,'Claribel','Catanzaro','CCatanzaro@gmail.com','1234 DaWrong Lane','Flonkerton','MD','12345','210-228-4853');
INSERT INTO RESERVATION VALUES ('20201121KJ5499281311046',1911,null,'KJ','2020-11-21','2020-11-24',null,'active');
INSERT INTO INVOICECHARGE VALUES ('20201121KJ5499281311046-ch00001','20201121KJ5499281311046','2020-11-21',274.43,'Base room charge');
INSERT INTO INVOICECHARGE VALUES ('20201121KJ5499281311046-ch00002','20201121KJ5499281311046','2020-11-21',141.37,'Room Service');
INSERT INTO PAYMENT VALUES ('20201121KJ5499281311046-p00001','20201121KJ5499281311046','2020-05-05','CC',415.81,'Claribel Catanzaro','2554920711075287',2,2027,591,'Mastercard');
-- ------- SAMPLE 912 ----------
INSERT INTO GUEST VALUES(1912,'Kandra','Kelty','KKelty@gmail.com','1234 DaWrong Lane','Flonkerton','MD','12345','405-947-6541');
INSERT INTO RESERVATION VALUES ('20201025KJ4070420436170',1912,null,'KJ','2020-10-25','2020-10-28',null,'active');
-- ------- SAMPLE 913 ----------
INSERT INTO GUEST VALUES(1913,'Abel','Alire','AAlire@hotmail.com','1234 DaWrong Lane','Flonkerton','MD','12345','242-641-7037');
INSERT INTO RESERVATION VALUES ('20201003KI1474015858869',1913,null,'KI','2020-10-03','2020-10-04',null,'active');
INSERT INTO INVOICECHARGE VALUES ('20201003KI1474015858869-ch00001','20201003KI1474015858869','2020-10-03',56.29,'Base room charge');
INSERT INTO INVOICECHARGE VALUES ('20201003KI1474015858869-ch00002','20201003KI1474015858869','2020-10-03',29,'Room Service');
INSERT INTO PAYMENT VALUES ('20201003KI1474015858869-p00001','20201003KI1474015858869','2020-05-05','CC',85.29,'Abel Alire','1072833521226401',1,2026,977,'Mastercard');
-- ------- SAMPLE 914 ----------
INSERT INTO GUEST VALUES(1914,'Fredericka','Farney','FFarney@yahoo.com','1234 DaWrong Lane','Flonkerton','MD','12345','478-048-4679');
INSERT INTO RESERVATION VALUES ('20190808KS2263643561157',1914,201,'KS','2019-08-08','2019-08-11',null,'complete');
-- ------- SAMPLE 915 ----------
INSERT INTO GUEST VALUES(1915,'Doyle','Dykema','DDykema@gmail.com','1234 DaWrong Lane','Flonkerton','MD','12345','138-266-8371');
INSERT INTO RESERVATION VALUES ('20200706KS4329426903039',1915,null,'KS','2020-07-06','2020-07-11',null,'active');
INSERT INTO INVOICECHARGE VALUES ('20200706KS4329426903039-ch00001','20200706KS4329426903039','2020-07-06',351.83,'Base room charge');
INSERT INTO INVOICECHARGE VALUES ('20200706KS4329426903039-ch00002','20200706KS4329426903039','2020-07-06',181.24,'Cleaning fee');
INSERT INTO PAYMENT VALUES ('20200706KS4329426903039-p00001','20200706KS4329426903039','2020-05-05','CC',134,'Doyle Dykema','2192635555727531',12,2021,796,'Mastercard');
-- ------- SAMPLE 916 ----------
INSERT INTO GUEST VALUES(1916,'Tanner','Tomasello','TTomasello@hotmail.com','1234 DaWrong Lane','Flonkerton','MD','12345','401-032-8588');
INSERT INTO RESERVATION VALUES ('20190525QS1008822455132',1916,118,'QS','2019-05-25','2019-05-30',null,'cancelled');
INSERT INTO INVOICECHARGE VALUES ('20190525QS1008822455132-ch00001','20190525QS1008822455132','2019-05-25',586.38,'Base room charge');
INSERT INTO PAYMENT VALUES ('20190525QS1008822455132-p00001','20190525QS1008822455132','2020-05-05','CC',74,'Tanner Tomasello','2075961626702911',8,2023,580,'Mastercard');
-- ------- SAMPLE 917 ----------
INSERT INTO GUEST VALUES(1917,'Demarcus','Dearborn','DDearborn@yahoo.com','1234 DaWrong Lane','Flonkerton','MD','12345','926-482-0677');
INSERT INTO RESERVATION VALUES ('20200817KS3410752310475',1917,null,'KS','2020-08-17','2020-08-20',null,'active');
INSERT INTO INVOICECHARGE VALUES ('20200817KS3410752310475-ch00001','20200817KS3410752310475','2020-08-17',211.1,'Base room charge');
INSERT INTO INVOICECHARGE VALUES ('20200817KS3410752310475-ch00002','20200817KS3410752310475','2020-08-17',108.75,'Room Service');
INSERT INTO PAYMENT VALUES ('20200817KS3410752310475-p00001','20200817KS3410752310475','2020-05-05','CC',70,'Demarcus Dearborn','9580386402680995',12,2025,876,'Mastercard');
-- ------- SAMPLE 918 ----------
INSERT INTO GUEST VALUES(1918,'Shae','Sansom','SSansom@gmail.com','1234 DaWrong Lane','Flonkerton','MD','12345','367-350-3974');
INSERT INTO RESERVATION VALUES ('20200731QD5311902131939',1918,null,'QD','2020-07-31','2020-08-02',null,'active');
INSERT INTO INVOICECHARGE VALUES ('20200731QD5311902131939-ch00001','20200731QD5311902131939','2020-07-31',191.9,'Base room charge');
INSERT INTO PAYMENT (payment_id,invoice_id,payment_date,payment_type,payment_amount) VALUES ('20200731QD5311902131939-p00001','20200731QD5311902131939','2020-05-05','CA',145);
-- ------- SAMPLE 919 ----------
INSERT INTO GUEST VALUES(1919,'Cherry','Chiarello','CChiarello@gmail.com','1234 DaWrong Lane','Flonkerton','MD','12345','666-116-7031');
INSERT INTO RESERVATION VALUES ('20190511KJ4576263010985',1919,203,'KJ','2019-05-11','2019-05-13',null,'complete');
-- ------- SAMPLE 920 ----------
INSERT INTO GUEST VALUES(1920,'Adrianna','Aungst','AAungst@gmail.com','1234 DaWrong Lane','Flonkerton','MD','12345','378-165-3655');
INSERT INTO RESERVATION VALUES ('20210212QD4922022802314',1920,null,'QD','2021-02-12','2021-02-17',null,'active');
-- ------- SAMPLE 921 ----------
INSERT INTO GUEST VALUES(1921,'Shonda','Schult','SSchult@hotmail.com','1234 DaWrong Lane','Flonkerton','MD','12345','846-043-0281');
INSERT INTO RESERVATION VALUES ('20191122QS6580620513537',1921,207,'QS','2019-11-22','2019-11-24',null,'complete');
INSERT INTO INVOICECHARGE VALUES ('20191122QS6580620513537-ch00001','20191122QS6580620513537','2019-11-22',234.55,'Base room charge');
INSERT INTO PAYMENT VALUES ('20191122QS6580620513537-p00001','20191122QS6580620513537','2020-05-05','CC',234.55,'Shonda Schult','2434582697576423',3,2025,118,'Mastercard');
-- ------- SAMPLE 922 ----------
INSERT INTO GUEST VALUES(1922,'Ceola','Carasco','CCarasco@hotmail.com','1234 DaWrong Lane','Flonkerton','MD','12345','742-028-6796');
INSERT INTO RESERVATION VALUES ('20200518QD5594763147403',1922,null,'QD','2020-05-18','2020-05-20',null,'active');
INSERT INTO INVOICECHARGE VALUES ('20200518QD5594763147403-ch00001','20200518QD5594763147403','2020-05-18',191.9,'Base room charge');
INSERT INTO PAYMENT VALUES ('20200518QD5594763147403-p00001','20200518QD5594763147403','2020-05-05','CC',191.9,'Ceola Carasco','2143135986896375',9,2025,817,'Mastercard');
-- ------- SAMPLE 923 ----------
INSERT INTO GUEST VALUES(1923,'Theodora','Trickey','TTrickey@yahoo.com','1234 DaWrong Lane','Flonkerton','MD','12345','123-384-5846');
INSERT INTO RESERVATION VALUES ('20201026QD1849960343385',1923,null,'QD','2020-10-26','2020-10-29',null,'active');
INSERT INTO INVOICECHARGE VALUES ('20201026QD1849960343385-ch00001','20201026QD1849960343385','2020-10-26',189.98,'Base room charge');
INSERT INTO INVOICECHARGE VALUES ('20201026QD1849960343385-ch00002','20201026QD1849960343385','2020-10-26',97.87,'Cleaning fee');
INSERT INTO PAYMENT VALUES ('20201026QD1849960343385-p00001','20201026QD1849960343385','2020-05-05','CC',287.86,'Theodora Trickey','8469136191060514',1,2023,834,'Mastercard');
-- ------- SAMPLE 924 ----------
INSERT INTO GUEST VALUES(1924,'Cherry','Chiarello','CChiarello@hotmail.com','1234 DaWrong Lane','Flonkerton','MD','12345','682-930-0332');
INSERT INTO RESERVATION VALUES ('20191009KJ7383106369469',1924,203,'KJ','2019-10-09','2019-10-11',null,'complete');
-- ------- SAMPLE 925 ----------
INSERT INTO GUEST VALUES(1925,'Dewey','Dye','DDye@gmail.com','1234 DaWrong Lane','Flonkerton','MD','12345','333-812-7120');
INSERT INTO RESERVATION VALUES ('20210213KI3556475677989',1925,null,'KI','2021-02-13','2021-02-17',null,'active');
INSERT INTO INVOICECHARGE VALUES ('20210213KI3556475677989-ch00001','20210213KI3556475677989','2021-02-13',225.16,'Base room charge');
INSERT INTO INVOICECHARGE VALUES ('20210213KI3556475677989-ch00002','20210213KI3556475677989','2021-02-13',115.99,'Cleaning fee');
INSERT INTO PAYMENT VALUES ('20210213KI3556475677989-p00001','20210213KI3556475677989','2020-05-05','CC',90,'Dewey Dye','2389303757669624',8,2021,620,'Mastercard');
-- ------- SAMPLE 926 ----------
INSERT INTO GUEST VALUES(1926,'Fonda','Foreman','FForeman@hotmail.com','1234 DaWrong Lane','Flonkerton','MD','12345','558-466-5096');
INSERT INTO RESERVATION VALUES ('20191201QS6181231361532',1926,118,'QS','2019-12-01','2019-12-06',null,'complete');
-- ------- SAMPLE 927 ----------
INSERT INTO GUEST VALUES(1927,'Heather','Hartin','HHartin@gmail.com','1234 DaWrong Lane','Flonkerton','MD','12345','065-721-8119');
INSERT INTO RESERVATION VALUES ('20200930QS7254726798176',1927,null,'QS','2020-09-30','2020-10-04',null,'active');
INSERT INTO INVOICECHARGE VALUES ('20200930QS7254726798176-ch00001','20200930QS7254726798176','2020-09-30',309.61,'Base room charge');
INSERT INTO INVOICECHARGE VALUES ('20200930QS7254726798176-ch00002','20200930QS7254726798176','2020-09-30',159.5,'Room Service');
INSERT INTO PAYMENT (payment_id,invoice_id,payment_date,payment_type,payment_amount) VALUES ('20200930QS7254726798176-p00001','20200930QS7254726798176','2020-05-05','CA',469.11);
-- ------- SAMPLE 928 ----------
INSERT INTO GUEST VALUES(1928,'Anita','Amezcua','AAmezcua@hotmail.com','1234 DaWrong Lane','Flonkerton','MD','12345','693-760-7130');
INSERT INTO RESERVATION VALUES ('20191205KS4652409210895',1928,206,'KS','2019-12-05','2019-12-09',null,'complete');
INSERT INTO INVOICECHARGE VALUES ('20191205KS4652409210895-ch00001','20191205KS4652409210895','2019-12-05',426.46,'Base room charge');
INSERT INTO PAYMENT VALUES ('20191205KS4652409210895-p00001','20191205KS4652409210895','2020-05-05','CC',426.46,'Anita Amezcua','8276521594807157',7,2023,636,'Mastercard');
-- ------- SAMPLE 929 ----------
INSERT INTO GUEST VALUES(1929,'Asa','Allan','AAllan@gmail.com','1234 DaWrong Lane','Flonkerton','MD','12345','126-388-5857');
INSERT INTO RESERVATION VALUES ('20201211QS4361033631028',1929,null,'QS','2020-12-11','2020-12-12',null,'active');
INSERT INTO INVOICECHARGE VALUES ('20201211QS4361033631028-ch00001','20201211QS4361033631028','2020-12-11',77.4,'Base room charge');
INSERT INTO INVOICECHARGE VALUES ('20201211QS4361033631028-ch00002','20201211QS4361033631028','2020-12-11',39.87,'Room Service');
INSERT INTO PAYMENT (payment_id,invoice_id,payment_date,payment_type,payment_amount) VALUES ('20201211QS4361033631028-p00001','20201211QS4361033631028','2020-05-05','CA',3);
-- ------- SAMPLE 930 ----------
INSERT INTO GUEST VALUES(1930,'Boyce','Bate','BBate@hotmail.com','1234 DaWrong Lane','Flonkerton','MD','12345','274-082-0936');
INSERT INTO RESERVATION VALUES ('20190811KI8633295164555',1930,115,'KI','2019-08-11','2019-08-12',null,'complete');
INSERT INTO INVOICECHARGE VALUES ('20190811KI8633295164555-ch00001','20190811KI8633295164555','2019-08-11',56.29,'Base room charge');
INSERT INTO INVOICECHARGE VALUES ('20190811KI8633295164555-ch00002','20190811KI8633295164555','2019-08-11',29,'Room Service');
INSERT INTO PAYMENT (payment_id,invoice_id,payment_date,payment_type,payment_amount) VALUES ('20190811KI8633295164555-p00001','20190811KI8633295164555','2020-05-05','CA',85.29);
-- ------- SAMPLE 931 ----------
INSERT INTO GUEST VALUES(1931,'Rossana','Running','RRunning@hotmail.com','1234 DaWrong Lane','Flonkerton','MD','12345','653-310-6480');
INSERT INTO RESERVATION VALUES ('20190515KI7048198400005',1931,115,'KI','2019-05-15','2019-05-20',null,'complete');
-- ------- SAMPLE 932 ----------
INSERT INTO GUEST VALUES(1932,'Romaine','Reck','RReck@gmail.com','1234 DaWrong Lane','Flonkerton','MD','12345','788-632-6623');
INSERT INTO RESERVATION VALUES ('20190509QD2644854904841',1932,116,'QD','2019-05-09','2019-05-11',null,'complete');
INSERT INTO INVOICECHARGE VALUES ('20190509QD2644854904841-ch00001','20190509QD2644854904841','2019-05-09',126.66,'Base room charge');
INSERT INTO INVOICECHARGE VALUES ('20190509QD2644854904841-ch00002','20190509QD2644854904841','2019-05-09',65.25,'Cleaning fee');
INSERT INTO PAYMENT VALUES ('20190509QD2644854904841-p00001','20190509QD2644854904841','2020-05-05','CC',191.9,'Romaine Reck','5202886431112846',8,2025,364,'Mastercard');
-- ------- SAMPLE 933 ----------
INSERT INTO GUEST VALUES(1933,'Dane','Dumond','DDumond@yahoo.com','1234 DaWrong Lane','Flonkerton','MD','12345','259-206-4401');
INSERT INTO RESERVATION VALUES ('20201202KS8935252634515',1933,null,'KS','2020-12-02','2020-12-03',null,'active');
-- ------- SAMPLE 934 ----------
INSERT INTO GUEST VALUES(1934,'Bell','Belizaire','BBelizaire@gmail.com','1234 DaWrong Lane','Flonkerton','MD','12345','403-900-7354');
INSERT INTO RESERVATION VALUES ('20201129KI1495832781703',1934,null,'KI','2020-11-29','2020-12-02',null,'active');
INSERT INTO INVOICECHARGE VALUES ('20201129KI1495832781703-ch00001','20201129KI1495832781703','2020-11-29',168.87,'Base room charge');
INSERT INTO INVOICECHARGE VALUES ('20201129KI1495832781703-ch00002','20201129KI1495832781703','2020-11-29',87,'Room Service');
INSERT INTO PAYMENT (payment_id,invoice_id,payment_date,payment_type,payment_amount) VALUES ('20201129KI1495832781703-p00001','20201129KI1495832781703','2020-05-05','CA',255.87);
-- ------- SAMPLE 935 ----------
INSERT INTO GUEST VALUES(1935,'Hanna','Hastie','HHastie@yahoo.com','1234 DaWrong Lane','Flonkerton','MD','12345','012-624-1577');
INSERT INTO RESERVATION VALUES ('20210328KJ9409657185089',1935,null,'KJ','2021-03-28','2021-03-29',null,'active');
INSERT INTO INVOICECHARGE VALUES ('20210328KJ9409657185089-ch00001','20210328KJ9409657185089','2021-03-28',91.48,'Base room charge');
INSERT INTO INVOICECHARGE VALUES ('20210328KJ9409657185089-ch00002','20210328KJ9409657185089','2021-03-28',47.12,'Room Service');
INSERT INTO PAYMENT (payment_id,invoice_id,payment_date,payment_type,payment_amount) VALUES ('20210328KJ9409657185089-p00001','20210328KJ9409657185089','2020-05-05','CA',74);
-- ------- SAMPLE 936 ----------
INSERT INTO GUEST VALUES(1936,'Kathlyn','Kinser','KKinser@hotmail.com','1234 DaWrong Lane','Flonkerton','MD','12345','442-834-5226');
INSERT INTO RESERVATION VALUES ('20200226KI3016979400757',1936,105,'KI','2020-02-26','2020-03-01',null,'complete');
INSERT INTO INVOICECHARGE VALUES ('20200226KI3016979400757-ch00001','20200226KI3016979400757','2020-02-26',225.16,'Base room charge');
INSERT INTO INVOICECHARGE VALUES ('20200226KI3016979400757-ch00002','20200226KI3016979400757','2020-02-26',115.99,'Cleaning fee');
INSERT INTO PAYMENT VALUES ('20200226KI3016979400757-p00001','20200226KI3016979400757','2020-05-05','CC',145,'Kathlyn Kinser','2556256865334123',10,2022,479,'Mastercard');
-- ------- SAMPLE 937 ----------
INSERT INTO GUEST VALUES(1937,'Georgianne','Guadarrama','GGuadarrama@yahoo.com','1234 DaWrong Lane','Flonkerton','MD','12345','287-368-1176');
INSERT INTO RESERVATION VALUES ('20200102KS6051208654193',1937,201,'KS','2020-01-02','2020-01-07',null,'complete');
INSERT INTO INVOICECHARGE VALUES ('20200102KS6051208654193-ch00001','20200102KS6051208654193','2020-01-02',533.07,'Base room charge');
INSERT INTO PAYMENT VALUES ('20200102KS6051208654193-p00001','20200102KS6051208654193','2020-05-05','CC',533.07,'Georgianne Guadarrama','2334163387546191',8,2024,886,'Mastercard');
-- ------- SAMPLE 938 ----------
INSERT INTO GUEST VALUES(1938,'Marylynn','Musson','MMusson@hotmail.com','1234 DaWrong Lane','Flonkerton','MD','12345','125-856-4316');
INSERT INTO RESERVATION VALUES ('20191122KS4283909015860',1938,112,'KS','2019-11-22','2019-11-27',null,'complete');
-- ------- SAMPLE 939 ----------
INSERT INTO GUEST VALUES(1939,'Deangelo','Deloera','DDeloera@gmail.com','1234 DaWrong Lane','Flonkerton','MD','12345','190-823-6567');
INSERT INTO RESERVATION VALUES ('20200329KI5894204487988',1939,110,'KI','2020-03-29','2020-03-31',null,'complete');
INSERT INTO INVOICECHARGE VALUES ('20200329KI5894204487988-ch00001','20200329KI5894204487988','2020-03-29',112.58,'Base room charge');
INSERT INTO INVOICECHARGE VALUES ('20200329KI5894204487988-ch00002','20200329KI5894204487988','2020-03-29',58,'Room Service');
INSERT INTO PAYMENT VALUES ('20200329KI5894204487988-p00001','20200329KI5894204487988','2020-05-05','CC',170.58,'Deangelo Deloera','6690032105846822',2,2027,612,'Mastercard');
-- ------- SAMPLE 940 ----------
INSERT INTO GUEST VALUES(1940,'Floy','Feinstein','FFeinstein@hotmail.com','1234 DaWrong Lane','Flonkerton','MD','12345','306-519-2505');
INSERT INTO RESERVATION VALUES ('20191224QS2051344494904',1940,113,'QS','2019-12-24','2019-12-25',null,'complete');
INSERT INTO INVOICECHARGE VALUES ('20191224QS2051344494904-ch00001','20191224QS2051344494904','2019-12-24',77.4,'Base room charge');
INSERT INTO INVOICECHARGE VALUES ('20191224QS2051344494904-ch00002','20191224QS2051344494904','2019-12-24',39.87,'Cleaning fee');
INSERT INTO PAYMENT VALUES ('20191224QS2051344494904-p00001','20191224QS2051344494904','2020-05-05','CC',117.28,'Floy Feinstein','7530071571605521',8,2027,831,'Mastercard');
-- ------- SAMPLE 941 ----------
INSERT INTO GUEST VALUES(1941,'Yuette','Yetman','YYetman@yahoo.com','1234 DaWrong Lane','Flonkerton','MD','12345','812-557-2523');
INSERT INTO RESERVATION VALUES ('20210403KJ9250089165345',1941,null,'KJ','2021-04-03','2021-04-06',null,'active');
INSERT INTO INVOICECHARGE VALUES ('20210403KJ9250089165345-ch00001','20210403KJ9250089165345','2021-04-03',274.43,'Base room charge');
INSERT INTO INVOICECHARGE VALUES ('20210403KJ9250089165345-ch00002','20210403KJ9250089165345','2021-04-03',141.37,'Cleaning fee');
INSERT INTO PAYMENT VALUES ('20210403KJ9250089165345-p00001','20210403KJ9250089165345','2020-05-05','CC',339,'Yuette Yetman','8530629239510574',2,2022,574,'Mastercard');
-- ------- SAMPLE 942 ----------
INSERT INTO GUEST VALUES(1942,'Florentino','Feth','FFeth@yahoo.com','1234 DaWrong Lane','Flonkerton','MD','12345','474-479-0255');
INSERT INTO RESERVATION VALUES ('20210225KJ5231162444143',1942,null,'KJ','2021-02-25','2021-03-01',null,'active');
INSERT INTO INVOICECHARGE VALUES ('20210225KJ5231162444143-ch00001','20210225KJ5231162444143','2021-02-25',554.41,'Base room charge');
INSERT INTO PAYMENT VALUES ('20210225KJ5231162444143-p00001','20210225KJ5231162444143','2020-05-05','CC',295,'Florentino Feth','5527898203481288',4,2025,351,'Mastercard');
-- ------- SAMPLE 943 ----------
INSERT INTO GUEST VALUES(1943,'Julene','Jahn','JJahn@yahoo.com','1234 DaWrong Lane','Flonkerton','MD','12345','255-668-2977');
INSERT INTO RESERVATION VALUES ('20200501QS7950829446646',1943,207,'QS','2020-05-01','2020-05-03',null,'complete');
-- ------- SAMPLE 944 ----------
INSERT INTO GUEST VALUES(1944,'Romaine','Reck','RReck@hotmail.com','1234 DaWrong Lane','Flonkerton','MD','12345','862-054-3466');
INSERT INTO RESERVATION VALUES ('20200111KI5192668135503',1944,120,'KI','2020-01-11','2020-01-15',null,'complete');
INSERT INTO INVOICECHARGE VALUES ('20200111KI5192668135503-ch00001','20200111KI5192668135503','2020-01-11',341.16,'Base room charge');
INSERT INTO PAYMENT VALUES ('20200111KI5192668135503-p00001','20200111KI5192668135503','2020-05-05','CC',290,'Romaine Reck','5442100287808843',7,2022,60,'Mastercard');
-- ------- SAMPLE 945 ----------
INSERT INTO GUEST VALUES(1945,'Shawna','Schmit','SSchmit@hotmail.com','1234 DaWrong Lane','Flonkerton','MD','12345','485-587-5922');
INSERT INTO RESERVATION VALUES ('20200214KI8557092388155',1945,120,'KI','2020-02-14','2020-02-15',null,'complete');
INSERT INTO INVOICECHARGE VALUES ('20200214KI8557092388155-ch00001','20200214KI8557092388155','2020-02-14',56.29,'Base room charge');
INSERT INTO INVOICECHARGE VALUES ('20200214KI8557092388155-ch00002','20200214KI8557092388155','2020-02-14',29,'Cleaning fee');
INSERT INTO PAYMENT VALUES ('20200214KI8557092388155-p00001','20200214KI8557092388155','2020-05-05','CC',85.29,'Shawna Schmit','6650822762101989',3,2021,857,'Mastercard');
-- ------- SAMPLE 946 ----------
INSERT INTO GUEST VALUES(1946,'Kasey','Kipp','KKipp@yahoo.com','1234 DaWrong Lane','Flonkerton','MD','12345','004-010-8831');
INSERT INTO RESERVATION VALUES ('20200213KI1193644276275',1946,105,'KI','2020-02-13','2020-02-16',null,'complete');
INSERT INTO INVOICECHARGE VALUES ('20200213KI1193644276275-ch00001','20200213KI1193644276275','2020-02-13',255.87,'Base room charge');
INSERT INTO PAYMENT (payment_id,invoice_id,payment_date,payment_type,payment_amount) VALUES ('20200213KI1193644276275-p00001','20200213KI1193644276275','2020-05-05','CA',255.87);
-- ------- SAMPLE 947 ----------
INSERT INTO GUEST VALUES(1947,'Deangelo','Deloera','DDeloera@gmail.com','1234 DaWrong Lane','Flonkerton','MD','12345','704-064-3438');
INSERT INTO RESERVATION VALUES ('20201019KI1597221577370',1947,null,'KI','2020-10-19','2020-10-20',null,'active');
-- ------- SAMPLE 948 ----------
INSERT INTO GUEST VALUES(1948,'Willian','Wiest','WWiest@gmail.com','1234 DaWrong Lane','Flonkerton','MD','12345','265-954-1565');
INSERT INTO RESERVATION VALUES ('20190823KS8069669921827',1948,206,'KS','2019-08-23','2019-08-24',null,'complete');
INSERT INTO INVOICECHARGE VALUES ('20190823KS8069669921827-ch00001','20190823KS8069669921827','2019-08-23',106.61,'Base room charge');
INSERT INTO PAYMENT VALUES ('20190823KS8069669921827-p00001','20190823KS8069669921827','2020-05-05','CC',24,'Willian Wiest','9902766577499282',12,2026,236,'Mastercard');
-- ------- SAMPLE 949 ----------
INSERT INTO GUEST VALUES(1949,'Walter','Wellington','WWellington@yahoo.com','1234 DaWrong Lane','Flonkerton','MD','12345','156-820-7090');
INSERT INTO RESERVATION VALUES ('20200531QD8194754590324',1949,null,'QD','2020-05-31','2020-06-03',null,'active');
INSERT INTO INVOICECHARGE VALUES ('20200531QD8194754590324-ch00001','20200531QD8194754590324','2020-05-31',287.86,'Base room charge');
INSERT INTO PAYMENT (payment_id,invoice_id,payment_date,payment_type,payment_amount) VALUES ('20200531QD8194754590324-p00001','20200531QD8194754590324','2020-05-05','CA',209);
-- ------- SAMPLE 950 ----------
INSERT INTO GUEST VALUES(1950,'Hanna','Hastie','HHastie@hotmail.com','1234 DaWrong Lane','Flonkerton','MD','12345','093-008-8796');
INSERT INTO RESERVATION VALUES ('20200428KJ9107196505080',1950,119,'KJ','2020-04-28','2020-05-02',null,'complete');
INSERT INTO INVOICECHARGE VALUES ('20200428KJ9107196505080-ch00001','20200428KJ9107196505080','2020-04-28',365.91,'Base room charge');
INSERT INTO INVOICECHARGE VALUES ('20200428KJ9107196505080-ch00002','20200428KJ9107196505080','2020-04-28',188.5,'Cleaning fee');
INSERT INTO PAYMENT (payment_id,invoice_id,payment_date,payment_type,payment_amount) VALUES ('20200428KJ9107196505080-p00001','20200428KJ9107196505080','2020-05-05','CA',86);
-- ------- SAMPLE 951 ----------
INSERT INTO GUEST VALUES(1951,'Linwood','Layden','LLayden@gmail.com','1234 DaWrong Lane','Flonkerton','MD','12345','933-755-4212');
INSERT INTO RESERVATION VALUES ('20201101KS2695863807374',1951,null,'KS','2020-11-01','2020-11-04',null,'active');
INSERT INTO INVOICECHARGE VALUES ('20201101KS2695863807374-ch00001','20201101KS2695863807374','2020-11-01',319.84,'Base room charge');
INSERT INTO PAYMENT VALUES ('20201101KS2695863807374-p00001','20201101KS2695863807374','2020-05-05','CC',95,'Linwood Layden','4362537484007700',1,2025,581,'Mastercard');
-- ------- SAMPLE 952 ----------
INSERT INTO GUEST VALUES(1952,'Maryann','Mccutcheon','MMccutcheon@hotmail.com','1234 DaWrong Lane','Flonkerton','MD','12345','812-865-3919');
INSERT INTO RESERVATION VALUES ('20191207KI8273205714189',1952,209,'KI','2019-12-07','2019-12-10',null,'complete');
INSERT INTO INVOICECHARGE VALUES ('20191207KI8273205714189-ch00001','20191207KI8273205714189','2019-12-07',168.87,'Base room charge');
INSERT INTO INVOICECHARGE VALUES ('20191207KI8273205714189-ch00002','20191207KI8273205714189','2019-12-07',87,'Room Service');
INSERT INTO PAYMENT (payment_id,invoice_id,payment_date,payment_type,payment_amount) VALUES ('20191207KI8273205714189-p00001','20191207KI8273205714189','2020-05-05','CA',255.87);
-- ------- SAMPLE 953 ----------
INSERT INTO GUEST VALUES(1953,'Daron','Dycus','DDycus@hotmail.com','1234 DaWrong Lane','Flonkerton','MD','12345','636-985-7651');
INSERT INTO RESERVATION VALUES ('20200927QD3715901026528',1953,null,'QD','2020-09-27','2020-10-02',null,'active');
INSERT INTO INVOICECHARGE VALUES ('20200927QD3715901026528-ch00001','20200927QD3715901026528','2020-09-27',316.64,'Base room charge');
INSERT INTO INVOICECHARGE VALUES ('20200927QD3715901026528-ch00002','20200927QD3715901026528','2020-09-27',163.12,'Room Service');
INSERT INTO PAYMENT VALUES ('20200927QD3715901026528-p00001','20200927QD3715901026528','2020-05-05','CC',479.76,'Daron Dycus','1237864774458351',9,2021,521,'Mastercard');
-- ------- SAMPLE 954 ----------
INSERT INTO GUEST VALUES(1954,'Shad','Sitler','SSitler@gmail.com','1234 DaWrong Lane','Flonkerton','MD','12345','266-858-2867');
INSERT INTO RESERVATION VALUES ('20210315KJ2032343966878',1954,null,'KJ','2021-03-15','2021-03-17',null,'active');
-- ------- SAMPLE 955 ----------
INSERT INTO GUEST VALUES(1955,'Anita','Amezcua','AAmezcua@gmail.com','1234 DaWrong Lane','Flonkerton','MD','12345','072-677-8377');
INSERT INTO RESERVATION VALUES ('20201105KJ3234111900208',1955,null,'KJ','2020-11-05','2020-11-08',null,'cancelled');
INSERT INTO INVOICECHARGE VALUES ('20201105KJ3234111900208-ch00001','20201105KJ3234111900208','2020-11-05',415.81,'Base room charge');
INSERT INTO PAYMENT (payment_id,invoice_id,payment_date,payment_type,payment_amount) VALUES ('20201105KJ3234111900208-p00001','20201105KJ3234111900208','2020-05-05','CA',415.81);
-- ------- SAMPLE 956 ----------
INSERT INTO GUEST VALUES(1956,'Sherrie','Stultz','SStultz@yahoo.com','1234 DaWrong Lane','Flonkerton','MD','12345','451-805-9247');
INSERT INTO RESERVATION VALUES ('20200628QS7234072749282',1956,null,'QS','2020-06-28','2020-06-29',null,'active');
INSERT INTO INVOICECHARGE VALUES ('20200628QS7234072749282-ch00001','20200628QS7234072749282','2020-06-28',77.4,'Base room charge');
INSERT INTO INVOICECHARGE VALUES ('20200628QS7234072749282-ch00002','20200628QS7234072749282','2020-06-28',39.87,'Cleaning fee');
INSERT INTO PAYMENT (payment_id,invoice_id,payment_date,payment_type,payment_amount) VALUES ('20200628QS7234072749282-p00001','20200628QS7234072749282','2020-05-05','CA',113);
-- ------- SAMPLE 957 ----------
INSERT INTO GUEST VALUES(1957,'Jammie','Jo','JJo@hotmail.com','1234 DaWrong Lane','Flonkerton','MD','12345','751-817-5019');
INSERT INTO RESERVATION VALUES ('20190702KI1442769113879',1957,115,'KI','2019-07-02','2019-07-06',null,'complete');
INSERT INTO INVOICECHARGE VALUES ('20190702KI1442769113879-ch00001','20190702KI1442769113879','2019-07-02',341.16,'Base room charge');
INSERT INTO PAYMENT VALUES ('20190702KI1442769113879-p00001','20190702KI1442769113879','2020-05-05','CC',341.16,'Jammie Jo','7066136604177281',9,2024,316,'Mastercard');
-- ------- SAMPLE 958 ----------
INSERT INTO GUEST VALUES(1958,'Demarcus','Dearborn','DDearborn@gmail.com','1234 DaWrong Lane','Flonkerton','MD','12345','274-242-8020');
INSERT INTO RESERVATION VALUES ('20200815KI7223942757296',1958,null,'KI','2020-08-15','2020-08-19',null,'cancelled');
INSERT INTO INVOICECHARGE VALUES ('20200815KI7223942757296-ch00001','20200815KI7223942757296','2020-08-15',225.16,'Base room charge');
INSERT INTO INVOICECHARGE VALUES ('20200815KI7223942757296-ch00002','20200815KI7223942757296','2020-08-15',115.99,'Cleaning fee');
INSERT INTO PAYMENT VALUES ('20200815KI7223942757296-p00001','20200815KI7223942757296','2020-05-05','CC',289,'Demarcus Dearborn','8816410344527047',2,2022,733,'Mastercard');
-- ------- SAMPLE 959 ----------
INSERT INTO GUEST VALUES(1959,'Jeanene','Jacobo','JJacobo@gmail.com','1234 DaWrong Lane','Flonkerton','MD','12345','932-511-9813');
INSERT INTO RESERVATION VALUES ('20201113KI4933859912850',1959,null,'KI','2020-11-13','2020-11-14',null,'active');
INSERT INTO INVOICECHARGE VALUES ('20201113KI4933859912850-ch00001','20201113KI4933859912850','2020-11-13',85.29,'Base room charge');
INSERT INTO PAYMENT (payment_id,invoice_id,payment_date,payment_type,payment_amount) VALUES ('20201113KI4933859912850-p00001','20201113KI4933859912850','2020-05-05','CA',85.29);
-- ------- SAMPLE 960 ----------
INSERT INTO GUEST VALUES(1960,'Boyce','Bate','BBate@hotmail.com','1234 DaWrong Lane','Flonkerton','MD','12345','121-366-2653');
INSERT INTO RESERVATION VALUES ('20200309KJ4028883349105',1960,208,'KJ','2020-03-09','2020-03-12',null,'cancelled');
INSERT INTO INVOICECHARGE VALUES ('20200309KJ4028883349105-ch00001','20200309KJ4028883349105','2020-03-09',415.81,'Base room charge');
INSERT INTO PAYMENT VALUES ('20200309KJ4028883349105-p00001','20200309KJ4028883349105','2020-05-05','CC',415.81,'Boyce Bate','5918925539414230',2,2025,654,'Mastercard');
-- ------- SAMPLE 961 ----------
INSERT INTO GUEST VALUES(1961,'Jamey','Jen','JJen@gmail.com','1234 DaWrong Lane','Flonkerton','MD','12345','904-469-0303');
INSERT INTO RESERVATION VALUES ('20191229KJ5677532207271',1961,104,'KJ','2019-12-29','2020-01-03',null,'complete');
-- ------- SAMPLE 962 ----------
INSERT INTO GUEST VALUES(1962,'Lillia','Linen','LLinen@yahoo.com','1234 DaWrong Lane','Flonkerton','MD','12345','147-310-8589');
INSERT INTO RESERVATION VALUES ('20200927QD4984254394964',1962,null,'QD','2020-09-27','2020-09-29',null,'active');
-- ------- SAMPLE 963 ----------
INSERT INTO GUEST VALUES(1963,'Romelia','Rigdon','RRigdon@hotmail.com','1234 DaWrong Lane','Flonkerton','MD','12345','779-633-2685');
INSERT INTO RESERVATION VALUES ('20200618QD5028618973244',1963,null,'QD','2020-06-18','2020-06-20',null,'cancelled');
INSERT INTO INVOICECHARGE VALUES ('20200618QD5028618973244-ch00001','20200618QD5028618973244','2020-06-18',126.66,'Base room charge');
INSERT INTO INVOICECHARGE VALUES ('20200618QD5028618973244-ch00002','20200618QD5028618973244','2020-06-18',65.25,'Room Service');
INSERT INTO PAYMENT VALUES ('20200618QD5028618973244-p00001','20200618QD5028618973244','2020-05-05','CC',48,'Romelia Rigdon','6849212938621884',2,2026,855,'Mastercard');
-- ------- SAMPLE 964 ----------
INSERT INTO GUEST VALUES(1964,'Selene','Staiger','SStaiger@hotmail.com','1234 DaWrong Lane','Flonkerton','MD','12345','879-364-3365');
INSERT INTO RESERVATION VALUES ('20200130QD9697895460155',1964,200,'QD','2020-01-30','2020-02-02',null,'complete');
INSERT INTO INVOICECHARGE VALUES ('20200130QD9697895460155-ch00001','20200130QD9697895460155','2020-01-30',189.98,'Base room charge');
INSERT INTO INVOICECHARGE VALUES ('20200130QD9697895460155-ch00002','20200130QD9697895460155','2020-01-30',97.87,'Room Service');
INSERT INTO PAYMENT VALUES ('20200130QD9697895460155-p00001','20200130QD9697895460155','2020-05-05','CC',287.86,'Selene Staiger','9330916938973155',10,2023,728,'Mastercard');
-- ------- SAMPLE 965 ----------
INSERT INTO GUEST VALUES(1965,'Dorothea','Dipaolo','DDipaolo@hotmail.com','1234 DaWrong Lane','Flonkerton','MD','12345','777-334-5016');
INSERT INTO RESERVATION VALUES ('20200316QS5120125911008',1965,113,'QS','2020-03-16','2020-03-20',null,'complete');
INSERT INTO INVOICECHARGE VALUES ('20200316QS5120125911008-ch00001','20200316QS5120125911008','2020-03-16',469.11,'Base room charge');
INSERT INTO PAYMENT VALUES ('20200316QS5120125911008-p00001','20200316QS5120125911008','2020-05-05','CC',469.11,'Dorothea Dipaolo','9146491411157735',6,2021,398,'Mastercard');
-- ------- SAMPLE 966 ----------
INSERT INTO GUEST VALUES(1966,'Yuette','Yetman','YYetman@yahoo.com','1234 DaWrong Lane','Flonkerton','MD','12345','357-481-9228');
INSERT INTO RESERVATION VALUES ('20201013KI6569391469817',1966,null,'KI','2020-10-13','2020-10-18',null,'active');
-- ------- SAMPLE 967 ----------
INSERT INTO GUEST VALUES(1967,'Hedwig','Hinz','HHinz@hotmail.com','1234 DaWrong Lane','Flonkerton','MD','12345','271-189-4503');
INSERT INTO RESERVATION VALUES ('20191008KI8612682722854',1967,115,'KI','2019-10-08','2019-10-13',null,'complete');
-- ------- SAMPLE 968 ----------
INSERT INTO GUEST VALUES(1968,'Shera','Shorter','SShorter@gmail.com','1234 DaWrong Lane','Flonkerton','MD','12345','136-729-4103');
INSERT INTO RESERVATION VALUES ('20191015KJ2892128327595',1968,114,'KJ','2019-10-15','2019-10-18',null,'complete');
INSERT INTO INVOICECHARGE VALUES ('20191015KJ2892128327595-ch00001','20191015KJ2892128327595','2019-10-15',415.81,'Base room charge');
INSERT INTO PAYMENT (payment_id,invoice_id,payment_date,payment_type,payment_amount) VALUES ('20191015KJ2892128327595-p00001','20191015KJ2892128327595','2020-05-05','CA',364);
-- ------- SAMPLE 969 ----------
INSERT INTO GUEST VALUES(1969,'Kaley','Kilmon','KKilmon@hotmail.com','1234 DaWrong Lane','Flonkerton','MD','12345','212-004-3115');
INSERT INTO RESERVATION VALUES ('20190822KJ2112456170205',1969,109,'KJ','2019-08-22','2019-08-24',null,'complete');
-- ------- SAMPLE 970 ----------
INSERT INTO GUEST VALUES(1970,'Jenna','Jesse','JJesse@hotmail.com','1234 DaWrong Lane','Flonkerton','MD','12345','964-570-8945');
INSERT INTO RESERVATION VALUES ('20200107KJ2166429019801',1970,119,'KJ','2020-01-07','2020-01-09',null,'cancelled');
INSERT INTO INVOICECHARGE VALUES ('20200107KJ2166429019801-ch00001','20200107KJ2166429019801','2020-01-07',277.2,'Base room charge');
INSERT INTO PAYMENT VALUES ('20200107KJ2166429019801-p00001','20200107KJ2166429019801','2020-05-05','CC',194,'Jenna Jesse','4521955134099604',12,2026,992,'Mastercard');
-- ------- SAMPLE 971 ----------
INSERT INTO GUEST VALUES(1971,'Jarrett','Janelle','JJanelle@hotmail.com','1234 DaWrong Lane','Flonkerton','MD','12345','219-194-1292');
INSERT INTO RESERVATION VALUES ('20201111QS4837569481128',1971,null,'QS','2020-11-11','2020-11-13',null,'active');
INSERT INTO INVOICECHARGE VALUES ('20201111QS4837569481128-ch00001','20201111QS4837569481128','2020-11-11',234.55,'Base room charge');
INSERT INTO PAYMENT (payment_id,invoice_id,payment_date,payment_type,payment_amount) VALUES ('20201111QS4837569481128-p00001','20201111QS4837569481128','2020-05-05','CA',234.55);
-- ------- SAMPLE 972 ----------
INSERT INTO GUEST VALUES(1972,'Doyle','Dykema','DDykema@hotmail.com','1234 DaWrong Lane','Flonkerton','MD','12345','886-492-8913');
INSERT INTO RESERVATION VALUES ('20200305KS3411519573188',1972,117,'KS','2020-03-05','2020-03-09',null,'complete');
INSERT INTO INVOICECHARGE VALUES ('20200305KS3411519573188-ch00001','20200305KS3411519573188','2020-03-05',211.1,'Base room charge');
INSERT INTO INVOICECHARGE VALUES ('20200305KS3411519573188-ch00002','20200305KS3411519573188','2020-03-05',108.75,'Room Service');
INSERT INTO PAYMENT VALUES ('20200305KS3411519573188-p00001','20200305KS3411519573188','2020-05-05','CC',254,'Doyle Dykema','7908953750934429',5,2024,471,'Mastercard');
-- ------- SAMPLE 973 ----------
INSERT INTO GUEST VALUES(1973,'Francie','Fairbank','FFairbank@yahoo.com','1234 DaWrong Lane','Flonkerton','MD','12345','957-064-3023');
INSERT INTO RESERVATION VALUES ('20210119QD6029972008853',1973,null,'QD','2021-01-19','2021-01-21',null,'active');
INSERT INTO INVOICECHARGE VALUES ('20210119QD6029972008853-ch00001','20210119QD6029972008853','2021-01-19',126.66,'Base room charge');
INSERT INTO INVOICECHARGE VALUES ('20210119QD6029972008853-ch00002','20210119QD6029972008853','2021-01-19',65.25,'Cleaning fee');
INSERT INTO PAYMENT VALUES ('20210119QD6029972008853-p00001','20210119QD6029972008853','2020-05-05','CC',191.9,'Francie Fairbank','9690662028797666',3,2024,892,'Mastercard');
-- ------- SAMPLE 974 ----------
INSERT INTO GUEST VALUES(1974,'Leighann','Leith','LLeith@gmail.com','1234 DaWrong Lane','Flonkerton','MD','12345','289-601-7896');
INSERT INTO RESERVATION VALUES ('20201130KJ8936161100691',1974,null,'KJ','2020-11-30','2020-12-01',null,'active');
INSERT INTO INVOICECHARGE VALUES ('20201130KJ8936161100691-ch00001','20201130KJ8936161100691','2020-11-30',138.6,'Base room charge');
INSERT INTO PAYMENT VALUES ('20201130KJ8936161100691-p00001','20201130KJ8936161100691','2020-05-05','CC',52,'Leighann Leith','9444196353151478',5,2022,502,'Mastercard');
-- ------- SAMPLE 975 ----------
INSERT INTO GUEST VALUES(1975,'Joann','Joplin','JJoplin@gmail.com','1234 DaWrong Lane','Flonkerton','MD','12345','489-793-6512');
INSERT INTO RESERVATION VALUES ('20201107KS9745231706636',1975,null,'KS','2020-11-07','2020-11-10',null,'active');
INSERT INTO INVOICECHARGE VALUES ('20201107KS9745231706636-ch00001','20201107KS9745231706636','2020-11-07',319.84,'Base room charge');
INSERT INTO PAYMENT VALUES ('20201107KS9745231706636-p00001','20201107KS9745231706636','2020-05-05','CC',319.84,'Joann Joplin','6102767696776236',11,2023,231,'Mastercard');
-- ------- SAMPLE 976 ----------
INSERT INTO GUEST VALUES(1976,'Boyce','Bate','BBate@gmail.com','1234 DaWrong Lane','Flonkerton','MD','12345','197-582-2802');
INSERT INTO RESERVATION VALUES ('20210111KS6976004502126',1976,null,'KS','2021-01-11','2021-01-16',null,'active');
INSERT INTO INVOICECHARGE VALUES ('20210111KS6976004502126-ch00001','20210111KS6976004502126','2021-01-11',351.83,'Base room charge');
INSERT INTO INVOICECHARGE VALUES ('20210111KS6976004502126-ch00002','20210111KS6976004502126','2021-01-11',181.24,'Cleaning fee');
INSERT INTO PAYMENT VALUES ('20210111KS6976004502126-p00001','20210111KS6976004502126','2020-05-05','CC',533.07,'Boyce Bate','2421422732749393',8,2022,883,'Mastercard');
-- ------- SAMPLE 977 ----------
INSERT INTO GUEST VALUES(1977,'Demarcus','Dearborn','DDearborn@yahoo.com','1234 DaWrong Lane','Flonkerton','MD','12345','846-442-3385');
INSERT INTO RESERVATION VALUES ('20190819KS2326819769524',1977,201,'KS','2019-08-19','2019-08-20',null,'complete');
INSERT INTO INVOICECHARGE VALUES ('20190819KS2326819769524-ch00001','20190819KS2326819769524','2019-08-19',106.61,'Base room charge');
INSERT INTO PAYMENT VALUES ('20190819KS2326819769524-p00001','20190819KS2326819769524','2020-05-05','CC',2,'Demarcus Dearborn','9023511274916405',6,2027,202,'Mastercard');
-- ------- SAMPLE 978 ----------
INSERT INTO GUEST VALUES(1978,'Lynda','Linda','LLinda@gmail.com','1234 DaWrong Lane','Flonkerton','MD','12345','752-544-1890');
INSERT INTO RESERVATION VALUES ('20200421KI3726769185550',1978,204,'KI','2020-04-21','2020-04-24',null,'cancelled');
INSERT INTO INVOICECHARGE VALUES ('20200421KI3726769185550-ch00001','20200421KI3726769185550','2020-04-21',255.87,'Base room charge');
INSERT INTO PAYMENT VALUES ('20200421KI3726769185550-p00001','20200421KI3726769185550','2020-05-05','CC',12,'Lynda Linda','6559688601146379',7,2025,509,'Mastercard');
-- ------- SAMPLE 979 ----------
INSERT INTO GUEST VALUES(1979,'Maryann','Mccutcheon','MMccutcheon@yahoo.com','1234 DaWrong Lane','Flonkerton','MD','12345','261-418-3051');
INSERT INTO RESERVATION VALUES ('20190913QS1064965979286',1979,202,'QS','2019-09-13','2019-09-15',null,'complete');
-- ------- SAMPLE 980 ----------
INSERT INTO GUEST VALUES(1980,'Margorie','Mcnish','MMcnish@hotmail.com','1234 DaWrong Lane','Flonkerton','MD','12345','319-920-1032');
INSERT INTO RESERVATION VALUES ('20191106KJ1983199059844',1980,109,'KJ','2019-11-06','2019-11-10',null,'complete');
INSERT INTO INVOICECHARGE VALUES ('20191106KJ1983199059844-ch00001','20191106KJ1983199059844','2019-11-06',365.91,'Base room charge');
INSERT INTO INVOICECHARGE VALUES ('20191106KJ1983199059844-ch00002','20191106KJ1983199059844','2019-11-06',188.5,'Room Service');
INSERT INTO PAYMENT VALUES ('20191106KJ1983199059844-p00001','20191106KJ1983199059844','2020-05-05','CC',531,'Margorie Mcnish','2046244242181935',9,2027,595,'Mastercard');
-- ------- SAMPLE 981 ----------
INSERT INTO GUEST VALUES(1981,'Shawna','Schmit','SSchmit@gmail.com','1234 DaWrong Lane','Flonkerton','MD','12345','865-546-0658');
INSERT INTO RESERVATION VALUES ('20190707KS4207380541783',1981,107,'KS','2019-07-07','2019-07-08',null,'complete');
INSERT INTO INVOICECHARGE VALUES ('20190707KS4207380541783-ch00001','20190707KS4207380541783','2019-07-07',106.61,'Base room charge');
INSERT INTO PAYMENT VALUES ('20190707KS4207380541783-p00001','20190707KS4207380541783','2020-05-05','CC',20,'Shawna Schmit','8217333563930746',5,2024,917,'Mastercard');
-- ------- SAMPLE 982 ----------
INSERT INTO GUEST VALUES(1982,'Ella','Evanoff','EEvanoff@hotmail.com','1234 DaWrong Lane','Flonkerton','MD','12345','834-239-7836');
INSERT INTO RESERVATION VALUES ('20210214QD2043414659024',1982,null,'QD','2021-02-14','2021-02-17',null,'cancelled');
-- ------- SAMPLE 983 ----------
INSERT INTO GUEST VALUES(1983,'Kathern','Korn','KKorn@hotmail.com','1234 DaWrong Lane','Flonkerton','MD','12345','184-374-1172');
INSERT INTO RESERVATION VALUES ('20200907QS5181187342529',1983,null,'QS','2020-09-07','2020-09-10',null,'active');
-- ------- SAMPLE 984 ----------
INSERT INTO GUEST VALUES(1984,'Bessie','Buhler','BBuhler@yahoo.com','1234 DaWrong Lane','Flonkerton','MD','12345','501-634-6609');
INSERT INTO RESERVATION VALUES ('20201021KI9265301260090',1984,null,'KI','2020-10-21','2020-10-25',null,'active');
INSERT INTO INVOICECHARGE VALUES ('20201021KI9265301260090-ch00001','20201021KI9265301260090','2020-10-21',225.16,'Base room charge');
INSERT INTO INVOICECHARGE VALUES ('20201021KI9265301260090-ch00002','20201021KI9265301260090','2020-10-21',115.99,'Room Service');
INSERT INTO PAYMENT VALUES ('20201021KI9265301260090-p00001','20201021KI9265301260090','2020-05-05','CC',341.16,'Bessie Buhler','1182151167480089',2,2025,424,'Mastercard');
-- ------- SAMPLE 985 ----------
INSERT INTO GUEST VALUES(1985,'Leighann','Leith','LLeith@yahoo.com','1234 DaWrong Lane','Flonkerton','MD','12345','144-034-1535');
INSERT INTO RESERVATION VALUES ('20201105QS9409744934107',1985,null,'QS','2020-11-05','2020-11-08',null,'active');
INSERT INTO INVOICECHARGE VALUES ('20201105QS9409744934107-ch00001','20201105QS9409744934107','2020-11-05',232.21,'Base room charge');
INSERT INTO INVOICECHARGE VALUES ('20201105QS9409744934107-ch00002','20201105QS9409744934107','2020-11-05',119.62,'Cleaning fee');
INSERT INTO PAYMENT VALUES ('20201105QS9409744934107-p00001','20201105QS9409744934107','2020-05-05','CC',351.83,'Leighann Leith','1952724307334073',8,2027,700,'Mastercard');
-- ------- SAMPLE 986 ----------
INSERT INTO GUEST VALUES(1986,'Joann','Joplin','JJoplin@gmail.com','1234 DaWrong Lane','Flonkerton','MD','12345','563-670-0821');
INSERT INTO RESERVATION VALUES ('20200112KS2124055052991',1986,112,'KS','2020-01-12','2020-01-17',null,'complete');
INSERT INTO INVOICECHARGE VALUES ('20200112KS2124055052991-ch00001','20200112KS2124055052991','2020-01-12',533.07,'Base room charge');
INSERT INTO PAYMENT VALUES ('20200112KS2124055052991-p00001','20200112KS2124055052991','2020-05-05','CC',533.07,'Joann Joplin','3164731819746443',5,2026,801,'Mastercard');
-- ------- SAMPLE 987 ----------
INSERT INTO GUEST VALUES(1987,'Melaine','Miskell','MMiskell@yahoo.com','1234 DaWrong Lane','Flonkerton','MD','12345','165-534-2223');
INSERT INTO RESERVATION VALUES ('20200907QS6884862186051',1987,null,'QS','2020-09-07','2020-09-08',null,'active');
-- ------- SAMPLE 988 ----------
INSERT INTO GUEST VALUES(1988,'Keturah','Kagawa','KKagawa@hotmail.com','1234 DaWrong Lane','Flonkerton','MD','12345','763-132-5917');
INSERT INTO RESERVATION VALUES ('20201117KI7890471554631',1988,null,'KI','2020-11-17','2020-11-22',null,'active');
-- ------- SAMPLE 989 ----------
INSERT INTO GUEST VALUES(1989,'Freida','Forbis','FForbis@yahoo.com','1234 DaWrong Lane','Flonkerton','MD','12345','863-890-6615');
INSERT INTO RESERVATION VALUES ('20200103KS8877953037843',1989,102,'KS','2020-01-03','2020-01-07',null,'complete');
-- ------- SAMPLE 990 ----------
INSERT INTO GUEST VALUES(1990,'Ngan','Nalley','NNalley@gmail.com','1234 DaWrong Lane','Flonkerton','MD','12345','013-414-5995');
INSERT INTO RESERVATION VALUES ('20200911KI9597148805066',1990,null,'KI','2020-09-11','2020-09-12',null,'active');
INSERT INTO INVOICECHARGE VALUES ('20200911KI9597148805066-ch00001','20200911KI9597148805066','2020-09-11',85.29,'Base room charge');
INSERT INTO PAYMENT VALUES ('20200911KI9597148805066-p00001','20200911KI9597148805066','2020-05-05','CC',85.29,'Ngan Nalley','6781934210362023',2,2024,267,'Mastercard');
-- ------- SAMPLE 991 ----------
INSERT INTO GUEST VALUES(1991,'Stan','Schnell','SSchnell@gmail.com','1234 DaWrong Lane','Flonkerton','MD','12345','886-154-9461');
INSERT INTO RESERVATION VALUES ('20210321QD1008156278020',1991,null,'QD','2021-03-21','2021-03-24',null,'active');
INSERT INTO INVOICECHARGE VALUES ('20210321QD1008156278020-ch00001','20210321QD1008156278020','2021-03-21',189.98,'Base room charge');
INSERT INTO INVOICECHARGE VALUES ('20210321QD1008156278020-ch00002','20210321QD1008156278020','2021-03-21',97.87,'Room Service');
INSERT INTO PAYMENT VALUES ('20210321QD1008156278020-p00001','20210321QD1008156278020','2020-05-05','CC',287.86,'Stan Schnell','3308034549458232',6,2021,318,'Mastercard');
-- ------- SAMPLE 992 ----------
INSERT INTO GUEST VALUES(1992,'Cherry','Chiarello','CChiarello@yahoo.com','1234 DaWrong Lane','Flonkerton','MD','12345','347-967-3529');
INSERT INTO RESERVATION VALUES ('20200121KJ9076973889459',1992,104,'KJ','2020-01-21','2020-01-26',null,'complete');
INSERT INTO INVOICECHARGE VALUES ('20200121KJ9076973889459-ch00001','20200121KJ9076973889459','2020-01-21',457.39,'Base room charge');
INSERT INTO INVOICECHARGE VALUES ('20200121KJ9076973889459-ch00002','20200121KJ9076973889459','2020-01-21',235.62,'Room Service');
INSERT INTO PAYMENT VALUES ('20200121KJ9076973889459-p00001','20200121KJ9076973889459','2020-05-05','CC',371,'Cherry Chiarello','4617426439568765',12,2021,991,'Mastercard');
-- ------- SAMPLE 993 ----------
INSERT INTO GUEST VALUES(1993,'Jenna','Jesse','JJesse@yahoo.com','1234 DaWrong Lane','Flonkerton','MD','12345','624-930-2592');
INSERT INTO RESERVATION VALUES ('20201120KS7233544745492',1993,null,'KS','2020-11-20','2020-11-22',null,'active');
INSERT INTO INVOICECHARGE VALUES ('20201120KS7233544745492-ch00001','20201120KS7233544745492','2020-11-20',140.73,'Base room charge');
INSERT INTO INVOICECHARGE VALUES ('20201120KS7233544745492-ch00002','20201120KS7233544745492','2020-11-20',72.5,'Room Service');
INSERT INTO PAYMENT VALUES ('20201120KS7233544745492-p00001','20201120KS7233544745492','2020-05-05','CC',213.23,'Jenna Jesse','9568056441257402',10,2026,488,'Mastercard');
-- ------- SAMPLE 994 ----------
INSERT INTO GUEST VALUES(1994,'Daron','Dycus','DDycus@gmail.com','1234 DaWrong Lane','Flonkerton','MD','12345','090-439-5741');
INSERT INTO RESERVATION VALUES ('20200311QS5389650494416',1994,207,'QS','2020-03-11','2020-03-14',null,'complete');
INSERT INTO INVOICECHARGE VALUES ('20200311QS5389650494416-ch00001','20200311QS5389650494416','2020-03-11',232.21,'Base room charge');
INSERT INTO INVOICECHARGE VALUES ('20200311QS5389650494416-ch00002','20200311QS5389650494416','2020-03-11',119.62,'Room Service');
INSERT INTO PAYMENT (payment_id,invoice_id,payment_date,payment_type,payment_amount) VALUES ('20200311QS5389650494416-p00001','20200311QS5389650494416','2020-05-05','CA',39);
-- ------- SAMPLE 995 ----------
INSERT INTO GUEST VALUES(1995,'Walker','Weatherhead','WWeatherhead@gmail.com','1234 DaWrong Lane','Flonkerton','MD','12345','166-490-1227');
INSERT INTO RESERVATION VALUES ('20201214KI6615247932680',1995,null,'KI','2020-12-14','2020-12-16',null,'active');
INSERT INTO INVOICECHARGE VALUES ('20201214KI6615247932680-ch00001','20201214KI6615247932680','2020-12-14',170.58,'Base room charge');
INSERT INTO PAYMENT (payment_id,invoice_id,payment_date,payment_type,payment_amount) VALUES ('20201214KI6615247932680-p00001','20201214KI6615247932680','2020-05-05','CA',170.58);
-- ------- SAMPLE 996 ----------
INSERT INTO GUEST VALUES(1996,'Malia','Molden','MMolden@hotmail.com','1234 DaWrong Lane','Flonkerton','MD','12345','976-996-2581');
INSERT INTO RESERVATION VALUES ('20200405KJ4231915273384',1996,119,'KJ','2020-04-05','2020-04-07',null,'complete');
INSERT INTO INVOICECHARGE VALUES ('20200405KJ4231915273384-ch00001','20200405KJ4231915273384','2020-04-05',277.2,'Base room charge');
INSERT INTO PAYMENT VALUES ('20200405KJ4231915273384-p00001','20200405KJ4231915273384','2020-05-05','CC',126,'Malia Molden','9509144880593856',6,2022,386,'Mastercard');
-- ------- SAMPLE 997 ----------
INSERT INTO GUEST VALUES(1997,'Abdul','Ashe','AAshe@hotmail.com','1234 DaWrong Lane','Flonkerton','MD','12345','645-554-0369');
INSERT INTO RESERVATION VALUES ('20210402KJ5410909504266',1997,null,'KJ','2021-04-02','2021-04-03',null,'active');
INSERT INTO INVOICECHARGE VALUES ('20210402KJ5410909504266-ch00001','20210402KJ5410909504266','2021-04-02',138.6,'Base room charge');
INSERT INTO PAYMENT VALUES ('20210402KJ5410909504266-p00001','20210402KJ5410909504266','2020-05-05','CC',138.6,'Abdul Ashe','6770066659529093',6,2023,969,'Mastercard');
-- ------- SAMPLE 998 ----------
INSERT INTO GUEST VALUES(1998,'Kenisha','Kane','KKane@gmail.com','1234 DaWrong Lane','Flonkerton','MD','12345','061-010-5514');
INSERT INTO RESERVATION VALUES ('20200624QD6644189909971',1998,null,'QD','2020-06-24','2020-06-29',null,'active');
-- ------- SAMPLE 999 ----------
INSERT INTO GUEST VALUES(1999,'Rickie','Redfern','RRedfern@gmail.com','1234 DaWrong Lane','Flonkerton','MD','12345','224-271-1304');
INSERT INTO RESERVATION VALUES ('20210221QS5213292917074',1999,null,'QS','2021-02-21','2021-02-24',null,'active');
INSERT INTO INVOICECHARGE VALUES ('20210221QS5213292917074-ch00001','20210221QS5213292917074','2021-02-21',351.83,'Base room charge');
INSERT INTO PAYMENT VALUES ('20210221QS5213292917074-p00001','20210221QS5213292917074','2020-05-05','CC',351.83,'Rickie Redfern','7630829579859989',3,2024,778,'Mastercard');
-- ------- SAMPLE 1000 ----------
INSERT INTO GUEST VALUES(2000,'Buffy','Beattie','BBeattie@yahoo.com','1234 DaWrong Lane','Flonkerton','MD','12345','724-763-2862');
INSERT INTO RESERVATION VALUES ('20190519KI8361694904296',2000,209,'KI','2019-05-19','2019-05-24',null,'complete');
INSERT INTO INVOICECHARGE VALUES ('20190519KI8361694904296-ch00001','20190519KI8361694904296','2019-05-19',281.45,'Base room charge');
INSERT INTO INVOICECHARGE VALUES ('20190519KI8361694904296-ch00002','20190519KI8361694904296','2019-05-19',144.99,'Room Service');
INSERT INTO PAYMENT (payment_id,invoice_id,payment_date,payment_type,payment_amount) VALUES ('20190519KI8361694904296-p00001','20190519KI8361694904296','2020-05-05','CA',426.45);
-- ------- SAMPLE 1001 ----------
INSERT INTO GUEST VALUES(2001,'Shad','Sitler','SSitler@gmail.com','1234 DaWrong Lane','Flonkerton','MD','12345','264-940-0096');
INSERT INTO RESERVATION VALUES ('20210106QS2554938272447',2001,null,'QS','2021-01-06','2021-01-08',null,'active');
-- ------- SAMPLE 1002 ----------
INSERT INTO GUEST VALUES(2002,'Missy','Mcclintock','MMcclintock@yahoo.com','1234 DaWrong Lane','Flonkerton','MD','12345','185-231-1583');
INSERT INTO RESERVATION VALUES ('20200613KS9990394909831',2002,null,'KS','2020-06-13','2020-06-18',null,'active');
INSERT INTO INVOICECHARGE VALUES ('20200613KS9990394909831-ch00001','20200613KS9990394909831','2020-06-13',351.83,'Base room charge');
INSERT INTO INVOICECHARGE VALUES ('20200613KS9990394909831-ch00002','20200613KS9990394909831','2020-06-13',181.24,'Room Service');
INSERT INTO PAYMENT VALUES ('20200613KS9990394909831-p00001','20200613KS9990394909831','2020-05-05','CC',533.07,'Missy Mcclintock','8493383975147344',3,2023,327,'Mastercard');
-- ------- SAMPLE 1003 ----------
INSERT INTO GUEST VALUES(2003,'Mario','Macdowell','MMacdowell@hotmail.com','1234 DaWrong Lane','Flonkerton','MD','12345','606-545-4595');
INSERT INTO RESERVATION VALUES ('20210317QS3274344890930',2003,null,'QS','2021-03-17','2021-03-20',null,'active');
INSERT INTO INVOICECHARGE VALUES ('20210317QS3274344890930-ch00001','20210317QS3274344890930','2021-03-17',351.83,'Base room charge');
INSERT INTO PAYMENT (payment_id,invoice_id,payment_date,payment_type,payment_amount) VALUES ('20210317QS3274344890930-p00001','20210317QS3274344890930','2020-05-05','CA',351.83);
-- ------- SAMPLE 1004 ----------
INSERT INTO GUEST VALUES(2004,'Shaneka','Stribling','SStribling@hotmail.com','1234 DaWrong Lane','Flonkerton','MD','12345','017-973-9860');
INSERT INTO RESERVATION VALUES ('20190721KI3421583635744',2004,110,'KI','2019-07-21','2019-07-24',null,'complete');
-- ------- SAMPLE 1005 ----------
INSERT INTO GUEST VALUES(2005,'Delora','Delph','DDelph@gmail.com','1234 DaWrong Lane','Flonkerton','MD','12345','997-615-6004');
INSERT INTO RESERVATION VALUES ('20201103KI3240132796317',2005,null,'KI','2020-11-03','2020-11-05',null,'active');
INSERT INTO INVOICECHARGE VALUES ('20201103KI3240132796317-ch00001','20201103KI3240132796317','2020-11-03',170.58,'Base room charge');
INSERT INTO PAYMENT VALUES ('20201103KI3240132796317-p00001','20201103KI3240132796317','2020-05-05','CC',84,'Delora Delph','1445168053745412',8,2025,255,'Mastercard');
-- ------- SAMPLE 1006 ----------
INSERT INTO GUEST VALUES(2006,'Sherrie','Stultz','SStultz@gmail.com','1234 DaWrong Lane','Flonkerton','MD','12345','975-991-6588');
INSERT INTO RESERVATION VALUES ('20200720KI2325750685113',2006,null,'KI','2020-07-20','2020-07-21',null,'active');
INSERT INTO INVOICECHARGE VALUES ('20200720KI2325750685113-ch00001','20200720KI2325750685113','2020-07-20',85.29,'Base room charge');
INSERT INTO PAYMENT VALUES ('20200720KI2325750685113-p00001','20200720KI2325750685113','2020-05-05','CC',62,'Sherrie Stultz','7732752736451690',5,2022,189,'Mastercard');
-- ------- SAMPLE 1007 ----------
INSERT INTO GUEST VALUES(2007,'Antwan','Albury','AAlbury@hotmail.com','1234 DaWrong Lane','Flonkerton','MD','12345','354-658-9218');
INSERT INTO RESERVATION VALUES ('20191117QD6789419462216',2007,200,'QD','2019-11-17','2019-11-20',null,'complete');
INSERT INTO INVOICECHARGE VALUES ('20191117QD6789419462216-ch00001','20191117QD6789419462216','2019-11-17',287.86,'Base room charge');
INSERT INTO PAYMENT VALUES ('20191117QD6789419462216-p00001','20191117QD6789419462216','2020-05-05','CC',287.86,'Antwan Albury','6909722166643815',12,2026,654,'Mastercard');
-- ------- SAMPLE 1008 ----------
INSERT INTO GUEST VALUES(2008,'Joann','Joplin','JJoplin@yahoo.com','1234 DaWrong Lane','Flonkerton','MD','12345','515-562-4532');
INSERT INTO RESERVATION VALUES ('20190829KJ3159440083877',2008,208,'KJ','2019-08-29','2019-08-31',null,'complete');
-- ------- SAMPLE 1009 ----------
INSERT INTO GUEST VALUES(2009,'Romaine','Reck','RReck@hotmail.com','1234 DaWrong Lane','Flonkerton','MD','12345','981-349-6436');
INSERT INTO RESERVATION VALUES ('20190614KI8649105582744',2009,204,'KI','2019-06-14','2019-06-17',null,'complete');
-- ------- SAMPLE 1010 ----------
INSERT INTO GUEST VALUES(2010,'Lynda','Linda','LLinda@gmail.com','1234 DaWrong Lane','Flonkerton','MD','12345','874-779-0911');
INSERT INTO RESERVATION VALUES ('20200925KS2142743653930',2010,null,'KS','2020-09-25','2020-09-26',null,'active');
INSERT INTO INVOICECHARGE VALUES ('20200925KS2142743653930-ch00001','20200925KS2142743653930','2020-09-25',70.37,'Base room charge');
INSERT INTO INVOICECHARGE VALUES ('20200925KS2142743653930-ch00002','20200925KS2142743653930','2020-09-25',36.25,'Cleaning fee');
INSERT INTO PAYMENT VALUES ('20200925KS2142743653930-p00001','20200925KS2142743653930','2020-05-05','CC',106.61,'Lynda Linda','3836582405331011',8,2024,869,'Mastercard');
-- ------- SAMPLE 1011 ----------
INSERT INTO GUEST VALUES(2011,'Missy','Mcclintock','MMcclintock@yahoo.com','1234 DaWrong Lane','Flonkerton','MD','12345','072-289-2299');
INSERT INTO RESERVATION VALUES ('20210205KS3242269315217',2011,null,'KS','2021-02-05','2021-02-08',null,'active');
INSERT INTO INVOICECHARGE VALUES ('20210205KS3242269315217-ch00001','20210205KS3242269315217','2021-02-05',319.84,'Base room charge');
INSERT INTO PAYMENT (payment_id,invoice_id,payment_date,payment_type,payment_amount) VALUES ('20210205KS3242269315217-p00001','20210205KS3242269315217','2020-05-05','CA',319.84);
-- ------- SAMPLE 1012 ----------
INSERT INTO GUEST VALUES(2012,'Louisa','Laroque','LLaroque@hotmail.com','1234 DaWrong Lane','Flonkerton','MD','12345','219-890-6029');
INSERT INTO RESERVATION VALUES ('20190811QD4138223184186',2012,101,'QD','2019-08-11','2019-08-16',null,'complete');
INSERT INTO INVOICECHARGE VALUES ('20190811QD4138223184186-ch00001','20190811QD4138223184186','2019-08-11',479.76,'Base room charge');
INSERT INTO PAYMENT (payment_id,invoice_id,payment_date,payment_type,payment_amount) VALUES ('20190811QD4138223184186-p00001','20190811QD4138223184186','2020-05-05','CA',479.76);
-- ------- SAMPLE 1013 ----------
INSERT INTO GUEST VALUES(2013,'Lillia','Linen','LLinen@hotmail.com','1234 DaWrong Lane','Flonkerton','MD','12345','164-277-4709');
INSERT INTO RESERVATION VALUES ('20200514KJ6412821071037',2013,null,'KJ','2020-05-14','2020-05-17',null,'active');
INSERT INTO INVOICECHARGE VALUES ('20200514KJ6412821071037-ch00001','20200514KJ6412821071037','2020-05-14',274.43,'Base room charge');
INSERT INTO INVOICECHARGE VALUES ('20200514KJ6412821071037-ch00002','20200514KJ6412821071037','2020-05-14',141.37,'Cleaning fee');
INSERT INTO PAYMENT (payment_id,invoice_id,payment_date,payment_type,payment_amount) VALUES ('20200514KJ6412821071037-p00001','20200514KJ6412821071037','2020-05-05','CA',415.81);
-- ------- SAMPLE 1014 ----------
INSERT INTO GUEST VALUES(2014,'Yuette','Yetman','YYetman@yahoo.com','1234 DaWrong Lane','Flonkerton','MD','12345','742-178-8295');
INSERT INTO RESERVATION VALUES ('20210206KJ7436248098227',2014,null,'KJ','2021-02-06','2021-02-10',null,'active');
INSERT INTO INVOICECHARGE VALUES ('20210206KJ7436248098227-ch00001','20210206KJ7436248098227','2021-02-06',554.41,'Base room charge');
INSERT INTO PAYMENT VALUES ('20210206KJ7436248098227-p00001','20210206KJ7436248098227','2020-05-05','CC',46,'Yuette Yetman','7224671050772977',7,2027,806,'Mastercard');
-- ------- SAMPLE 1015 ----------
INSERT INTO GUEST VALUES(2015,'Alverta','Arce','AArce@yahoo.com','1234 DaWrong Lane','Flonkerton','MD','12345','856-486-4134');
INSERT INTO RESERVATION VALUES ('20210117KS2713630522052',2015,null,'KS','2021-01-17','2021-01-19',null,'active');
INSERT INTO INVOICECHARGE VALUES ('20210117KS2713630522052-ch00001','20210117KS2713630522052','2021-01-17',213.23,'Base room charge');
INSERT INTO PAYMENT VALUES ('20210117KS2713630522052-p00001','20210117KS2713630522052','2020-05-05','CC',213.23,'Alverta Arce','9082707812249645',6,2024,333,'Mastercard');
-- ------- SAMPLE 1016 ----------
INSERT INTO GUEST VALUES(2016,'Gwyneth','Gamber','GGamber@yahoo.com','1234 DaWrong Lane','Flonkerton','MD','12345','972-431-8974');
INSERT INTO RESERVATION VALUES ('20200706QD6000646926271',2016,null,'QD','2020-07-06','2020-07-11',null,'active');
-- ------- SAMPLE 1017 ----------
INSERT INTO GUEST VALUES(2017,'Florentino','Feth','FFeth@hotmail.com','1234 DaWrong Lane','Flonkerton','MD','12345','676-401-5470');
INSERT INTO RESERVATION VALUES ('20201216KI4321522912755',2017,null,'KI','2020-12-16','2020-12-18',null,'active');
INSERT INTO INVOICECHARGE VALUES ('20201216KI4321522912755-ch00001','20201216KI4321522912755','2020-12-16',170.58,'Base room charge');
INSERT INTO PAYMENT VALUES ('20201216KI4321522912755-p00001','20201216KI4321522912755','2020-05-05','CC',170.58,'Florentino Feth','9085957454185014',7,2025,965,'Mastercard');
-- ------- SAMPLE 1018 ----------
INSERT INTO GUEST VALUES(2018,'Maryann','Mccutcheon','MMccutcheon@hotmail.com','1234 DaWrong Lane','Flonkerton','MD','12345','163-710-2017');
INSERT INTO RESERVATION VALUES ('20200122QS7765442566614',2018,207,'QS','2020-01-22','2020-01-23',null,'complete');
-- ------- SAMPLE 1019 ----------
INSERT INTO GUEST VALUES(2019,'Shaneka','Stribling','SStribling@hotmail.com','1234 DaWrong Lane','Flonkerton','MD','12345','551-916-0760');
INSERT INTO RESERVATION VALUES ('20190616QD2331351345559',2019,116,'QD','2019-06-16','2019-06-18',null,'complete');
INSERT INTO INVOICECHARGE VALUES ('20190616QD2331351345559-ch00001','20190616QD2331351345559','2019-06-16',126.66,'Base room charge');
INSERT INTO INVOICECHARGE VALUES ('20190616QD2331351345559-ch00002','20190616QD2331351345559','2019-06-16',65.25,'Room Service');
INSERT INTO PAYMENT VALUES ('20190616QD2331351345559-p00001','20190616QD2331351345559','2020-05-05','CC',191.9,'Shaneka Stribling','5078300354967281',11,2024,591,'Mastercard');
-- ------- SAMPLE 1020 ----------
INSERT INTO GUEST VALUES(2020,'Kenisha','Kane','KKane@yahoo.com','1234 DaWrong Lane','Flonkerton','MD','12345','569-368-9205');
INSERT INTO RESERVATION VALUES ('20200728KS7704239733720',2020,null,'KS','2020-07-28','2020-07-31',null,'active');
INSERT INTO INVOICECHARGE VALUES ('20200728KS7704239733720-ch00001','20200728KS7704239733720','2020-07-28',211.1,'Base room charge');
INSERT INTO INVOICECHARGE VALUES ('20200728KS7704239733720-ch00002','20200728KS7704239733720','2020-07-28',108.75,'Room Service');
INSERT INTO PAYMENT VALUES ('20200728KS7704239733720-p00001','20200728KS7704239733720','2020-05-05','CC',319.84,'Kenisha Kane','3370647717234637',3,2024,245,'Mastercard');
-- ------- SAMPLE 1021 ----------
INSERT INTO GUEST VALUES(2021,'Lynda','Linda','LLinda@yahoo.com','1234 DaWrong Lane','Flonkerton','MD','12345','550-624-1974');
INSERT INTO RESERVATION VALUES ('20191206KI9725755925861',2021,105,'KI','2019-12-06','2019-12-07',null,'complete');
-- ------- SAMPLE 1022 ----------
INSERT INTO GUEST VALUES(2022,'Asa','Allan','AAllan@hotmail.com','1234 DaWrong Lane','Flonkerton','MD','12345','934-406-3756');
INSERT INTO RESERVATION VALUES ('20200831KJ4879907892756',2022,null,'KJ','2020-08-31','2020-09-04',null,'active');
INSERT INTO INVOICECHARGE VALUES ('20200831KJ4879907892756-ch00001','20200831KJ4879907892756','2020-08-31',365.91,'Base room charge');
INSERT INTO INVOICECHARGE VALUES ('20200831KJ4879907892756-ch00002','20200831KJ4879907892756','2020-08-31',188.5,'Room Service');
INSERT INTO PAYMENT VALUES ('20200831KJ4879907892756-p00001','20200831KJ4879907892756','2020-05-05','CC',554.41,'Asa Allan','7519661836918224',11,2027,626,'Mastercard');
-- ------- SAMPLE 1023 ----------
INSERT INTO GUEST VALUES(2023,'Kathlyn','Kinser','KKinser@gmail.com','1234 DaWrong Lane','Flonkerton','MD','12345','254-497-8744');
INSERT INTO RESERVATION VALUES ('20210101KI3792047648960',2023,null,'KI','2021-01-01','2021-01-02',null,'cancelled');
-- ------- SAMPLE 1024 ----------
INSERT INTO GUEST VALUES(2024,'Georgianne','Guadarrama','GGuadarrama@hotmail.com','1234 DaWrong Lane','Flonkerton','MD','12345','940-142-3441');
INSERT INTO RESERVATION VALUES ('20190725QD2184956244312',2024,116,'QD','2019-07-25','2019-07-29',null,'complete');
INSERT INTO INVOICECHARGE VALUES ('20190725QD2184956244312-ch00001','20190725QD2184956244312','2019-07-25',253.31,'Base room charge');
INSERT INTO INVOICECHARGE VALUES ('20190725QD2184956244312-ch00002','20190725QD2184956244312','2019-07-25',130.49,'Cleaning fee');
INSERT INTO PAYMENT VALUES ('20190725QD2184956244312-p00001','20190725QD2184956244312','2020-05-05','CC',383.81,'Georgianne Guadarrama','3087517856053580',1,2027,627,'Mastercard');
-- ------- SAMPLE 1025 ----------
INSERT INTO GUEST VALUES(2025,'Kandra','Kelty','KKelty@gmail.com','1234 DaWrong Lane','Flonkerton','MD','12345','239-771-9012');
INSERT INTO RESERVATION VALUES ('20190716KI9496866777546',2025,209,'KI','2019-07-16','2019-07-20',null,'complete');
-- ------- SAMPLE 1026 ----------
INSERT INTO GUEST VALUES(2026,'Leanora','Locke','LLocke@gmail.com','1234 DaWrong Lane','Flonkerton','MD','12345','736-724-7624');
INSERT INTO RESERVATION VALUES ('20210424QS4722713025514',2026,null,'QS','2021-04-24','2021-04-26',null,'active');
INSERT INTO INVOICECHARGE VALUES ('20210424QS4722713025514-ch00001','20210424QS4722713025514','2021-04-24',234.55,'Base room charge');
INSERT INTO PAYMENT VALUES ('20210424QS4722713025514-p00001','20210424QS4722713025514','2020-05-05','CC',176,'Leanora Locke','5643985385729459',4,2025,36,'Mastercard');
-- ------- SAMPLE 1027 ----------
INSERT INTO GUEST VALUES(2027,'Shenna','Salmi','SSalmi@hotmail.com','1234 DaWrong Lane','Flonkerton','MD','12345','785-118-3100');
INSERT INTO RESERVATION VALUES ('20210122KS3373622894914',2027,null,'KS','2021-01-22','2021-01-27',null,'active');
INSERT INTO INVOICECHARGE VALUES ('20210122KS3373622894914-ch00001','20210122KS3373622894914','2021-01-22',533.07,'Base room charge');
INSERT INTO PAYMENT VALUES ('20210122KS3373622894914-p00001','20210122KS3373622894914','2020-05-05','CC',533.07,'Shenna Salmi','4502707316951145',3,2022,453,'Mastercard');
-- ------- SAMPLE 1028 ----------
INSERT INTO GUEST VALUES(2028,'Eda','Elmendorf','EElmendorf@gmail.com','1234 DaWrong Lane','Flonkerton','MD','12345','928-329-2112');
INSERT INTO RESERVATION VALUES ('20190920QD3491428089452',2028,106,'QD','2019-09-20','2019-09-23',null,'complete');
-- ------- SAMPLE 1029 ----------
INSERT INTO GUEST VALUES(2029,'Mario','Macdowell','MMacdowell@gmail.com','1234 DaWrong Lane','Flonkerton','MD','12345','551-027-7933');
INSERT INTO RESERVATION VALUES ('20200902KJ2032416475932',2029,null,'KJ','2020-09-02','2020-09-05',null,'cancelled');
INSERT INTO INVOICECHARGE VALUES ('20200902KJ2032416475932-ch00001','20200902KJ2032416475932','2020-09-02',415.81,'Base room charge');
INSERT INTO PAYMENT VALUES ('20200902KJ2032416475932-p00001','20200902KJ2032416475932','2020-05-05','CC',166,'Mario Macdowell','8607999510062057',4,2027,389,'Mastercard');
-- ------- SAMPLE 1030 ----------
INSERT INTO GUEST VALUES(2030,'Floy','Feinstein','FFeinstein@hotmail.com','1234 DaWrong Lane','Flonkerton','MD','12345','748-247-4386');
INSERT INTO RESERVATION VALUES ('20191129KI5595326540657',2030,120,'KI','2019-11-29','2019-12-04',null,'complete');
INSERT INTO INVOICECHARGE VALUES ('20191129KI5595326540657-ch00001','20191129KI5595326540657','2019-11-29',426.45,'Base room charge');
INSERT INTO PAYMENT VALUES ('20191129KI5595326540657-p00001','20191129KI5595326540657','2020-05-05','CC',426.45,'Floy Feinstein','9277120780238330',7,2022,526,'Mastercard');
-- ------- SAMPLE 1031 ----------
INSERT INTO GUEST VALUES(2031,'Ngan','Nalley','NNalley@yahoo.com','1234 DaWrong Lane','Flonkerton','MD','12345','056-141-5724');
INSERT INTO RESERVATION VALUES ('20201221QD3006130555872',2031,null,'QD','2020-12-21','2020-12-25',null,'active');
-- ------- SAMPLE 1032 ----------
INSERT INTO GUEST VALUES(2032,'Selene','Staiger','SStaiger@yahoo.com','1234 DaWrong Lane','Flonkerton','MD','12345','286-491-4400');
INSERT INTO RESERVATION VALUES ('20210407QD4594412449284',2032,null,'QD','2021-04-07','2021-04-11',null,'active');
-- ------- SAMPLE 1033 ----------
INSERT INTO GUEST VALUES(2033,'Reita','Rudder','RRudder@yahoo.com','1234 DaWrong Lane','Flonkerton','MD','12345','123-961-3704');
INSERT INTO RESERVATION VALUES ('20210220KI3309729989139',2033,null,'KI','2021-02-20','2021-02-23',null,'active');
-- ------- SAMPLE 1034 ----------
INSERT INTO GUEST VALUES(2034,'Sherryl','Shurtleff','SShurtleff@hotmail.com','1234 DaWrong Lane','Flonkerton','MD','12345','276-369-9113');
INSERT INTO RESERVATION VALUES ('20200505QS8330552567720',2034,null,'QS','2020-05-05','2020-05-10',null,'active');
-- ------- SAMPLE 1035 ----------
INSERT INTO GUEST VALUES(2035,'Gwyneth','Gamber','GGamber@gmail.com','1234 DaWrong Lane','Flonkerton','MD','12345','328-885-2621');
INSERT INTO RESERVATION VALUES ('20201204KI6965145695827',2035,null,'KI','2020-12-04','2020-12-06',null,'active');
-- ------- SAMPLE 1036 ----------
INSERT INTO GUEST VALUES(2036,'Linwood','Layden','LLayden@hotmail.com','1234 DaWrong Lane','Flonkerton','MD','12345','899-275-7633');
INSERT INTO RESERVATION VALUES ('20200928QD1593939092754',2036,null,'QD','2020-09-28','2020-10-01',null,'active');
INSERT INTO INVOICECHARGE VALUES ('20200928QD1593939092754-ch00001','20200928QD1593939092754','2020-09-28',287.86,'Base room charge');
INSERT INTO PAYMENT VALUES ('20200928QD1593939092754-p00001','20200928QD1593939092754','2020-05-05','CC',241,'Linwood Layden','6200960004228216',10,2021,629,'Mastercard');
-- ------- SAMPLE 1037 ----------
INSERT INTO GUEST VALUES(2037,'Shonda','Schult','SSchult@gmail.com','1234 DaWrong Lane','Flonkerton','MD','12345','379-036-2525');
INSERT INTO RESERVATION VALUES ('20200704KI5606575032038',2037,null,'KI','2020-07-04','2020-07-06',null,'active');
INSERT INTO INVOICECHARGE VALUES ('20200704KI5606575032038-ch00001','20200704KI5606575032038','2020-07-04',170.58,'Base room charge');
INSERT INTO PAYMENT VALUES ('20200704KI5606575032038-p00001','20200704KI5606575032038','2020-05-05','CC',21,'Shonda Schult','4154406652088971',10,2022,571,'Mastercard');
-- ------- SAMPLE 1038 ----------
INSERT INTO GUEST VALUES(2038,'Florentino','Feth','FFeth@hotmail.com','1234 DaWrong Lane','Flonkerton','MD','12345','163-114-5707');
INSERT INTO RESERVATION VALUES ('20201023KI4160658235432',2038,null,'KI','2020-10-23','2020-10-25',null,'cancelled');
INSERT INTO INVOICECHARGE VALUES ('20201023KI4160658235432-ch00001','20201023KI4160658235432','2020-10-23',170.58,'Base room charge');
INSERT INTO PAYMENT (payment_id,invoice_id,payment_date,payment_type,payment_amount) VALUES ('20201023KI4160658235432-p00001','20201023KI4160658235432','2020-05-05','CA',170.58);
-- ------- SAMPLE 1039 ----------
INSERT INTO GUEST VALUES(2039,'Katerine','Kawakami','KKawakami@gmail.com','1234 DaWrong Lane','Flonkerton','MD','12345','306-311-6310');
INSERT INTO RESERVATION VALUES ('20190601QD8501284289477',2039,116,'QD','2019-06-01','2019-06-04',null,'complete');
INSERT INTO INVOICECHARGE VALUES ('20190601QD8501284289477-ch00001','20190601QD8501284289477','2019-06-01',189.98,'Base room charge');
INSERT INTO INVOICECHARGE VALUES ('20190601QD8501284289477-ch00002','20190601QD8501284289477','2019-06-01',97.87,'Cleaning fee');
INSERT INTO PAYMENT VALUES ('20190601QD8501284289477-p00001','20190601QD8501284289477','2020-05-05','CC',287.86,'Katerine Kawakami','8136094637136262',7,2027,487,'Mastercard');
-- ------- SAMPLE 1040 ----------
INSERT INTO GUEST VALUES(2040,'Lakenya','Langston','LLangston@yahoo.com','1234 DaWrong Lane','Flonkerton','MD','12345','959-034-6225');
INSERT INTO RESERVATION VALUES ('20200324QD5215779659004',2040,116,'QD','2020-03-24','2020-03-26',null,'complete');
INSERT INTO INVOICECHARGE VALUES ('20200324QD5215779659004-ch00001','20200324QD5215779659004','2020-03-24',191.9,'Base room charge');
INSERT INTO PAYMENT (payment_id,invoice_id,payment_date,payment_type,payment_amount) VALUES ('20200324QD5215779659004-p00001','20200324QD5215779659004','2020-05-05','CA',191.9);
-- ------- SAMPLE 1041 ----------
INSERT INTO GUEST VALUES(2041,'Aretha','Acy','AAcy@hotmail.com','1234 DaWrong Lane','Flonkerton','MD','12345','291-133-7168');
INSERT INTO RESERVATION VALUES ('20191107KS7399591228548',2041,107,'KS','2019-11-07','2019-11-09',null,'complete');
-- ------- SAMPLE 1042 ----------
INSERT INTO GUEST VALUES(2042,'Abel','Alire','AAlire@yahoo.com','1234 DaWrong Lane','Flonkerton','MD','12345','915-578-3111');
INSERT INTO RESERVATION VALUES ('20200216KJ7056027660813',2042,119,'KJ','2020-02-16','2020-02-18',null,'complete');
INSERT INTO INVOICECHARGE VALUES ('20200216KJ7056027660813-ch00001','20200216KJ7056027660813','2020-02-16',182.95,'Base room charge');
INSERT INTO INVOICECHARGE VALUES ('20200216KJ7056027660813-ch00002','20200216KJ7056027660813','2020-02-16',94.25,'Room Service');
INSERT INTO PAYMENT VALUES ('20200216KJ7056027660813-p00001','20200216KJ7056027660813','2020-05-05','CC',277.2,'Abel Alire','3279769939402219',7,2022,758,'Mastercard');
-- ------- SAMPLE 1043 ----------
INSERT INTO GUEST VALUES(2043,'Ceola','Carasco','CCarasco@hotmail.com','1234 DaWrong Lane','Flonkerton','MD','12345','577-020-1870');
INSERT INTO RESERVATION VALUES ('20190516QD2914965071020',2043,116,'QD','2019-05-16','2019-05-18',null,'complete');
-- ------- SAMPLE 1044 ----------
INSERT INTO GUEST VALUES(2044,'Rosemarie','Roeser','RRoeser@yahoo.com','1234 DaWrong Lane','Flonkerton','MD','12345','646-249-4269');
INSERT INTO RESERVATION VALUES ('20190924QD8257157549480',2044,111,'QD','2019-09-24','2019-09-29',null,'complete');
INSERT INTO INVOICECHARGE VALUES ('20190924QD8257157549480-ch00001','20190924QD8257157549480','2019-09-24',479.76,'Base room charge');
INSERT INTO PAYMENT (payment_id,invoice_id,payment_date,payment_type,payment_amount) VALUES ('20190924QD8257157549480-p00001','20190924QD8257157549480','2020-05-05','CA',187);
-- ------- SAMPLE 1045 ----------
INSERT INTO GUEST VALUES(2045,'Ceola','Carasco','CCarasco@hotmail.com','1234 DaWrong Lane','Flonkerton','MD','12345','886-213-5562');
INSERT INTO RESERVATION VALUES ('20201029QD7165639456862',2045,null,'QD','2020-10-29','2020-11-03',null,'cancelled');
INSERT INTO INVOICECHARGE VALUES ('20201029QD7165639456862-ch00001','20201029QD7165639456862','2020-10-29',316.64,'Base room charge');
INSERT INTO INVOICECHARGE VALUES ('20201029QD7165639456862-ch00002','20201029QD7165639456862','2020-10-29',163.12,'Cleaning fee');
INSERT INTO PAYMENT VALUES ('20201029QD7165639456862-p00001','20201029QD7165639456862','2020-05-05','CC',479.76,'Ceola Carasco','5675707551867448',4,2027,787,'Mastercard');
-- ------- SAMPLE 1046 ----------
INSERT INTO GUEST VALUES(2046,'Louisa','Laroque','LLaroque@gmail.com','1234 DaWrong Lane','Flonkerton','MD','12345','328-922-0364');
INSERT INTO RESERVATION VALUES ('20190926QS4053355610829',2046,103,'QS','2019-09-26','2019-10-01',null,'complete');
INSERT INTO INVOICECHARGE VALUES ('20190926QS4053355610829-ch00001','20190926QS4053355610829','2019-09-26',586.38,'Base room charge');
INSERT INTO PAYMENT VALUES ('20190926QS4053355610829-p00001','20190926QS4053355610829','2020-05-05','CC',586.38,'Louisa Laroque','2314157285576359',2,2021,44,'Mastercard');
-- ------- SAMPLE 1047 ----------
INSERT INTO GUEST VALUES(2047,'Hedwig','Hinz','HHinz@gmail.com','1234 DaWrong Lane','Flonkerton','MD','12345','416-235-4570');
INSERT INTO RESERVATION VALUES ('20200206QS9639258764706',2047,207,'QS','2020-02-06','2020-02-11',null,'complete');
INSERT INTO INVOICECHARGE VALUES ('20200206QS9639258764706-ch00001','20200206QS9639258764706','2020-02-06',586.38,'Base room charge');
INSERT INTO PAYMENT VALUES ('20200206QS9639258764706-p00001','20200206QS9639258764706','2020-05-05','CC',118,'Hedwig Hinz','6386750671327726',1,2026,393,'Mastercard');
-- ------- SAMPLE 1048 ----------
INSERT INTO GUEST VALUES(2048,'Kenisha','Kane','KKane@gmail.com','1234 DaWrong Lane','Flonkerton','MD','12345','730-968-5157');
INSERT INTO RESERVATION VALUES ('20201217QD6975590366692',2048,null,'QD','2020-12-17','2020-12-21',null,'active');
-- ------- SAMPLE 1049 ----------
INSERT INTO GUEST VALUES(2049,'Fiona','Figgs','FFiggs@yahoo.com','1234 DaWrong Lane','Flonkerton','MD','12345','437-468-4671');
INSERT INTO RESERVATION VALUES ('20210104QD8195561434251',2049,null,'QD','2021-01-04','2021-01-09',null,'active');
INSERT INTO INVOICECHARGE VALUES ('20210104QD8195561434251-ch00001','20210104QD8195561434251','2021-01-04',316.64,'Base room charge');
INSERT INTO INVOICECHARGE VALUES ('20210104QD8195561434251-ch00002','20210104QD8195561434251','2021-01-04',163.12,'Cleaning fee');
INSERT INTO PAYMENT VALUES ('20210104QD8195561434251-p00001','20210104QD8195561434251','2020-05-05','CC',479.76,'Fiona Figgs','8930237322816221',12,2027,521,'Mastercard');
-- ------- SAMPLE 1050 ----------
INSERT INTO GUEST VALUES(2050,'Deandre','Defore','DDefore@hotmail.com','1234 DaWrong Lane','Flonkerton','MD','12345','242-562-6311');
INSERT INTO RESERVATION VALUES ('20191026KJ7175779917181',2050,109,'KJ','2019-10-26','2019-10-28',null,'cancelled');
INSERT INTO INVOICECHARGE VALUES ('20191026KJ7175779917181-ch00001','20191026KJ7175779917181','2019-10-26',277.2,'Base room charge');
INSERT INTO PAYMENT (payment_id,invoice_id,payment_date,payment_type,payment_amount) VALUES ('20191026KJ7175779917181-p00001','20191026KJ7175779917181','2020-05-05','CA',277.2);
-- ------- SAMPLE 1051 ----------
INSERT INTO GUEST VALUES(2051,'Lucius','Liles','LLiles@hotmail.com','1234 DaWrong Lane','Flonkerton','MD','12345','744-518-1283');
INSERT INTO RESERVATION VALUES ('20201221KS6298592527192',2051,null,'KS','2020-12-21','2020-12-25',null,'active');
INSERT INTO INVOICECHARGE VALUES ('20201221KS6298592527192-ch00001','20201221KS6298592527192','2020-12-21',426.46,'Base room charge');
INSERT INTO PAYMENT (payment_id,invoice_id,payment_date,payment_type,payment_amount) VALUES ('20201221KS6298592527192-p00001','20201221KS6298592527192','2020-05-05','CA',426.46);
-- ------- SAMPLE 1052 ----------
INSERT INTO GUEST VALUES(2052,'Vicky','Vanderhoff','VVanderhoff@yahoo.com','1234 DaWrong Lane','Flonkerton','MD','12345','366-960-5896');
INSERT INTO RESERVATION VALUES ('20200326QS3565391384288',2052,113,'QS','2020-03-26','2020-03-31',null,'complete');
INSERT INTO INVOICECHARGE VALUES ('20200326QS3565391384288-ch00001','20200326QS3565391384288','2020-03-26',586.38,'Base room charge');
INSERT INTO PAYMENT VALUES ('20200326QS3565391384288-p00001','20200326QS3565391384288','2020-05-05','CC',168,'Vicky Vanderhoff','4808539142170466',10,2021,85,'Mastercard');
-- ------- SAMPLE 1053 ----------
INSERT INTO GUEST VALUES(2053,'Raisa','Romito','RRomito@yahoo.com','1234 DaWrong Lane','Flonkerton','MD','12345','804-218-5144');
INSERT INTO RESERVATION VALUES ('20190608QD3048863386329',2053,111,'QD','2019-06-08','2019-06-13',null,'complete');
INSERT INTO INVOICECHARGE VALUES ('20190608QD3048863386329-ch00001','20190608QD3048863386329','2019-06-08',316.64,'Base room charge');
INSERT INTO INVOICECHARGE VALUES ('20190608QD3048863386329-ch00002','20190608QD3048863386329','2019-06-08',163.12,'Cleaning fee');
INSERT INTO PAYMENT (payment_id,invoice_id,payment_date,payment_type,payment_amount) VALUES ('20190608QD3048863386329-p00001','20190608QD3048863386329','2020-05-05','CA',479.76);
-- ------- SAMPLE 1054 ----------
INSERT INTO GUEST VALUES(2054,'Lynda','Linda','LLinda@hotmail.com','1234 DaWrong Lane','Flonkerton','MD','12345','638-083-4600');
INSERT INTO RESERVATION VALUES ('20200415KJ7944071190430',2054,114,'KJ','2020-04-15','2020-04-19',null,'complete');
INSERT INTO INVOICECHARGE VALUES ('20200415KJ7944071190430-ch00001','20200415KJ7944071190430','2020-04-15',365.91,'Base room charge');
INSERT INTO INVOICECHARGE VALUES ('20200415KJ7944071190430-ch00002','20200415KJ7944071190430','2020-04-15',188.5,'Cleaning fee');
INSERT INTO PAYMENT (payment_id,invoice_id,payment_date,payment_type,payment_amount) VALUES ('20200415KJ7944071190430-p00001','20200415KJ7944071190430','2020-05-05','CA',554.41);
-- ------- SAMPLE 1055 ----------
INSERT INTO GUEST VALUES(2055,'Pearlene','Priestly','PPriestly@yahoo.com','1234 DaWrong Lane','Flonkerton','MD','12345','861-605-8381');
INSERT INTO RESERVATION VALUES ('20190709KI9691416726609',2055,120,'KI','2019-07-09','2019-07-13',null,'complete');
INSERT INTO INVOICECHARGE VALUES ('20190709KI9691416726609-ch00001','20190709KI9691416726609','2019-07-09',341.16,'Base room charge');
INSERT INTO PAYMENT VALUES ('20190709KI9691416726609-p00001','20190709KI9691416726609','2020-05-05','CC',341.16,'Pearlene Priestly','7486955415326245',4,2022,336,'Mastercard');
-- ------- SAMPLE 1056 ----------
INSERT INTO GUEST VALUES(2056,'Shera','Shorter','SShorter@gmail.com','1234 DaWrong Lane','Flonkerton','MD','12345','732-960-1331');
INSERT INTO RESERVATION VALUES ('20191111QD4542099083604',2056,111,'QD','2019-11-11','2019-11-13',null,'cancelled');
INSERT INTO INVOICECHARGE VALUES ('20191111QD4542099083604-ch00001','20191111QD4542099083604','2019-11-11',191.9,'Base room charge');
INSERT INTO PAYMENT (payment_id,invoice_id,payment_date,payment_type,payment_amount) VALUES ('20191111QD4542099083604-p00001','20191111QD4542099083604','2020-05-05','CA',67);
-- ------- SAMPLE 1057 ----------
INSERT INTO GUEST VALUES(2057,'Heather','Hartin','HHartin@yahoo.com','1234 DaWrong Lane','Flonkerton','MD','12345','988-721-8586');
INSERT INTO RESERVATION VALUES ('20200813QS7837067641696',2057,null,'QS','2020-08-13','2020-08-14',null,'active');
-- ------- SAMPLE 1058 ----------
INSERT INTO GUEST VALUES(2058,'Nena','Nunez','NNunez@yahoo.com','1234 DaWrong Lane','Flonkerton','MD','12345','268-821-8189');
INSERT INTO RESERVATION VALUES ('20201027KJ1912004656215',2058,null,'KJ','2020-10-27','2020-10-30',null,'active');
INSERT INTO INVOICECHARGE VALUES ('20201027KJ1912004656215-ch00001','20201027KJ1912004656215','2020-10-27',274.43,'Base room charge');
INSERT INTO INVOICECHARGE VALUES ('20201027KJ1912004656215-ch00002','20201027KJ1912004656215','2020-10-27',141.37,'Room Service');
INSERT INTO PAYMENT VALUES ('20201027KJ1912004656215-p00001','20201027KJ1912004656215','2020-05-05','CC',415.81,'Nena Nunez','6940438529910241',4,2023,466,'Mastercard');
-- ------- SAMPLE 1059 ----------
INSERT INTO GUEST VALUES(2059,'Jeanene','Jacobo','JJacobo@gmail.com','1234 DaWrong Lane','Flonkerton','MD','12345','145-904-9776');
INSERT INTO RESERVATION VALUES ('20200516KI9181684305069',2059,null,'KI','2020-05-16','2020-05-17',null,'active');
-- ------- SAMPLE 1060 ----------
INSERT INTO GUEST VALUES(2060,'Alverta','Arce','AArce@gmail.com','1234 DaWrong Lane','Flonkerton','MD','12345','590-074-6021');
INSERT INTO RESERVATION VALUES ('20190624KJ1709743423738',2060,104,'KJ','2019-06-24','2019-06-25',null,'complete');
INSERT INTO INVOICECHARGE VALUES ('20190624KJ1709743423738-ch00001','20190624KJ1709743423738','2019-06-24',91.48,'Base room charge');
INSERT INTO INVOICECHARGE VALUES ('20190624KJ1709743423738-ch00002','20190624KJ1709743423738','2019-06-24',47.12,'Room Service');
INSERT INTO PAYMENT (payment_id,invoice_id,payment_date,payment_type,payment_amount) VALUES ('20190624KJ1709743423738-p00001','20190624KJ1709743423738','2020-05-05','CA',138.6);
-- ------- SAMPLE 1061 ----------
INSERT INTO GUEST VALUES(2061,'Selene','Staiger','SStaiger@gmail.com','1234 DaWrong Lane','Flonkerton','MD','12345','392-137-2987');
INSERT INTO RESERVATION VALUES ('20200724KS6147908288405',2061,null,'KS','2020-07-24','2020-07-27',null,'active');
-- ------- SAMPLE 1062 ----------
INSERT INTO GUEST VALUES(2062,'Collin','Chaparro','CChaparro@gmail.com','1234 DaWrong Lane','Flonkerton','MD','12345','873-930-7332');
INSERT INTO RESERVATION VALUES ('20191230KS2549015128599',2062,102,'KS','2019-12-30','2020-01-03',null,'complete');
INSERT INTO INVOICECHARGE VALUES ('20191230KS2549015128599-ch00001','20191230KS2549015128599','2019-12-30',426.46,'Base room charge');
INSERT INTO PAYMENT VALUES ('20191230KS2549015128599-p00001','20191230KS2549015128599','2020-05-05','CC',426.46,'Collin Chaparro','8389733667071799',10,2027,205,'Mastercard');
-- ------- SAMPLE 1063 ----------
INSERT INTO GUEST VALUES(2063,'Melony','Mcmartin','MMcmartin@yahoo.com','1234 DaWrong Lane','Flonkerton','MD','12345','103-576-6226');
INSERT INTO RESERVATION VALUES ('20201202QD9912800008827',2063,null,'QD','2020-12-02','2020-12-04',null,'cancelled');
INSERT INTO INVOICECHARGE VALUES ('20201202QD9912800008827-ch00001','20201202QD9912800008827','2020-12-02',191.9,'Base room charge');
INSERT INTO PAYMENT (payment_id,invoice_id,payment_date,payment_type,payment_amount) VALUES ('20201202QD9912800008827-p00001','20201202QD9912800008827','2020-05-05','CA',191.9);
-- ------- SAMPLE 1064 ----------
INSERT INTO GUEST VALUES(2064,'Jenna','Jesse','JJesse@hotmail.com','1234 DaWrong Lane','Flonkerton','MD','12345','920-647-4301');
INSERT INTO RESERVATION VALUES ('20200810KI3713729801085',2064,null,'KI','2020-08-10','2020-08-12',null,'active');
INSERT INTO INVOICECHARGE VALUES ('20200810KI3713729801085-ch00001','20200810KI3713729801085','2020-08-10',170.58,'Base room charge');
INSERT INTO PAYMENT VALUES ('20200810KI3713729801085-p00001','20200810KI3713729801085','2020-05-05','CC',170.58,'Jenna Jesse','9222762137913696',3,2024,435,'Mastercard');
-- ------- SAMPLE 1065 ----------
INSERT INTO GUEST VALUES(2065,'Lakenya','Langston','LLangston@yahoo.com','1234 DaWrong Lane','Flonkerton','MD','12345','027-482-8371');
INSERT INTO RESERVATION VALUES ('20200413KI3173837082590',2065,120,'KI','2020-04-13','2020-04-14',null,'complete');
INSERT INTO INVOICECHARGE VALUES ('20200413KI3173837082590-ch00001','20200413KI3173837082590','2020-04-13',85.29,'Base room charge');
INSERT INTO PAYMENT VALUES ('20200413KI3173837082590-p00001','20200413KI3173837082590','2020-05-05','CC',41,'Lakenya Langston','1161355065337544',6,2023,948,'Mastercard');
-- ------- SAMPLE 1066 ----------
INSERT INTO GUEST VALUES(2066,'Yuette','Yetman','YYetman@hotmail.com','1234 DaWrong Lane','Flonkerton','MD','12345','830-512-6412');
INSERT INTO RESERVATION VALUES ('20201030KS6753178756125',2066,null,'KS','2020-10-30','2020-11-02',null,'active');
INSERT INTO INVOICECHARGE VALUES ('20201030KS6753178756125-ch00001','20201030KS6753178756125','2020-10-30',319.84,'Base room charge');
INSERT INTO PAYMENT VALUES ('20201030KS6753178756125-p00001','20201030KS6753178756125','2020-05-05','CC',319.84,'Yuette Yetman','5816263538068397',3,2026,752,'Mastercard');
-- ------- SAMPLE 1067 ----------
INSERT INTO GUEST VALUES(2067,'Fonda','Foreman','FForeman@hotmail.com','1234 DaWrong Lane','Flonkerton','MD','12345','088-237-2201');
INSERT INTO RESERVATION VALUES ('20200103KJ5811590324224',2067,203,'KJ','2020-01-03','2020-01-04',null,'complete');
-- ------- SAMPLE 1068 ----------
INSERT INTO GUEST VALUES(2068,'Abram','Adolph','AAdolph@yahoo.com','1234 DaWrong Lane','Flonkerton','MD','12345','259-021-0937');
INSERT INTO RESERVATION VALUES ('20210328QD5489286275504',2068,null,'QD','2021-03-28','2021-04-01',null,'active');
INSERT INTO INVOICECHARGE VALUES ('20210328QD5489286275504-ch00001','20210328QD5489286275504','2021-03-28',383.81,'Base room charge');
INSERT INTO PAYMENT VALUES ('20210328QD5489286275504-p00001','20210328QD5489286275504','2020-05-05','CC',383.81,'Abram Adolph','3812461739649577',7,2024,75,'Mastercard');
-- ------- SAMPLE 1069 ----------
INSERT INTO GUEST VALUES(2069,'Leanora','Locke','LLocke@gmail.com','1234 DaWrong Lane','Flonkerton','MD','12345','968-692-5272');
INSERT INTO RESERVATION VALUES ('20201216KJ8466416044324',2069,null,'KJ','2020-12-16','2020-12-18',null,'active');
INSERT INTO INVOICECHARGE VALUES ('20201216KJ8466416044324-ch00001','20201216KJ8466416044324','2020-12-16',182.95,'Base room charge');
INSERT INTO INVOICECHARGE VALUES ('20201216KJ8466416044324-ch00002','20201216KJ8466416044324','2020-12-16',94.25,'Room Service');
INSERT INTO PAYMENT VALUES ('20201216KJ8466416044324-p00001','20201216KJ8466416044324','2020-05-05','CC',277.2,'Leanora Locke','4787177868858428',12,2025,488,'Mastercard');
-- ------- SAMPLE 1070 ----------
INSERT INTO GUEST VALUES(2070,'Buffy','Beattie','BBeattie@yahoo.com','1234 DaWrong Lane','Flonkerton','MD','12345','086-537-2692');
INSERT INTO RESERVATION VALUES ('20210227KS2017140394761',2070,null,'KS','2021-02-27','2021-03-04',null,'active');
INSERT INTO INVOICECHARGE VALUES ('20210227KS2017140394761-ch00001','20210227KS2017140394761','2021-02-27',533.07,'Base room charge');
INSERT INTO PAYMENT VALUES ('20210227KS2017140394761-p00001','20210227KS2017140394761','2020-05-05','CC',533.07,'Buffy Beattie','8643331840674937',2,2026,719,'Mastercard');
-- ------- SAMPLE 1071 ----------
INSERT INTO GUEST VALUES(2071,'Selene','Staiger','SStaiger@gmail.com','1234 DaWrong Lane','Flonkerton','MD','12345','016-241-4220');
INSERT INTO RESERVATION VALUES ('20200513QS8373454625928',2071,null,'QS','2020-05-13','2020-05-14',null,'active');
INSERT INTO INVOICECHARGE VALUES ('20200513QS8373454625928-ch00001','20200513QS8373454625928','2020-05-13',117.28,'Base room charge');
INSERT INTO PAYMENT VALUES ('20200513QS8373454625928-p00001','20200513QS8373454625928','2020-05-05','CC',117.28,'Selene Staiger','7320961182817069',2,2026,264,'Mastercard');
-- ------- SAMPLE 1072 ----------
INSERT INTO GUEST VALUES(2072,'Eda','Elmendorf','EElmendorf@gmail.com','1234 DaWrong Lane','Flonkerton','MD','12345','570-967-7448');
INSERT INTO RESERVATION VALUES ('20200808QD9808791804042',2072,null,'QD','2020-08-08','2020-08-09',null,'active');
INSERT INTO INVOICECHARGE VALUES ('20200808QD9808791804042-ch00001','20200808QD9808791804042','2020-08-08',95.95,'Base room charge');
INSERT INTO PAYMENT VALUES ('20200808QD9808791804042-p00001','20200808QD9808791804042','2020-05-05','CC',95.95,'Eda Elmendorf','6773891193205391',5,2026,248,'Mastercard');
-- ------- SAMPLE 1073 ----------
INSERT INTO GUEST VALUES(2073,'Collin','Chaparro','CChaparro@gmail.com','1234 DaWrong Lane','Flonkerton','MD','12345','952-449-0767');
INSERT INTO RESERVATION VALUES ('20201101QD7055337207741',2073,null,'QD','2020-11-01','2020-11-06',null,'active');
INSERT INTO INVOICECHARGE VALUES ('20201101QD7055337207741-ch00001','20201101QD7055337207741','2020-11-01',316.64,'Base room charge');
INSERT INTO INVOICECHARGE VALUES ('20201101QD7055337207741-ch00002','20201101QD7055337207741','2020-11-01',163.12,'Room Service');
INSERT INTO PAYMENT VALUES ('20201101QD7055337207741-p00001','20201101QD7055337207741','2020-05-05','CC',281,'Collin Chaparro','5807065249324737',11,2023,298,'Mastercard');
-- ------- SAMPLE 1074 ----------
INSERT INTO GUEST VALUES(2074,'Buford','Biddy','BBiddy@yahoo.com','1234 DaWrong Lane','Flonkerton','MD','12345','483-462-5689');
INSERT INTO RESERVATION VALUES ('20190713KJ7885983926398',2074,109,'KJ','2019-07-13','2019-07-17',null,'complete');
INSERT INTO INVOICECHARGE VALUES ('20190713KJ7885983926398-ch00001','20190713KJ7885983926398','2019-07-13',365.91,'Base room charge');
INSERT INTO INVOICECHARGE VALUES ('20190713KJ7885983926398-ch00002','20190713KJ7885983926398','2019-07-13',188.5,'Cleaning fee');
INSERT INTO PAYMENT VALUES ('20190713KJ7885983926398-p00001','20190713KJ7885983926398','2020-05-05','CC',554.41,'Buford Biddy','2258304533795804',2,2024,228,'Mastercard');
-- ------- SAMPLE 1075 ----------
INSERT INTO GUEST VALUES(2075,'Yuette','Yetman','YYetman@yahoo.com','1234 DaWrong Lane','Flonkerton','MD','12345','073-379-8754');
INSERT INTO RESERVATION VALUES ('20200723KJ5225439568460',2075,null,'KJ','2020-07-23','2020-07-24',null,'active');
INSERT INTO INVOICECHARGE VALUES ('20200723KJ5225439568460-ch00001','20200723KJ5225439568460','2020-07-23',91.48,'Base room charge');
INSERT INTO INVOICECHARGE VALUES ('20200723KJ5225439568460-ch00002','20200723KJ5225439568460','2020-07-23',47.12,'Room Service');
INSERT INTO PAYMENT (payment_id,invoice_id,payment_date,payment_type,payment_amount) VALUES ('20200723KJ5225439568460-p00001','20200723KJ5225439568460','2020-05-05','CA',122);
-- ------- SAMPLE 1076 ----------
INSERT INTO GUEST VALUES(2076,'Heather','Hartin','HHartin@gmail.com','1234 DaWrong Lane','Flonkerton','MD','12345','624-021-1832');
INSERT INTO RESERVATION VALUES ('20201227KS3880529310963',2076,null,'KS','2020-12-27','2020-12-31',null,'active');
INSERT INTO INVOICECHARGE VALUES ('20201227KS3880529310963-ch00001','20201227KS3880529310963','2020-12-27',426.46,'Base room charge');
INSERT INTO PAYMENT VALUES ('20201227KS3880529310963-p00001','20201227KS3880529310963','2020-05-05','CC',5,'Heather Hartin','1330902150039583',5,2025,559,'Mastercard');
-- ------- SAMPLE 1077 ----------
INSERT INTO GUEST VALUES(2077,'Tai','Tookes','TTookes@gmail.com','1234 DaWrong Lane','Flonkerton','MD','12345','374-768-5809');
INSERT INTO RESERVATION VALUES ('20210106QS3010276774620',2077,null,'QS','2021-01-06','2021-01-11',null,'active');
INSERT INTO INVOICECHARGE VALUES ('20210106QS3010276774620-ch00001','20210106QS3010276774620','2021-01-06',586.38,'Base room charge');
INSERT INTO PAYMENT VALUES ('20210106QS3010276774620-p00001','20210106QS3010276774620','2020-05-05','CC',586.38,'Tai Tookes','1355921456715035',2,2027,253,'Mastercard');
-- ------- SAMPLE 1078 ----------
INSERT INTO GUEST VALUES(2078,'Rossana','Running','RRunning@hotmail.com','1234 DaWrong Lane','Flonkerton','MD','12345','248-390-9755');
INSERT INTO RESERVATION VALUES ('20200803KI7540095534092',2078,null,'KI','2020-08-03','2020-08-06',null,'active');
INSERT INTO INVOICECHARGE VALUES ('20200803KI7540095534092-ch00001','20200803KI7540095534092','2020-08-03',168.87,'Base room charge');
INSERT INTO INVOICECHARGE VALUES ('20200803KI7540095534092-ch00002','20200803KI7540095534092','2020-08-03',87,'Room Service');
INSERT INTO PAYMENT (payment_id,invoice_id,payment_date,payment_type,payment_amount) VALUES ('20200803KI7540095534092-p00001','20200803KI7540095534092','2020-05-05','CA',255.87);
-- ------- SAMPLE 1079 ----------
INSERT INTO GUEST VALUES(2079,'Missy','Mcclintock','MMcclintock@gmail.com','1234 DaWrong Lane','Flonkerton','MD','12345','253-732-8961');
INSERT INTO RESERVATION VALUES ('20210104KJ7618068467292',2079,null,'KJ','2021-01-04','2021-01-05',null,'active');
INSERT INTO INVOICECHARGE VALUES ('20210104KJ7618068467292-ch00001','20210104KJ7618068467292','2021-01-04',91.48,'Base room charge');
INSERT INTO INVOICECHARGE VALUES ('20210104KJ7618068467292-ch00002','20210104KJ7618068467292','2021-01-04',47.12,'Cleaning fee');
INSERT INTO PAYMENT (payment_id,invoice_id,payment_date,payment_type,payment_amount) VALUES ('20210104KJ7618068467292-p00001','20210104KJ7618068467292','2020-05-05','CA',82);
-- ------- SAMPLE 1080 ----------
INSERT INTO GUEST VALUES(2080,'Kerstin','Khalaf','KKhalaf@yahoo.com','1234 DaWrong Lane','Flonkerton','MD','12345','871-870-8727');
INSERT INTO RESERVATION VALUES ('20200729QD8659057122602',2080,null,'QD','2020-07-29','2020-07-31',null,'active');
INSERT INTO INVOICECHARGE VALUES ('20200729QD8659057122602-ch00001','20200729QD8659057122602','2020-07-29',191.9,'Base room charge');
INSERT INTO PAYMENT (payment_id,invoice_id,payment_date,payment_type,payment_amount) VALUES ('20200729QD8659057122602-p00001','20200729QD8659057122602','2020-05-05','CA',139);
-- ------- SAMPLE 1081 ----------
INSERT INTO GUEST VALUES(2081,'Gwyneth','Gamber','GGamber@yahoo.com','1234 DaWrong Lane','Flonkerton','MD','12345','445-299-7555');
INSERT INTO RESERVATION VALUES ('20200828KS6027579781740',2081,null,'KS','2020-08-28','2020-08-30',null,'cancelled');
INSERT INTO INVOICECHARGE VALUES ('20200828KS6027579781740-ch00001','20200828KS6027579781740','2020-08-28',140.73,'Base room charge');
INSERT INTO INVOICECHARGE VALUES ('20200828KS6027579781740-ch00002','20200828KS6027579781740','2020-08-28',72.5,'Cleaning fee');
INSERT INTO PAYMENT (payment_id,invoice_id,payment_date,payment_type,payment_amount) VALUES ('20200828KS6027579781740-p00001','20200828KS6027579781740','2020-05-05','CA',213.23);
-- ------- SAMPLE 1082 ----------
INSERT INTO GUEST VALUES(2082,'Ngan','Nalley','NNalley@gmail.com','1234 DaWrong Lane','Flonkerton','MD','12345','239-123-2824');
INSERT INTO RESERVATION VALUES ('20201010KS3459613361981',2082,null,'KS','2020-10-10','2020-10-15',null,'active');
INSERT INTO INVOICECHARGE VALUES ('20201010KS3459613361981-ch00001','20201010KS3459613361981','2020-10-10',533.07,'Base room charge');
INSERT INTO PAYMENT VALUES ('20201010KS3459613361981-p00001','20201010KS3459613361981','2020-05-05','CC',533.07,'Ngan Nalley','4681529529304519',7,2022,873,'Mastercard');
-- ------- SAMPLE 1083 ----------
INSERT INTO GUEST VALUES(2083,'Christine','Ciampa','CCiampa@yahoo.com','1234 DaWrong Lane','Flonkerton','MD','12345','704-572-0304');
INSERT INTO RESERVATION VALUES ('20200117KS6442273198002',2083,117,'KS','2020-01-17','2020-01-22',null,'complete');
INSERT INTO INVOICECHARGE VALUES ('20200117KS6442273198002-ch00001','20200117KS6442273198002','2020-01-17',351.83,'Base room charge');
INSERT INTO INVOICECHARGE VALUES ('20200117KS6442273198002-ch00002','20200117KS6442273198002','2020-01-17',181.24,'Cleaning fee');
INSERT INTO PAYMENT (payment_id,invoice_id,payment_date,payment_type,payment_amount) VALUES ('20200117KS6442273198002-p00001','20200117KS6442273198002','2020-05-05','CA',478);
-- ------- SAMPLE 1084 ----------
INSERT INTO GUEST VALUES(2084,'Raisa','Romito','RRomito@hotmail.com','1234 DaWrong Lane','Flonkerton','MD','12345','753-508-4981');
INSERT INTO RESERVATION VALUES ('20210407KI5758205195349',2084,null,'KI','2021-04-07','2021-04-09',null,'active');
INSERT INTO INVOICECHARGE VALUES ('20210407KI5758205195349-ch00001','20210407KI5758205195349','2021-04-07',170.58,'Base room charge');
INSERT INTO PAYMENT (payment_id,invoice_id,payment_date,payment_type,payment_amount) VALUES ('20210407KI5758205195349-p00001','20210407KI5758205195349','2020-05-05','CA',170.58);
-- ------- SAMPLE 1085 ----------
INSERT INTO GUEST VALUES(2085,'Edmundo','Erickson','EErickson@gmail.com','1234 DaWrong Lane','Flonkerton','MD','12345','928-761-8508');
INSERT INTO RESERVATION VALUES ('20201008QD6312431198855',2085,null,'QD','2020-10-08','2020-10-10',null,'active');
INSERT INTO INVOICECHARGE VALUES ('20201008QD6312431198855-ch00001','20201008QD6312431198855','2020-10-08',191.9,'Base room charge');
INSERT INTO PAYMENT VALUES ('20201008QD6312431198855-p00001','20201008QD6312431198855','2020-05-05','CC',191.9,'Edmundo Erickson','8179784323101309',8,2025,756,'Mastercard');
-- ------- SAMPLE 1086 ----------
INSERT INTO GUEST VALUES(2086,'Laraine','Lazar','LLazar@gmail.com','1234 DaWrong Lane','Flonkerton','MD','12345','596-965-2094');
INSERT INTO RESERVATION VALUES ('20201126KS5262997324429',2086,null,'KS','2020-11-26','2020-11-28',null,'active');
INSERT INTO INVOICECHARGE VALUES ('20201126KS5262997324429-ch00001','20201126KS5262997324429','2020-11-26',213.23,'Base room charge');
INSERT INTO PAYMENT (payment_id,invoice_id,payment_date,payment_type,payment_amount) VALUES ('20201126KS5262997324429-p00001','20201126KS5262997324429','2020-05-05','CA',213.23);
-- ------- SAMPLE 1087 ----------
INSERT INTO GUEST VALUES(2087,'Lynda','Linda','LLinda@gmail.com','1234 DaWrong Lane','Flonkerton','MD','12345','115-093-8837');
INSERT INTO RESERVATION VALUES ('20200817QD1754456572758',2087,null,'QD','2020-08-17','2020-08-19',null,'active');
INSERT INTO INVOICECHARGE VALUES ('20200817QD1754456572758-ch00001','20200817QD1754456572758','2020-08-17',126.66,'Base room charge');
INSERT INTO INVOICECHARGE VALUES ('20200817QD1754456572758-ch00002','20200817QD1754456572758','2020-08-17',65.25,'Cleaning fee');
INSERT INTO PAYMENT VALUES ('20200817QD1754456572758-p00001','20200817QD1754456572758','2020-05-05','CC',161,'Lynda Linda','9283831906530986',5,2022,14,'Mastercard');
-- ------- SAMPLE 1088 ----------
INSERT INTO GUEST VALUES(2088,'Abram','Adolph','AAdolph@gmail.com','1234 DaWrong Lane','Flonkerton','MD','12345','490-800-0287');
INSERT INTO RESERVATION VALUES ('20210412QS2451358199599',2088,null,'QS','2021-04-12','2021-04-13',null,'active');
INSERT INTO INVOICECHARGE VALUES ('20210412QS2451358199599-ch00001','20210412QS2451358199599','2021-04-12',117.28,'Base room charge');
INSERT INTO PAYMENT VALUES ('20210412QS2451358199599-p00001','20210412QS2451358199599','2020-05-05','CC',117.28,'Abram Adolph','7699015720512386',3,2026,572,'Mastercard');
-- ------- SAMPLE 1089 ----------
INSERT INTO GUEST VALUES(2089,'Tish','Tusing','TTusing@yahoo.com','1234 DaWrong Lane','Flonkerton','MD','12345','136-628-8242');
INSERT INTO RESERVATION VALUES ('20210326KS6450839860149',2089,null,'KS','2021-03-26','2021-03-30',null,'active');
INSERT INTO INVOICECHARGE VALUES ('20210326KS6450839860149-ch00001','20210326KS6450839860149','2021-03-26',281.46,'Base room charge');
INSERT INTO INVOICECHARGE VALUES ('20210326KS6450839860149-ch00002','20210326KS6450839860149','2021-03-26',145,'Cleaning fee');
INSERT INTO PAYMENT VALUES ('20210326KS6450839860149-p00001','20210326KS6450839860149','2020-05-05','CC',426.46,'Tish Tusing','7974899079633141',1,2024,0,'Mastercard');
-- ------- SAMPLE 1090 ----------
INSERT INTO GUEST VALUES(2090,'Lillia','Linen','LLinen@yahoo.com','1234 DaWrong Lane','Flonkerton','MD','12345','151-595-0749');
INSERT INTO RESERVATION VALUES ('20200402QD1860414852981',2090,106,'QD','2020-04-02','2020-04-04',null,'complete');
INSERT INTO INVOICECHARGE VALUES ('20200402QD1860414852981-ch00001','20200402QD1860414852981','2020-04-02',126.66,'Base room charge');
INSERT INTO INVOICECHARGE VALUES ('20200402QD1860414852981-ch00002','20200402QD1860414852981','2020-04-02',65.25,'Cleaning fee');
INSERT INTO PAYMENT VALUES ('20200402QD1860414852981-p00001','20200402QD1860414852981','2020-05-05','CC',191.9,'Lillia Linen','3170210799307207',2,2021,43,'Mastercard');
-- ------- SAMPLE 1091 ----------
INSERT INTO GUEST VALUES(2091,'Pearlene','Priestly','PPriestly@hotmail.com','1234 DaWrong Lane','Flonkerton','MD','12345','448-173-7558');
INSERT INTO RESERVATION VALUES ('20200415KI4276945877539',2091,120,'KI','2020-04-15','2020-04-18',null,'complete');
INSERT INTO INVOICECHARGE VALUES ('20200415KI4276945877539-ch00001','20200415KI4276945877539','2020-04-15',168.87,'Base room charge');
INSERT INTO INVOICECHARGE VALUES ('20200415KI4276945877539-ch00002','20200415KI4276945877539','2020-04-15',87,'Cleaning fee');
INSERT INTO PAYMENT VALUES ('20200415KI4276945877539-p00001','20200415KI4276945877539','2020-05-05','CC',255.87,'Pearlene Priestly','5337873592493227',8,2022,624,'Mastercard');
-- ------- SAMPLE 1092 ----------
INSERT INTO GUEST VALUES(2092,'Delsie','Dunstan','DDunstan@gmail.com','1234 DaWrong Lane','Flonkerton','MD','12345','443-608-8069');
INSERT INTO RESERVATION VALUES ('20190912KI1524171390129',2092,110,'KI','2019-09-12','2019-09-13',null,'complete');
INSERT INTO INVOICECHARGE VALUES ('20190912KI1524171390129-ch00001','20190912KI1524171390129','2019-09-12',85.29,'Base room charge');
INSERT INTO PAYMENT VALUES ('20190912KI1524171390129-p00001','20190912KI1524171390129','2020-05-05','CC',77,'Delsie Dunstan','3728313206743165',6,2021,824,'Mastercard');
-- ------- SAMPLE 1093 ----------
INSERT INTO GUEST VALUES(2093,'Anita','Amezcua','AAmezcua@hotmail.com','1234 DaWrong Lane','Flonkerton','MD','12345','880-827-2028');
INSERT INTO RESERVATION VALUES ('20190926KS4324351766570',2093,102,'KS','2019-09-26','2019-09-30',null,'complete');
INSERT INTO INVOICECHARGE VALUES ('20190926KS4324351766570-ch00001','20190926KS4324351766570','2019-09-26',426.46,'Base room charge');
INSERT INTO PAYMENT VALUES ('20190926KS4324351766570-p00001','20190926KS4324351766570','2020-05-05','CC',426.46,'Anita Amezcua','3014483887319507',5,2025,147,'Mastercard');
-- ------- SAMPLE 1094 ----------
INSERT INTO GUEST VALUES(2094,'Kandra','Kelty','KKelty@gmail.com','1234 DaWrong Lane','Flonkerton','MD','12345','789-168-5329');
INSERT INTO RESERVATION VALUES ('20191011KJ7239636497461',2094,114,'KJ','2019-10-11','2019-10-15',null,'complete');
-- ------- SAMPLE 1095 ----------
INSERT INTO GUEST VALUES(2095,'Demarcus','Dearborn','DDearborn@gmail.com','1234 DaWrong Lane','Flonkerton','MD','12345','700-783-0218');
INSERT INTO RESERVATION VALUES ('20191021QD3110913196018',2095,200,'QD','2019-10-21','2019-10-26',null,'cancelled');
-- ------- SAMPLE 1096 ----------
INSERT INTO GUEST VALUES(2096,'Elfriede','Esslinger','EEsslinger@hotmail.com','1234 DaWrong Lane','Flonkerton','MD','12345','591-959-3364');
INSERT INTO RESERVATION VALUES ('20191016QS4250476165082',2096,207,'QS','2019-10-16','2019-10-20',null,'complete');
INSERT INTO INVOICECHARGE VALUES ('20191016QS4250476165082-ch00001','20191016QS4250476165082','2019-10-16',309.61,'Base room charge');
INSERT INTO INVOICECHARGE VALUES ('20191016QS4250476165082-ch00002','20191016QS4250476165082','2019-10-16',159.5,'Cleaning fee');
INSERT INTO PAYMENT VALUES ('20191016QS4250476165082-p00001','20191016QS4250476165082','2020-05-05','CC',469.11,'Elfriede Esslinger','9949406066378464',9,2022,117,'Mastercard');
-- ------- SAMPLE 1097 ----------
INSERT INTO GUEST VALUES(2097,'Leighann','Leith','LLeith@hotmail.com','1234 DaWrong Lane','Flonkerton','MD','12345','867-183-3968');
INSERT INTO RESERVATION VALUES ('20191006QS6479377662532',2097,108,'QS','2019-10-06','2019-10-07',null,'complete');
-- ------- SAMPLE 1098 ----------
INSERT INTO GUEST VALUES(2098,'Lucius','Liles','LLiles@yahoo.com','1234 DaWrong Lane','Flonkerton','MD','12345','270-347-3355');
INSERT INTO RESERVATION VALUES ('20210118QS7420973969739',2098,null,'QS','2021-01-18','2021-01-21',null,'active');
INSERT INTO INVOICECHARGE VALUES ('20210118QS7420973969739-ch00001','20210118QS7420973969739','2021-01-18',351.83,'Base room charge');
INSERT INTO PAYMENT (payment_id,invoice_id,payment_date,payment_type,payment_amount) VALUES ('20210118QS7420973969739-p00001','20210118QS7420973969739','2020-05-05','CA',351.83);
-- ------- SAMPLE 1099 ----------
INSERT INTO GUEST VALUES(2099,'Melaine','Miskell','MMiskell@hotmail.com','1234 DaWrong Lane','Flonkerton','MD','12345','463-570-6968');
INSERT INTO RESERVATION VALUES ('20190929KI5416225795264',2099,120,'KI','2019-09-29','2019-10-04',null,'complete');
INSERT INTO INVOICECHARGE VALUES ('20190929KI5416225795264-ch00001','20190929KI5416225795264','2019-09-29',426.45,'Base room charge');
INSERT INTO PAYMENT (payment_id,invoice_id,payment_date,payment_type,payment_amount) VALUES ('20190929KI5416225795264-p00001','20190929KI5416225795264','2020-05-05','CA',240);
-- ------- SAMPLE 1100 ----------
INSERT INTO GUEST VALUES(2100,'Keturah','Kagawa','KKagawa@hotmail.com','1234 DaWrong Lane','Flonkerton','MD','12345','969-828-0123');
INSERT INTO RESERVATION VALUES ('20200306QD4380866277893',2100,106,'QD','2020-03-06','2020-03-07',null,'complete');
INSERT INTO INVOICECHARGE VALUES ('20200306QD4380866277893-ch00001','20200306QD4380866277893','2020-03-06',95.95,'Base room charge');
INSERT INTO PAYMENT VALUES ('20200306QD4380866277893-p00001','20200306QD4380866277893','2020-05-05','CC',95.95,'Keturah Kagawa','5271139863314333',5,2026,658,'Mastercard');
-- ------- SAMPLE 1101 ----------
INSERT INTO GUEST VALUES(2101,'Anita','Amezcua','AAmezcua@hotmail.com','1234 DaWrong Lane','Flonkerton','MD','12345','131-241-7381');
INSERT INTO RESERVATION VALUES ('20190619KJ5493702687742',2101,119,'KJ','2019-06-19','2019-06-20',null,'complete');
INSERT INTO INVOICECHARGE VALUES ('20190619KJ5493702687742-ch00001','20190619KJ5493702687742','2019-06-19',138.6,'Base room charge');
INSERT INTO PAYMENT VALUES ('20190619KJ5493702687742-p00001','20190619KJ5493702687742','2020-05-05','CC',138.6,'Anita Amezcua','2963695663845546',4,2022,163,'Mastercard');
-- ------- SAMPLE 1102 ----------
INSERT INTO GUEST VALUES(2102,'Claribel','Catanzaro','CCatanzaro@gmail.com','1234 DaWrong Lane','Flonkerton','MD','12345','303-333-0983');
INSERT INTO RESERVATION VALUES ('20191202KI8884901215245',2102,115,'KI','2019-12-02','2019-12-04',null,'complete');
INSERT INTO INVOICECHARGE VALUES ('20191202KI8884901215245-ch00001','20191202KI8884901215245','2019-12-02',112.58,'Base room charge');
INSERT INTO INVOICECHARGE VALUES ('20191202KI8884901215245-ch00002','20191202KI8884901215245','2019-12-02',58,'Room Service');
INSERT INTO PAYMENT (payment_id,invoice_id,payment_date,payment_type,payment_amount) VALUES ('20191202KI8884901215245-p00001','20191202KI8884901215245','2020-05-05','CA',170.58);
-- ------- SAMPLE 1103 ----------
INSERT INTO GUEST VALUES(2103,'Ella','Evanoff','EEvanoff@yahoo.com','1234 DaWrong Lane','Flonkerton','MD','12345','221-656-3061');
INSERT INTO RESERVATION VALUES ('20190510KI5546263511778',2103,204,'KI','2019-05-10','2019-05-14',null,'complete');
INSERT INTO INVOICECHARGE VALUES ('20190510KI5546263511778-ch00001','20190510KI5546263511778','2019-05-10',225.16,'Base room charge');
INSERT INTO INVOICECHARGE VALUES ('20190510KI5546263511778-ch00002','20190510KI5546263511778','2019-05-10',115.99,'Room Service');
INSERT INTO PAYMENT VALUES ('20190510KI5546263511778-p00001','20190510KI5546263511778','2020-05-05','CC',341.16,'Ella Evanoff','6636333649656838',3,2025,258,'Mastercard');
-- ------- SAMPLE 1104 ----------
INSERT INTO GUEST VALUES(2104,'Tai','Tookes','TTookes@hotmail.com','1234 DaWrong Lane','Flonkerton','MD','12345','363-361-6762');
INSERT INTO RESERVATION VALUES ('20190711KS5977607074132',2104,102,'KS','2019-07-11','2019-07-14',null,'complete');
-- ------- SAMPLE 1105 ----------
INSERT INTO GUEST VALUES(2105,'Eda','Elmendorf','EElmendorf@yahoo.com','1234 DaWrong Lane','Flonkerton','MD','12345','467-714-0673');
INSERT INTO RESERVATION VALUES ('20210107KJ3869377419705',2105,null,'KJ','2021-01-07','2021-01-08',null,'active');
INSERT INTO INVOICECHARGE VALUES ('20210107KJ3869377419705-ch00001','20210107KJ3869377419705','2021-01-07',91.48,'Base room charge');
INSERT INTO INVOICECHARGE VALUES ('20210107KJ3869377419705-ch00002','20210107KJ3869377419705','2021-01-07',47.12,'Cleaning fee');
INSERT INTO PAYMENT VALUES ('20210107KJ3869377419705-p00001','20210107KJ3869377419705','2020-05-05','CC',138.6,'Eda Elmendorf','3380857170635960',11,2023,224,'Mastercard');
-- ------- SAMPLE 1106 ----------
INSERT INTO GUEST VALUES(2106,'Randal','Rohman','RRohman@gmail.com','1234 DaWrong Lane','Flonkerton','MD','12345','921-470-6470');
INSERT INTO RESERVATION VALUES ('20200127KI8187031487365',2106,204,'KI','2020-01-27','2020-01-29',null,'complete');
INSERT INTO INVOICECHARGE VALUES ('20200127KI8187031487365-ch00001','20200127KI8187031487365','2020-01-27',112.58,'Base room charge');
INSERT INTO INVOICECHARGE VALUES ('20200127KI8187031487365-ch00002','20200127KI8187031487365','2020-01-27',58,'Room Service');
INSERT INTO PAYMENT VALUES ('20200127KI8187031487365-p00001','20200127KI8187031487365','2020-05-05','CC',170.58,'Randal Rohman','2880954372631297',2,2024,25,'Mastercard');
-- ------- SAMPLE 1107 ----------
INSERT INTO GUEST VALUES(2107,'Boyce','Bate','BBate@gmail.com','1234 DaWrong Lane','Flonkerton','MD','12345','967-839-2362');
INSERT INTO RESERVATION VALUES ('20210119KJ9954734876662',2107,null,'KJ','2021-01-19','2021-01-24',null,'active');
INSERT INTO INVOICECHARGE VALUES ('20210119KJ9954734876662-ch00001','20210119KJ9954734876662','2021-01-19',693.01,'Base room charge');
INSERT INTO PAYMENT (payment_id,invoice_id,payment_date,payment_type,payment_amount) VALUES ('20210119KJ9954734876662-p00001','20210119KJ9954734876662','2020-05-05','CA',693.01);
-- ------- SAMPLE 1108 ----------
INSERT INTO GUEST VALUES(2108,'Theodora','Trickey','TTrickey@hotmail.com','1234 DaWrong Lane','Flonkerton','MD','12345','432-029-0285');
INSERT INTO RESERVATION VALUES ('20200225QS8161494237234',2108,202,'QS','2020-02-25','2020-02-29',null,'complete');
INSERT INTO INVOICECHARGE VALUES ('20200225QS8161494237234-ch00001','20200225QS8161494237234','2020-02-25',309.61,'Base room charge');
INSERT INTO INVOICECHARGE VALUES ('20200225QS8161494237234-ch00002','20200225QS8161494237234','2020-02-25',159.5,'Room Service');
INSERT INTO PAYMENT VALUES ('20200225QS8161494237234-p00001','20200225QS8161494237234','2020-05-05','CC',137,'Theodora Trickey','4855070566128831',5,2025,919,'Mastercard');
-- ------- SAMPLE 1109 ----------
INSERT INTO GUEST VALUES(2109,'Kaley','Kilmon','KKilmon@yahoo.com','1234 DaWrong Lane','Flonkerton','MD','12345','925-321-0555');
INSERT INTO RESERVATION VALUES ('20191211QD5182875848663',2109,205,'QD','2019-12-11','2019-12-16',null,'complete');
INSERT INTO INVOICECHARGE VALUES ('20191211QD5182875848663-ch00001','20191211QD5182875848663','2019-12-11',316.64,'Base room charge');
INSERT INTO INVOICECHARGE VALUES ('20191211QD5182875848663-ch00002','20191211QD5182875848663','2019-12-11',163.12,'Room Service');
INSERT INTO PAYMENT VALUES ('20191211QD5182875848663-p00001','20191211QD5182875848663','2020-05-05','CC',479.76,'Kaley Kilmon','5430267169685306',10,2023,9,'Mastercard');
-- ------- SAMPLE 1110 ----------
INSERT INTO GUEST VALUES(2110,'Shawna','Schmit','SSchmit@gmail.com','1234 DaWrong Lane','Flonkerton','MD','12345','807-247-8342');
INSERT INTO RESERVATION VALUES ('20200625QS8695392406051',2110,null,'QS','2020-06-25','2020-06-28',null,'active');
INSERT INTO INVOICECHARGE VALUES ('20200625QS8695392406051-ch00001','20200625QS8695392406051','2020-06-25',351.83,'Base room charge');
INSERT INTO PAYMENT (payment_id,invoice_id,payment_date,payment_type,payment_amount) VALUES ('20200625QS8695392406051-p00001','20200625QS8695392406051','2020-05-05','CA',351.83);
-- ------- SAMPLE 1111 ----------
INSERT INTO GUEST VALUES(2111,'Shonda','Schult','SSchult@yahoo.com','1234 DaWrong Lane','Flonkerton','MD','12345','186-098-5851');
INSERT INTO RESERVATION VALUES ('20210413QD9003980385074',2111,null,'QD','2021-04-13','2021-04-18',null,'active');
INSERT INTO INVOICECHARGE VALUES ('20210413QD9003980385074-ch00001','20210413QD9003980385074','2021-04-13',316.64,'Base room charge');
INSERT INTO INVOICECHARGE VALUES ('20210413QD9003980385074-ch00002','20210413QD9003980385074','2021-04-13',163.12,'Cleaning fee');
INSERT INTO PAYMENT (payment_id,invoice_id,payment_date,payment_type,payment_amount) VALUES ('20210413QD9003980385074-p00001','20210413QD9003980385074','2020-05-05','CA',426);
-- ------- SAMPLE 1112 ----------
INSERT INTO GUEST VALUES(2112,'Romaine','Reck','RReck@gmail.com','1234 DaWrong Lane','Flonkerton','MD','12345','105-889-4260');
INSERT INTO RESERVATION VALUES ('20200613KS5793845356775',2112,null,'KS','2020-06-13','2020-06-14',null,'active');
-- ------- SAMPLE 1113 ----------
INSERT INTO GUEST VALUES(2113,'Kathern','Korn','KKorn@hotmail.com','1234 DaWrong Lane','Flonkerton','MD','12345','316-567-7385');
INSERT INTO RESERVATION VALUES ('20200414QD9401795722578',2113,205,'QD','2020-04-14','2020-04-17',null,'complete');
INSERT INTO INVOICECHARGE VALUES ('20200414QD9401795722578-ch00001','20200414QD9401795722578','2020-04-14',287.86,'Base room charge');
INSERT INTO PAYMENT VALUES ('20200414QD9401795722578-p00001','20200414QD9401795722578','2020-05-05','CC',287.86,'Kathern Korn','8825744868668371',7,2024,704,'Mastercard');
-- ------- SAMPLE 1114 ----------
INSERT INTO GUEST VALUES(2114,'Shad','Sitler','SSitler@yahoo.com','1234 DaWrong Lane','Flonkerton','MD','12345','291-408-3284');
INSERT INTO RESERVATION VALUES ('20200904KS4321081321614',2114,null,'KS','2020-09-04','2020-09-05',null,'active');
-- ------- SAMPLE 1115 ----------
INSERT INTO GUEST VALUES(2115,'Doyle','Dykema','DDykema@hotmail.com','1234 DaWrong Lane','Flonkerton','MD','12345','982-776-9664');
INSERT INTO RESERVATION VALUES ('20201108QD1726148917530',2115,null,'QD','2020-11-08','2020-11-09',null,'active');
-- ------- SAMPLE 1116 ----------
INSERT INTO GUEST VALUES(2116,'Edmundo','Erickson','EErickson@gmail.com','1234 DaWrong Lane','Flonkerton','MD','12345','163-334-2893');
INSERT INTO RESERVATION VALUES ('20200205KI6364988342116',2116,105,'KI','2020-02-05','2020-02-09',null,'complete');
INSERT INTO INVOICECHARGE VALUES ('20200205KI6364988342116-ch00001','20200205KI6364988342116','2020-02-05',341.16,'Base room charge');
INSERT INTO PAYMENT (payment_id,invoice_id,payment_date,payment_type,payment_amount) VALUES ('20200205KI6364988342116-p00001','20200205KI6364988342116','2020-05-05','CA',33);
-- ------- SAMPLE 1117 ----------
INSERT INTO GUEST VALUES(2117,'Asa','Allan','AAllan@gmail.com','1234 DaWrong Lane','Flonkerton','MD','12345','682-269-2546');
INSERT INTO RESERVATION VALUES ('20200828KJ8242481983168',2117,null,'KJ','2020-08-28','2020-08-31',null,'active');
INSERT INTO INVOICECHARGE VALUES ('20200828KJ8242481983168-ch00001','20200828KJ8242481983168','2020-08-28',415.81,'Base room charge');
INSERT INTO PAYMENT VALUES ('20200828KJ8242481983168-p00001','20200828KJ8242481983168','2020-05-05','CC',203,'Asa Allan','3032409764968649',4,2021,692,'Mastercard');
-- ------- SAMPLE 1118 ----------
INSERT INTO GUEST VALUES(2118,'Erminia','Eckard','EEckard@gmail.com','1234 DaWrong Lane','Flonkerton','MD','12345','064-330-2479');
INSERT INTO RESERVATION VALUES ('20200212QS6265895011703',2118,118,'QS','2020-02-12','2020-02-14',null,'complete');
INSERT INTO INVOICECHARGE VALUES ('20200212QS6265895011703-ch00001','20200212QS6265895011703','2020-02-12',154.81,'Base room charge');
INSERT INTO INVOICECHARGE VALUES ('20200212QS6265895011703-ch00002','20200212QS6265895011703','2020-02-12',79.75,'Room Service');
INSERT INTO PAYMENT (payment_id,invoice_id,payment_date,payment_type,payment_amount) VALUES ('20200212QS6265895011703-p00001','20200212QS6265895011703','2020-05-05','CA',234.55);
-- ------- SAMPLE 1119 ----------
INSERT INTO GUEST VALUES(2119,'Corene','Carmody','CCarmody@hotmail.com','1234 DaWrong Lane','Flonkerton','MD','12345','206-521-6431');
INSERT INTO RESERVATION VALUES ('20200322QD6671465159275',2119,106,'QD','2020-03-22','2020-03-27',null,'complete');
-- ------- SAMPLE 1120 ----------
INSERT INTO GUEST VALUES(2120,'Theodora','Trickey','TTrickey@gmail.com','1234 DaWrong Lane','Flonkerton','MD','12345','294-555-4534');
INSERT INTO RESERVATION VALUES ('20210224QS9254872159495',2120,null,'QS','2021-02-24','2021-02-26',null,'active');
INSERT INTO INVOICECHARGE VALUES ('20210224QS9254872159495-ch00001','20210224QS9254872159495','2021-02-24',154.81,'Base room charge');
INSERT INTO INVOICECHARGE VALUES ('20210224QS9254872159495-ch00002','20210224QS9254872159495','2021-02-24',79.75,'Room Service');
INSERT INTO PAYMENT (payment_id,invoice_id,payment_date,payment_type,payment_amount) VALUES ('20210224QS9254872159495-p00001','20210224QS9254872159495','2020-05-05','CA',26);
-- ------- SAMPLE 1121 ----------
INSERT INTO GUEST VALUES(2121,'Fleta','Fickel','FFickel@yahoo.com','1234 DaWrong Lane','Flonkerton','MD','12345','522-203-2701');
INSERT INTO RESERVATION VALUES ('20200610QS4633536274676',2121,null,'QS','2020-06-10','2020-06-15',null,'active');
INSERT INTO INVOICECHARGE VALUES ('20200610QS4633536274676-ch00001','20200610QS4633536274676','2020-06-10',586.38,'Base room charge');
INSERT INTO PAYMENT (payment_id,invoice_id,payment_date,payment_type,payment_amount) VALUES ('20200610QS4633536274676-p00001','20200610QS4633536274676','2020-05-05','CA',586.38);
-- ------- SAMPLE 1122 ----------
INSERT INTO GUEST VALUES(2122,'Clara','Crimmins','CCrimmins@hotmail.com','1234 DaWrong Lane','Flonkerton','MD','12345','689-334-5095');
INSERT INTO RESERVATION VALUES ('20201030KS1649718705634',2122,null,'KS','2020-10-30','2020-10-31',null,'active');
-- ------- SAMPLE 1123 ----------
INSERT INTO GUEST VALUES(2123,'Doyle','Dykema','DDykema@hotmail.com','1234 DaWrong Lane','Flonkerton','MD','12345','374-536-0046');
INSERT INTO RESERVATION VALUES ('20201219QD3468731890692',2123,null,'QD','2020-12-19','2020-12-20',null,'active');
INSERT INTO INVOICECHARGE VALUES ('20201219QD3468731890692-ch00001','20201219QD3468731890692','2020-12-19',63.33,'Base room charge');
INSERT INTO INVOICECHARGE VALUES ('20201219QD3468731890692-ch00002','20201219QD3468731890692','2020-12-19',32.62,'Cleaning fee');
INSERT INTO PAYMENT (payment_id,invoice_id,payment_date,payment_type,payment_amount) VALUES ('20201219QD3468731890692-p00001','20201219QD3468731890692','2020-05-05','CA',95.95);
-- ------- SAMPLE 1124 ----------
INSERT INTO GUEST VALUES(2124,'Lynda','Linda','LLinda@yahoo.com','1234 DaWrong Lane','Flonkerton','MD','12345','966-539-2351');
INSERT INTO RESERVATION VALUES ('20200910KI9515924803088',2124,null,'KI','2020-09-10','2020-09-11',null,'active');
INSERT INTO INVOICECHARGE VALUES ('20200910KI9515924803088-ch00001','20200910KI9515924803088','2020-09-10',85.29,'Base room charge');
INSERT INTO PAYMENT VALUES ('20200910KI9515924803088-p00001','20200910KI9515924803088','2020-05-05','CC',85.29,'Lynda Linda','7855764330502766',9,2023,473,'Mastercard');
-- ------- SAMPLE 1125 ----------
INSERT INTO GUEST VALUES(2125,'Marcelino','Meisner','MMeisner@yahoo.com','1234 DaWrong Lane','Flonkerton','MD','12345','574-402-6175');
INSERT INTO RESERVATION VALUES ('20190827QD7556695755065',2125,200,'QD','2019-08-27','2019-08-29',null,'complete');
INSERT INTO INVOICECHARGE VALUES ('20190827QD7556695755065-ch00001','20190827QD7556695755065','2019-08-27',191.9,'Base room charge');
INSERT INTO PAYMENT VALUES ('20190827QD7556695755065-p00001','20190827QD7556695755065','2020-05-05','CC',191.9,'Marcelino Meisner','9678074809972851',3,2021,652,'Mastercard');
-- ------- SAMPLE 1126 ----------
INSERT INTO GUEST VALUES(2126,'Eryn','Edenfield','EEdenfield@yahoo.com','1234 DaWrong Lane','Flonkerton','MD','12345','711-723-0425');
INSERT INTO RESERVATION VALUES ('20200609KI7623413351677',2126,null,'KI','2020-06-09','2020-06-14',null,'active');
INSERT INTO INVOICECHARGE VALUES ('20200609KI7623413351677-ch00001','20200609KI7623413351677','2020-06-09',281.45,'Base room charge');
INSERT INTO INVOICECHARGE VALUES ('20200609KI7623413351677-ch00002','20200609KI7623413351677','2020-06-09',144.99,'Cleaning fee');
INSERT INTO PAYMENT (payment_id,invoice_id,payment_date,payment_type,payment_amount) VALUES ('20200609KI7623413351677-p00001','20200609KI7623413351677','2020-05-05','CA',426.45);
-- ------- SAMPLE 1127 ----------
INSERT INTO GUEST VALUES(2127,'Kathlyn','Kinser','KKinser@hotmail.com','1234 DaWrong Lane','Flonkerton','MD','12345','975-555-9349');
INSERT INTO RESERVATION VALUES ('20201027KS3480526385179',2127,null,'KS','2020-10-27','2020-10-31',null,'active');
INSERT INTO INVOICECHARGE VALUES ('20201027KS3480526385179-ch00001','20201027KS3480526385179','2020-10-27',426.46,'Base room charge');
INSERT INTO PAYMENT VALUES ('20201027KS3480526385179-p00001','20201027KS3480526385179','2020-05-05','CC',426.46,'Kathlyn Kinser','8818578007962515',9,2025,438,'Mastercard');
-- ------- SAMPLE 1128 ----------
INSERT INTO GUEST VALUES(2128,'Lincoln','Lattea','LLattea@gmail.com','1234 DaWrong Lane','Flonkerton','MD','12345','573-124-5542');
INSERT INTO RESERVATION VALUES ('20191110QD3493588599983',2128,116,'QD','2019-11-10','2019-11-11',null,'complete');
INSERT INTO INVOICECHARGE VALUES ('20191110QD3493588599983-ch00001','20191110QD3493588599983','2019-11-10',63.33,'Base room charge');
INSERT INTO INVOICECHARGE VALUES ('20191110QD3493588599983-ch00002','20191110QD3493588599983','2019-11-10',32.62,'Room Service');
INSERT INTO PAYMENT (payment_id,invoice_id,payment_date,payment_type,payment_amount) VALUES ('20191110QD3493588599983-p00001','20191110QD3493588599983','2020-05-05','CA',95.95);
-- ------- SAMPLE 1129 ----------
INSERT INTO GUEST VALUES(2129,'Corene','Carmody','CCarmody@hotmail.com','1234 DaWrong Lane','Flonkerton','MD','12345','081-105-3679');
INSERT INTO RESERVATION VALUES ('20210131QD9583880682960',2129,null,'QD','2021-01-31','2021-02-01',null,'active');
INSERT INTO INVOICECHARGE VALUES ('20210131QD9583880682960-ch00001','20210131QD9583880682960','2021-01-31',95.95,'Base room charge');
INSERT INTO PAYMENT VALUES ('20210131QD9583880682960-p00001','20210131QD9583880682960','2020-05-05','CC',71,'Corene Carmody','4090101894681043',2,2023,957,'Mastercard');
-- ------- SAMPLE 1130 ----------
INSERT INTO GUEST VALUES(2130,'Maryann','Mccutcheon','MMccutcheon@yahoo.com','1234 DaWrong Lane','Flonkerton','MD','12345','821-699-4627');
INSERT INTO RESERVATION VALUES ('20201020QD2942551490302',2130,null,'QD','2020-10-20','2020-10-22',null,'active');
INSERT INTO INVOICECHARGE VALUES ('20201020QD2942551490302-ch00001','20201020QD2942551490302','2020-10-20',191.9,'Base room charge');
INSERT INTO PAYMENT (payment_id,invoice_id,payment_date,payment_type,payment_amount) VALUES ('20201020QD2942551490302-p00001','20201020QD2942551490302','2020-05-05','CA',167);
-- ------- SAMPLE 1131 ----------
INSERT INTO GUEST VALUES(2131,'Asa','Allan','AAllan@hotmail.com','1234 DaWrong Lane','Flonkerton','MD','12345','100-300-0761');
INSERT INTO RESERVATION VALUES ('20201126QD1379052794137',2131,null,'QD','2020-11-26','2020-11-27',null,'active');
INSERT INTO INVOICECHARGE VALUES ('20201126QD1379052794137-ch00001','20201126QD1379052794137','2020-11-26',63.33,'Base room charge');
INSERT INTO INVOICECHARGE VALUES ('20201126QD1379052794137-ch00002','20201126QD1379052794137','2020-11-26',32.62,'Cleaning fee');
INSERT INTO PAYMENT (payment_id,invoice_id,payment_date,payment_type,payment_amount) VALUES ('20201126QD1379052794137-p00001','20201126QD1379052794137','2020-05-05','CA',17);
-- ------- SAMPLE 1132 ----------
INSERT INTO GUEST VALUES(2132,'Willian','Wiest','WWiest@hotmail.com','1234 DaWrong Lane','Flonkerton','MD','12345','014-112-9720');
INSERT INTO RESERVATION VALUES ('20201003KI8339682986285',2132,null,'KI','2020-10-03','2020-10-04',null,'active');
-- ------- SAMPLE 1133 ----------
INSERT INTO GUEST VALUES(2133,'Fiona','Figgs','FFiggs@gmail.com','1234 DaWrong Lane','Flonkerton','MD','12345','645-259-1381');
INSERT INTO RESERVATION VALUES ('20200318QS7225404926824',2133,202,'QS','2020-03-18','2020-03-23',null,'complete');
-- ------- SAMPLE 1134 ----------
INSERT INTO GUEST VALUES(2134,'Romaine','Reck','RReck@gmail.com','1234 DaWrong Lane','Flonkerton','MD','12345','319-701-9846');
INSERT INTO RESERVATION VALUES ('20200515QS6060224096586',2134,null,'QS','2020-05-15','2020-05-18',null,'cancelled');
-- ------- SAMPLE 1135 ----------
INSERT INTO GUEST VALUES(2135,'Katerine','Kawakami','KKawakami@yahoo.com','1234 DaWrong Lane','Flonkerton','MD','12345','752-874-7329');
INSERT INTO RESERVATION VALUES ('20190826KJ8097965672487',2135,203,'KJ','2019-08-26','2019-08-29',null,'complete');
INSERT INTO INVOICECHARGE VALUES ('20190826KJ8097965672487-ch00001','20190826KJ8097965672487','2019-08-26',415.81,'Base room charge');
INSERT INTO PAYMENT VALUES ('20190826KJ8097965672487-p00001','20190826KJ8097965672487','2020-05-05','CC',415.81,'Katerine Kawakami','3386367120874157',3,2021,234,'Mastercard');
-- ------- SAMPLE 1136 ----------
INSERT INTO GUEST VALUES(2136,'Aretha','Acy','AAcy@hotmail.com','1234 DaWrong Lane','Flonkerton','MD','12345','595-223-1542');
INSERT INTO RESERVATION VALUES ('20191227KI2267510974285',2136,105,'KI','2019-12-27','2020-01-01',null,'complete');
INSERT INTO INVOICECHARGE VALUES ('20191227KI2267510974285-ch00001','20191227KI2267510974285','2019-12-27',426.45,'Base room charge');
INSERT INTO PAYMENT VALUES ('20191227KI2267510974285-p00001','20191227KI2267510974285','2020-05-05','CC',426.45,'Aretha Acy','5070448610714740',10,2023,916,'Mastercard');
-- ------- SAMPLE 1137 ----------
INSERT INTO GUEST VALUES(2137,'Yuette','Yetman','YYetman@hotmail.com','1234 DaWrong Lane','Flonkerton','MD','12345','109-551-1173');
INSERT INTO RESERVATION VALUES ('20200318QD1435882049203',2137,101,'QD','2020-03-18','2020-03-20',null,'complete');
INSERT INTO INVOICECHARGE VALUES ('20200318QD1435882049203-ch00001','20200318QD1435882049203','2020-03-18',126.66,'Base room charge');
INSERT INTO INVOICECHARGE VALUES ('20200318QD1435882049203-ch00002','20200318QD1435882049203','2020-03-18',65.25,'Cleaning fee');
INSERT INTO PAYMENT VALUES ('20200318QD1435882049203-p00001','20200318QD1435882049203','2020-05-05','CC',62,'Yuette Yetman','2200875858823783',5,2021,819,'Mastercard');
-- ------- SAMPLE 1138 ----------
INSERT INTO GUEST VALUES(2138,'Delora','Delph','DDelph@hotmail.com','1234 DaWrong Lane','Flonkerton','MD','12345','278-323-0078');
INSERT INTO RESERVATION VALUES ('20191006KI8913028716425',2138,209,'KI','2019-10-06','2019-10-10',null,'complete');
INSERT INTO INVOICECHARGE VALUES ('20191006KI8913028716425-ch00001','20191006KI8913028716425','2019-10-06',225.16,'Base room charge');
INSERT INTO INVOICECHARGE VALUES ('20191006KI8913028716425-ch00002','20191006KI8913028716425','2019-10-06',115.99,'Cleaning fee');
INSERT INTO PAYMENT VALUES ('20191006KI8913028716425-p00001','20191006KI8913028716425','2020-05-05','CC',341.16,'Delora Delph','1749704737940384',11,2023,125,'Mastercard');
-- ------- SAMPLE 1139 ----------
INSERT INTO GUEST VALUES(2139,'Shena','Sandoz','SSandoz@gmail.com','1234 DaWrong Lane','Flonkerton','MD','12345','276-024-1572');
INSERT INTO RESERVATION VALUES ('20200927KI9674120118247',2139,null,'KI','2020-09-27','2020-09-30',null,'active');
INSERT INTO INVOICECHARGE VALUES ('20200927KI9674120118247-ch00001','20200927KI9674120118247','2020-09-27',168.87,'Base room charge');
INSERT INTO INVOICECHARGE VALUES ('20200927KI9674120118247-ch00002','20200927KI9674120118247','2020-09-27',87,'Cleaning fee');
INSERT INTO PAYMENT VALUES ('20200927KI9674120118247-p00001','20200927KI9674120118247','2020-05-05','CC',255.87,'Shena Sandoz','5881914679147138',6,2021,137,'Mastercard');
-- ------- SAMPLE 1140 ----------
INSERT INTO GUEST VALUES(2140,'Walter','Wellington','WWellington@gmail.com','1234 DaWrong Lane','Flonkerton','MD','12345','742-409-0972');
INSERT INTO RESERVATION VALUES ('20210325QD4874234181955',2140,null,'QD','2021-03-25','2021-03-29',null,'active');
INSERT INTO INVOICECHARGE VALUES ('20210325QD4874234181955-ch00001','20210325QD4874234181955','2021-03-25',253.31,'Base room charge');
INSERT INTO INVOICECHARGE VALUES ('20210325QD4874234181955-ch00002','20210325QD4874234181955','2021-03-25',130.49,'Cleaning fee');
INSERT INTO PAYMENT VALUES ('20210325QD4874234181955-p00001','20210325QD4874234181955','2020-05-05','CC',370,'Walter Wellington','5273301627518953',5,2023,780,'Mastercard');
-- ------- SAMPLE 1141 ----------
INSERT INTO GUEST VALUES(2141,'Sherryl','Shurtleff','SShurtleff@gmail.com','1234 DaWrong Lane','Flonkerton','MD','12345','042-837-6232');
INSERT INTO RESERVATION VALUES ('20201218QS4480864477667',2141,null,'QS','2020-12-18','2020-12-22',null,'cancelled');
INSERT INTO INVOICECHARGE VALUES ('20201218QS4480864477667-ch00001','20201218QS4480864477667','2020-12-18',469.11,'Base room charge');
INSERT INTO PAYMENT (payment_id,invoice_id,payment_date,payment_type,payment_amount) VALUES ('20201218QS4480864477667-p00001','20201218QS4480864477667','2020-05-05','CA',469.11);
-- ------- SAMPLE 1142 ----------
INSERT INTO GUEST VALUES(2142,'Melaine','Miskell','MMiskell@hotmail.com','1234 DaWrong Lane','Flonkerton','MD','12345','036-652-0330');
INSERT INTO RESERVATION VALUES ('20191209QS5690137189617',2142,207,'QS','2019-12-09','2019-12-12',null,'complete');
INSERT INTO INVOICECHARGE VALUES ('20191209QS5690137189617-ch00001','20191209QS5690137189617','2019-12-09',232.21,'Base room charge');
INSERT INTO INVOICECHARGE VALUES ('20191209QS5690137189617-ch00002','20191209QS5690137189617','2019-12-09',119.62,'Cleaning fee');
INSERT INTO PAYMENT VALUES ('20191209QS5690137189617-p00001','20191209QS5690137189617','2020-05-05','CC',351.83,'Melaine Miskell','9725599840470660',1,2023,520,'Mastercard');
-- ------- SAMPLE 1143 ----------
INSERT INTO GUEST VALUES(2143,'Katerine','Kawakami','KKawakami@yahoo.com','1234 DaWrong Lane','Flonkerton','MD','12345','188-500-9255');
INSERT INTO RESERVATION VALUES ('20210314KS2419322713323',2143,null,'KS','2021-03-14','2021-03-17',null,'active');
INSERT INTO INVOICECHARGE VALUES ('20210314KS2419322713323-ch00001','20210314KS2419322713323','2021-03-14',211.1,'Base room charge');
INSERT INTO INVOICECHARGE VALUES ('20210314KS2419322713323-ch00002','20210314KS2419322713323','2021-03-14',108.75,'Cleaning fee');
INSERT INTO PAYMENT VALUES ('20210314KS2419322713323-p00001','20210314KS2419322713323','2020-05-05','CC',319.84,'Katerine Kawakami','8857809672757560',6,2023,784,'Mastercard');
-- ------- SAMPLE 1144 ----------
INSERT INTO GUEST VALUES(2144,'Walter','Wellington','WWellington@yahoo.com','1234 DaWrong Lane','Flonkerton','MD','12345','435-472-1626');
INSERT INTO RESERVATION VALUES ('20190512KJ2580379799152',2144,104,'KJ','2019-05-12','2019-05-14',null,'cancelled');
INSERT INTO INVOICECHARGE VALUES ('20190512KJ2580379799152-ch00001','20190512KJ2580379799152','2019-05-12',277.2,'Base room charge');
INSERT INTO PAYMENT VALUES ('20190512KJ2580379799152-p00001','20190512KJ2580379799152','2020-05-05','CC',277.2,'Walter Wellington','9135763922171378',10,2024,104,'Mastercard');
-- ------- SAMPLE 1145 ----------
INSERT INTO GUEST VALUES(2145,'Audrey','Aikens','AAikens@gmail.com','1234 DaWrong Lane','Flonkerton','MD','12345','113-647-4738');
INSERT INTO RESERVATION VALUES ('20190623QS9923811509516',2145,113,'QS','2019-06-23','2019-06-27',null,'cancelled');
INSERT INTO INVOICECHARGE VALUES ('20190623QS9923811509516-ch00001','20190623QS9923811509516','2019-06-23',309.61,'Base room charge');
INSERT INTO INVOICECHARGE VALUES ('20190623QS9923811509516-ch00002','20190623QS9923811509516','2019-06-23',159.5,'Cleaning fee');
INSERT INTO PAYMENT (payment_id,invoice_id,payment_date,payment_type,payment_amount) VALUES ('20190623QS9923811509516-p00001','20190623QS9923811509516','2020-05-05','CA',469.11);
-- ------- SAMPLE 1146 ----------
INSERT INTO GUEST VALUES(2146,'Tifany','Temple','TTemple@gmail.com','1234 DaWrong Lane','Flonkerton','MD','12345','789-474-1850');
INSERT INTO RESERVATION VALUES ('20190813KI7925383278166',2146,105,'KI','2019-08-13','2019-08-14',null,'complete');
INSERT INTO INVOICECHARGE VALUES ('20190813KI7925383278166-ch00001','20190813KI7925383278166','2019-08-13',56.29,'Base room charge');
INSERT INTO INVOICECHARGE VALUES ('20190813KI7925383278166-ch00002','20190813KI7925383278166','2019-08-13',29,'Cleaning fee');
INSERT INTO PAYMENT (payment_id,invoice_id,payment_date,payment_type,payment_amount) VALUES ('20190813KI7925383278166-p00001','20190813KI7925383278166','2020-05-05','CA',85.29);
-- ------- SAMPLE 1147 ----------
INSERT INTO GUEST VALUES(2147,'Kerstin','Khalaf','KKhalaf@yahoo.com','1234 DaWrong Lane','Flonkerton','MD','12345','978-735-8994');
INSERT INTO RESERVATION VALUES ('20210412KJ1042499835207',2147,null,'KJ','2021-04-12','2021-04-14',null,'cancelled');
INSERT INTO INVOICECHARGE VALUES ('20210412KJ1042499835207-ch00001','20210412KJ1042499835207','2021-04-12',277.2,'Base room charge');
INSERT INTO PAYMENT (payment_id,invoice_id,payment_date,payment_type,payment_amount) VALUES ('20210412KJ1042499835207-p00001','20210412KJ1042499835207','2020-05-05','CA',59);
-- ------- SAMPLE 1148 ----------
INSERT INTO GUEST VALUES(2148,'Fonda','Foreman','FForeman@yahoo.com','1234 DaWrong Lane','Flonkerton','MD','12345','531-987-6031');
INSERT INTO RESERVATION VALUES ('20200822KJ2289944170840',2148,null,'KJ','2020-08-22','2020-08-25',null,'active');
INSERT INTO INVOICECHARGE VALUES ('20200822KJ2289944170840-ch00001','20200822KJ2289944170840','2020-08-22',274.43,'Base room charge');
INSERT INTO INVOICECHARGE VALUES ('20200822KJ2289944170840-ch00002','20200822KJ2289944170840','2020-08-22',141.37,'Cleaning fee');
INSERT INTO PAYMENT (payment_id,invoice_id,payment_date,payment_type,payment_amount) VALUES ('20200822KJ2289944170840-p00001','20200822KJ2289944170840','2020-05-05','CA',139);
-- ------- SAMPLE 1149 ----------
INSERT INTO GUEST VALUES(2149,'Margorie','Mcnish','MMcnish@hotmail.com','1234 DaWrong Lane','Flonkerton','MD','12345','779-781-5596');
INSERT INTO RESERVATION VALUES ('20201229QD6068058340522',2149,null,'QD','2020-12-29','2021-01-01',null,'active');
INSERT INTO INVOICECHARGE VALUES ('20201229QD6068058340522-ch00001','20201229QD6068058340522','2020-12-29',189.98,'Base room charge');
INSERT INTO INVOICECHARGE VALUES ('20201229QD6068058340522-ch00002','20201229QD6068058340522','2020-12-29',97.87,'Cleaning fee');
INSERT INTO PAYMENT (payment_id,invoice_id,payment_date,payment_type,payment_amount) VALUES ('20201229QD6068058340522-p00001','20201229QD6068058340522','2020-05-05','CA',287.86);
-- ------- SAMPLE 1150 ----------
INSERT INTO GUEST VALUES(2150,'Shad','Sitler','SSitler@hotmail.com','1234 DaWrong Lane','Flonkerton','MD','12345','051-901-5434');
INSERT INTO RESERVATION VALUES ('20201217QS3949667985086',2150,null,'QS','2020-12-17','2020-12-21',null,'active');
INSERT INTO INVOICECHARGE VALUES ('20201217QS3949667985086-ch00001','20201217QS3949667985086','2020-12-17',309.61,'Base room charge');
INSERT INTO INVOICECHARGE VALUES ('20201217QS3949667985086-ch00002','20201217QS3949667985086','2020-12-17',159.5,'Cleaning fee');
INSERT INTO PAYMENT VALUES ('20201217QS3949667985086-p00001','20201217QS3949667985086','2020-05-05','CC',469.11,'Shad Sitler','4886583378784496',2,2023,286,'Mastercard');
-- ------- SAMPLE 1151 ----------
INSERT INTO GUEST VALUES(2151,'Georgianne','Guadarrama','GGuadarrama@yahoo.com','1234 DaWrong Lane','Flonkerton','MD','12345','905-083-0396');
INSERT INTO RESERVATION VALUES ('20210212QS4683748775820',2151,null,'QS','2021-02-12','2021-02-14',null,'active');
-- ------- SAMPLE 1152 ----------
INSERT INTO GUEST VALUES(2152,'Heather','Hartin','HHartin@yahoo.com','1234 DaWrong Lane','Flonkerton','MD','12345','097-507-9256');
INSERT INTO RESERVATION VALUES ('20191115KI9044612105761',2152,204,'KI','2019-11-15','2019-11-18',null,'complete');
INSERT INTO INVOICECHARGE VALUES ('20191115KI9044612105761-ch00001','20191115KI9044612105761','2019-11-15',168.87,'Base room charge');
INSERT INTO INVOICECHARGE VALUES ('20191115KI9044612105761-ch00002','20191115KI9044612105761','2019-11-15',87,'Cleaning fee');
INSERT INTO PAYMENT (payment_id,invoice_id,payment_date,payment_type,payment_amount) VALUES ('20191115KI9044612105761-p00001','20191115KI9044612105761','2020-05-05','CA',3);
-- ------- SAMPLE 1153 ----------
INSERT INTO GUEST VALUES(2153,'Anita','Amezcua','AAmezcua@hotmail.com','1234 DaWrong Lane','Flonkerton','MD','12345','707-302-1402');
INSERT INTO RESERVATION VALUES ('20191107QD9218793639495',2153,205,'QD','2019-11-07','2019-11-11',null,'complete');
-- ------- SAMPLE 1154 ----------
INSERT INTO GUEST VALUES(2154,'Dewey','Dye','DDye@gmail.com','1234 DaWrong Lane','Flonkerton','MD','12345','752-021-4491');
INSERT INTO RESERVATION VALUES ('20201012KJ8730829314413',2154,null,'KJ','2020-10-12','2020-10-16',null,'active');
INSERT INTO INVOICECHARGE VALUES ('20201012KJ8730829314413-ch00001','20201012KJ8730829314413','2020-10-12',365.91,'Base room charge');
INSERT INTO INVOICECHARGE VALUES ('20201012KJ8730829314413-ch00002','20201012KJ8730829314413','2020-10-12',188.5,'Room Service');
INSERT INTO PAYMENT VALUES ('20201012KJ8730829314413-p00001','20201012KJ8730829314413','2020-05-05','CC',391,'Dewey Dye','1013845188418221',4,2027,274,'Mastercard');
-- ------- SAMPLE 1155 ----------
INSERT INTO GUEST VALUES(2155,'Shena','Sandoz','SSandoz@gmail.com','1234 DaWrong Lane','Flonkerton','MD','12345','226-215-2489');
INSERT INTO RESERVATION VALUES ('20190812KI6219958450102',2155,115,'KI','2019-08-12','2019-08-15',null,'complete');
INSERT INTO INVOICECHARGE VALUES ('20190812KI6219958450102-ch00001','20190812KI6219958450102','2019-08-12',255.87,'Base room charge');
INSERT INTO PAYMENT VALUES ('20190812KI6219958450102-p00001','20190812KI6219958450102','2020-05-05','CC',255.87,'Shena Sandoz','5459468001167373',12,2027,788,'Mastercard');
-- ------- SAMPLE 1156 ----------
INSERT INTO GUEST VALUES(2156,'Joann','Joplin','JJoplin@yahoo.com','1234 DaWrong Lane','Flonkerton','MD','12345','608-329-4884');
INSERT INTO RESERVATION VALUES ('20190723QD7351064753471',2156,101,'QD','2019-07-23','2019-07-24',null,'complete');
INSERT INTO INVOICECHARGE VALUES ('20190723QD7351064753471-ch00001','20190723QD7351064753471','2019-07-23',63.33,'Base room charge');
INSERT INTO INVOICECHARGE VALUES ('20190723QD7351064753471-ch00002','20190723QD7351064753471','2019-07-23',32.62,'Cleaning fee');
INSERT INTO PAYMENT VALUES ('20190723QD7351064753471-p00001','20190723QD7351064753471','2020-05-05','CC',5,'Joann Joplin','7976864606291787',5,2023,201,'Mastercard');
-- ------- SAMPLE 1157 ----------
INSERT INTO GUEST VALUES(2157,'Margorie','Mcnish','MMcnish@yahoo.com','1234 DaWrong Lane','Flonkerton','MD','12345','195-045-5525');
INSERT INTO RESERVATION VALUES ('20190718QS8613936645711',2157,108,'QS','2019-07-18','2019-07-23',null,'cancelled');
INSERT INTO INVOICECHARGE VALUES ('20190718QS8613936645711-ch00001','20190718QS8613936645711','2019-07-18',586.38,'Base room charge');
INSERT INTO PAYMENT (payment_id,invoice_id,payment_date,payment_type,payment_amount) VALUES ('20190718QS8613936645711-p00001','20190718QS8613936645711','2020-05-05','CA',414);
-- ------- SAMPLE 1158 ----------
INSERT INTO GUEST VALUES(2158,'Cherry','Chiarello','CChiarello@yahoo.com','1234 DaWrong Lane','Flonkerton','MD','12345','743-515-4618');
INSERT INTO RESERVATION VALUES ('20191222QD4846292240396',2158,106,'QD','2019-12-22','2019-12-25',null,'complete');
INSERT INTO INVOICECHARGE VALUES ('20191222QD4846292240396-ch00001','20191222QD4846292240396','2019-12-22',189.98,'Base room charge');
INSERT INTO INVOICECHARGE VALUES ('20191222QD4846292240396-ch00002','20191222QD4846292240396','2019-12-22',97.87,'Room Service');
INSERT INTO PAYMENT VALUES ('20191222QD4846292240396-p00001','20191222QD4846292240396','2020-05-05','CC',287.86,'Cherry Chiarello','1262943697333457',5,2024,196,'Mastercard');
-- ------- SAMPLE 1159 ----------
INSERT INTO GUEST VALUES(2159,'Jenna','Jesse','JJesse@gmail.com','1234 DaWrong Lane','Flonkerton','MD','12345','993-547-9266');
INSERT INTO RESERVATION VALUES ('20201201KJ2654172215762',2159,null,'KJ','2020-12-01','2020-12-02',null,'active');
INSERT INTO INVOICECHARGE VALUES ('20201201KJ2654172215762-ch00001','20201201KJ2654172215762','2020-12-01',138.6,'Base room charge');
INSERT INTO PAYMENT VALUES ('20201201KJ2654172215762-p00001','20201201KJ2654172215762','2020-05-05','CC',138.6,'Jenna Jesse','9953836122642919',1,2025,546,'Mastercard');
-- ------- SAMPLE 1160 ----------
INSERT INTO GUEST VALUES(2160,'Willian','Wiest','WWiest@gmail.com','1234 DaWrong Lane','Flonkerton','MD','12345','058-205-0466');
INSERT INTO RESERVATION VALUES ('20190711KJ7149319897232',2160,104,'KJ','2019-07-11','2019-07-12',null,'complete');
INSERT INTO INVOICECHARGE VALUES ('20190711KJ7149319897232-ch00001','20190711KJ7149319897232','2019-07-11',91.48,'Base room charge');
INSERT INTO INVOICECHARGE VALUES ('20190711KJ7149319897232-ch00002','20190711KJ7149319897232','2019-07-11',47.12,'Room Service');
INSERT INTO PAYMENT (payment_id,invoice_id,payment_date,payment_type,payment_amount) VALUES ('20190711KJ7149319897232-p00001','20190711KJ7149319897232','2020-05-05','CA',138.6);
-- ------- SAMPLE 1161 ----------
INSERT INTO GUEST VALUES(2161,'Ngan','Nalley','NNalley@hotmail.com','1234 DaWrong Lane','Flonkerton','MD','12345','805-928-9298');
INSERT INTO RESERVATION VALUES ('20200205QD6696455311264',2161,101,'QD','2020-02-05','2020-02-07',null,'complete');
INSERT INTO INVOICECHARGE VALUES ('20200205QD6696455311264-ch00001','20200205QD6696455311264','2020-02-05',126.66,'Base room charge');
INSERT INTO INVOICECHARGE VALUES ('20200205QD6696455311264-ch00002','20200205QD6696455311264','2020-02-05',65.25,'Cleaning fee');
INSERT INTO PAYMENT (payment_id,invoice_id,payment_date,payment_type,payment_amount) VALUES ('20200205QD6696455311264-p00001','20200205QD6696455311264','2020-05-05','CA',191.9);
-- ------- SAMPLE 1162 ----------
INSERT INTO GUEST VALUES(2162,'Cherry','Chiarello','CChiarello@gmail.com','1234 DaWrong Lane','Flonkerton','MD','12345','827-927-3079');
INSERT INTO RESERVATION VALUES ('20200203QS4381208662077',2162,202,'QS','2020-02-03','2020-02-05',null,'complete');
INSERT INTO INVOICECHARGE VALUES ('20200203QS4381208662077-ch00001','20200203QS4381208662077','2020-02-03',234.55,'Base room charge');
INSERT INTO PAYMENT VALUES ('20200203QS4381208662077-p00001','20200203QS4381208662077','2020-05-05','CC',234.55,'Cherry Chiarello','2293168176777698',11,2022,174,'Mastercard');
-- ------- SAMPLE 1163 ----------
INSERT INTO GUEST VALUES(2163,'Demarcus','Dearborn','DDearborn@yahoo.com','1234 DaWrong Lane','Flonkerton','MD','12345','104-458-7389');
INSERT INTO RESERVATION VALUES ('20200204QD8162796814844',2163,101,'QD','2020-02-04','2020-02-05',null,'complete');
INSERT INTO INVOICECHARGE VALUES ('20200204QD8162796814844-ch00001','20200204QD8162796814844','2020-02-04',95.95,'Base room charge');
INSERT INTO PAYMENT VALUES ('20200204QD8162796814844-p00001','20200204QD8162796814844','2020-05-05','CC',95.95,'Demarcus Dearborn','2376328951772769',8,2027,32,'Mastercard');
-- ------- SAMPLE 1164 ----------
INSERT INTO GUEST VALUES(2164,'Bessie','Buhler','BBuhler@gmail.com','1234 DaWrong Lane','Flonkerton','MD','12345','569-896-5424');
INSERT INTO RESERVATION VALUES ('20190830QD4316497130392',2164,111,'QD','2019-08-30','2019-09-04',null,'complete');
-- ------- SAMPLE 1165 ----------
INSERT INTO GUEST VALUES(2165,'Sherrie','Stultz','SStultz@hotmail.com','1234 DaWrong Lane','Flonkerton','MD','12345','429-041-7063');
INSERT INTO RESERVATION VALUES ('20200210KI1911229093383',2165,204,'KI','2020-02-10','2020-02-14',null,'complete');
INSERT INTO INVOICECHARGE VALUES ('20200210KI1911229093383-ch00001','20200210KI1911229093383','2020-02-10',225.16,'Base room charge');
INSERT INTO INVOICECHARGE VALUES ('20200210KI1911229093383-ch00002','20200210KI1911229093383','2020-02-10',115.99,'Room Service');
INSERT INTO PAYMENT VALUES ('20200210KI1911229093383-p00001','20200210KI1911229093383','2020-05-05','CC',124,'Sherrie Stultz','9126578883576011',1,2024,608,'Mastercard');
-- ------- SAMPLE 1166 ----------
INSERT INTO GUEST VALUES(2166,'Leighann','Leith','LLeith@hotmail.com','1234 DaWrong Lane','Flonkerton','MD','12345','309-426-7710');
INSERT INTO RESERVATION VALUES ('20210218QD2192321683159',2166,null,'QD','2021-02-18','2021-02-21',null,'active');
-- ------- SAMPLE 1167 ----------
INSERT INTO GUEST VALUES(2167,'Len','Linquist','LLinquist@hotmail.com','1234 DaWrong Lane','Flonkerton','MD','12345','849-722-0255');
INSERT INTO RESERVATION VALUES ('20210403QS7736036349639',2167,null,'QS','2021-04-03','2021-04-04',null,'active');
-- ------- SAMPLE 1168 ----------
INSERT INTO GUEST VALUES(2168,'Nena','Nunez','NNunez@yahoo.com','1234 DaWrong Lane','Flonkerton','MD','12345','137-321-4028');
INSERT INTO RESERVATION VALUES ('20190808QD2543252531778',2168,106,'QD','2019-08-08','2019-08-11',null,'complete');
INSERT INTO INVOICECHARGE VALUES ('20190808QD2543252531778-ch00001','20190808QD2543252531778','2019-08-08',287.86,'Base room charge');
INSERT INTO PAYMENT VALUES ('20190808QD2543252531778-p00001','20190808QD2543252531778','2020-05-05','CC',287.86,'Nena Nunez','1872398728900466',8,2027,657,'Mastercard');
-- ------- SAMPLE 1169 ----------
INSERT INTO GUEST VALUES(2169,'Jarrett','Janelle','JJanelle@yahoo.com','1234 DaWrong Lane','Flonkerton','MD','12345','525-777-1628');
INSERT INTO RESERVATION VALUES ('20191013KS4835656647440',2169,201,'KS','2019-10-13','2019-10-15',null,'complete');
-- ------- SAMPLE 1170 ----------
INSERT INTO GUEST VALUES(2170,'Abram','Adolph','AAdolph@yahoo.com','1234 DaWrong Lane','Flonkerton','MD','12345','977-636-8576');
INSERT INTO RESERVATION VALUES ('20200303KS5511999150289',2170,107,'KS','2020-03-03','2020-03-07',null,'complete');
INSERT INTO INVOICECHARGE VALUES ('20200303KS5511999150289-ch00001','20200303KS5511999150289','2020-03-03',281.46,'Base room charge');
INSERT INTO INVOICECHARGE VALUES ('20200303KS5511999150289-ch00002','20200303KS5511999150289','2020-03-03',145,'Room Service');
INSERT INTO PAYMENT (payment_id,invoice_id,payment_date,payment_type,payment_amount) VALUES ('20200303KS5511999150289-p00001','20200303KS5511999150289','2020-05-05','CA',375);
-- ------- SAMPLE 1171 ----------
INSERT INTO GUEST VALUES(2171,'Kerstin','Khalaf','KKhalaf@gmail.com','1234 DaWrong Lane','Flonkerton','MD','12345','008-693-1792');
INSERT INTO RESERVATION VALUES ('20210316KJ7581226430092',2171,null,'KJ','2021-03-16','2021-03-17',null,'active');
INSERT INTO INVOICECHARGE VALUES ('20210316KJ7581226430092-ch00001','20210316KJ7581226430092','2021-03-16',91.48,'Base room charge');
INSERT INTO INVOICECHARGE VALUES ('20210316KJ7581226430092-ch00002','20210316KJ7581226430092','2021-03-16',47.12,'Room Service');
INSERT INTO PAYMENT VALUES ('20210316KJ7581226430092-p00001','20210316KJ7581226430092','2020-05-05','CC',138.6,'Kerstin Khalaf','9008743247096853',11,2023,552,'Mastercard');
-- ------- SAMPLE 1172 ----------
INSERT INTO GUEST VALUES(2172,'Missy','Mcclintock','MMcclintock@yahoo.com','1234 DaWrong Lane','Flonkerton','MD','12345','419-586-6598');
INSERT INTO RESERVATION VALUES ('20200813QS1506406159059',2172,null,'QS','2020-08-13','2020-08-17',null,'active');
INSERT INTO INVOICECHARGE VALUES ('20200813QS1506406159059-ch00001','20200813QS1506406159059','2020-08-13',309.61,'Base room charge');
INSERT INTO INVOICECHARGE VALUES ('20200813QS1506406159059-ch00002','20200813QS1506406159059','2020-08-13',159.5,'Cleaning fee');
INSERT INTO PAYMENT VALUES ('20200813QS1506406159059-p00001','20200813QS1506406159059','2020-05-05','CC',469.11,'Missy Mcclintock','1371471031015562',7,2027,329,'Mastercard');
-- ------- SAMPLE 1173 ----------
INSERT INTO GUEST VALUES(2173,'Mandi','Mcwain','MMcwain@hotmail.com','1234 DaWrong Lane','Flonkerton','MD','12345','526-327-6711');
INSERT INTO RESERVATION VALUES ('20200704KJ7726464420110',2173,null,'KJ','2020-07-04','2020-07-05',null,'cancelled');
INSERT INTO INVOICECHARGE VALUES ('20200704KJ7726464420110-ch00001','20200704KJ7726464420110','2020-07-04',91.48,'Base room charge');
INSERT INTO INVOICECHARGE VALUES ('20200704KJ7726464420110-ch00002','20200704KJ7726464420110','2020-07-04',47.12,'Cleaning fee');
INSERT INTO PAYMENT VALUES ('20200704KJ7726464420110-p00001','20200704KJ7726464420110','2020-05-05','CC',138.6,'Mandi Mcwain','2694611010482435',9,2026,75,'Mastercard');
-- ------- SAMPLE 1174 ----------
INSERT INTO GUEST VALUES(2174,'Edmundo','Erickson','EErickson@yahoo.com','1234 DaWrong Lane','Flonkerton','MD','12345','368-238-0201');
INSERT INTO RESERVATION VALUES ('20200919QS3776512026740',2174,null,'QS','2020-09-19','2020-09-22',null,'active');
-- ------- SAMPLE 1175 ----------
INSERT INTO GUEST VALUES(2175,'Malia','Molden','MMolden@yahoo.com','1234 DaWrong Lane','Flonkerton','MD','12345','006-546-4774');
INSERT INTO RESERVATION VALUES ('20200515KJ3044640578763',2175,null,'KJ','2020-05-15','2020-05-17',null,'active');
INSERT INTO INVOICECHARGE VALUES ('20200515KJ3044640578763-ch00001','20200515KJ3044640578763','2020-05-15',277.2,'Base room charge');
INSERT INTO PAYMENT VALUES ('20200515KJ3044640578763-p00001','20200515KJ3044640578763','2020-05-05','CC',277.2,'Malia Molden','1025128743749145',2,2023,672,'Mastercard');
-- ------- SAMPLE 1176 ----------
INSERT INTO GUEST VALUES(2176,'Willian','Wiest','WWiest@gmail.com','1234 DaWrong Lane','Flonkerton','MD','12345','410-924-2172');
INSERT INTO RESERVATION VALUES ('20200627QS4137822531597',2176,null,'QS','2020-06-27','2020-07-02',null,'active');
INSERT INTO INVOICECHARGE VALUES ('20200627QS4137822531597-ch00001','20200627QS4137822531597','2020-06-27',586.38,'Base room charge');
INSERT INTO PAYMENT VALUES ('20200627QS4137822531597-p00001','20200627QS4137822531597','2020-05-05','CC',586.38,'Willian Wiest','3132362489498638',3,2027,958,'Mastercard');
-- ------- SAMPLE 1177 ----------
INSERT INTO GUEST VALUES(2177,'Corene','Carmody','CCarmody@hotmail.com','1234 DaWrong Lane','Flonkerton','MD','12345','085-956-9149');
INSERT INTO RESERVATION VALUES ('20191017KI2237456597870',2177,105,'KI','2019-10-17','2019-10-21',null,'complete');
INSERT INTO INVOICECHARGE VALUES ('20191017KI2237456597870-ch00001','20191017KI2237456597870','2019-10-17',225.16,'Base room charge');
INSERT INTO INVOICECHARGE VALUES ('20191017KI2237456597870-ch00002','20191017KI2237456597870','2019-10-17',115.99,'Cleaning fee');
INSERT INTO PAYMENT VALUES ('20191017KI2237456597870-p00001','20191017KI2237456597870','2020-05-05','CC',341.16,'Corene Carmody','7974998868685789',10,2023,865,'Mastercard');
-- ------- SAMPLE 1178 ----------
INSERT INTO GUEST VALUES(2178,'Leanora','Locke','LLocke@yahoo.com','1234 DaWrong Lane','Flonkerton','MD','12345','758-169-2106');
INSERT INTO RESERVATION VALUES ('20200331KI8827363729562',2178,209,'KI','2020-03-31','2020-04-05',null,'complete');
INSERT INTO INVOICECHARGE VALUES ('20200331KI8827363729562-ch00001','20200331KI8827363729562','2020-03-31',281.45,'Base room charge');
INSERT INTO INVOICECHARGE VALUES ('20200331KI8827363729562-ch00002','20200331KI8827363729562','2020-03-31',144.99,'Cleaning fee');
INSERT INTO PAYMENT VALUES ('20200331KI8827363729562-p00001','20200331KI8827363729562','2020-05-05','CC',426.45,'Leanora Locke','3842525219616162',7,2027,432,'Mastercard');
-- ------- SAMPLE 1179 ----------
INSERT INTO GUEST VALUES(2179,'Heather','Hartin','HHartin@hotmail.com','1234 DaWrong Lane','Flonkerton','MD','12345','269-955-4663');
INSERT INTO RESERVATION VALUES ('20201109KI3625839970088',2179,null,'KI','2020-11-09','2020-11-10',null,'cancelled');
-- ------- SAMPLE 1180 ----------
INSERT INTO GUEST VALUES(2180,'Yuette','Yetman','YYetman@yahoo.com','1234 DaWrong Lane','Flonkerton','MD','12345','209-413-8699');
INSERT INTO RESERVATION VALUES ('20200310QD1327979179774',2180,205,'QD','2020-03-10','2020-03-11',null,'complete');
-- ------- SAMPLE 1181 ----------
INSERT INTO GUEST VALUES(2181,'Gwyneth','Gamber','GGamber@hotmail.com','1234 DaWrong Lane','Flonkerton','MD','12345','027-641-0903');
INSERT INTO RESERVATION VALUES ('20190923KI7822464680824',2181,209,'KI','2019-09-23','2019-09-27',null,'complete');
INSERT INTO INVOICECHARGE VALUES ('20190923KI7822464680824-ch00001','20190923KI7822464680824','2019-09-23',225.16,'Base room charge');
INSERT INTO INVOICECHARGE VALUES ('20190923KI7822464680824-ch00002','20190923KI7822464680824','2019-09-23',115.99,'Room Service');
INSERT INTO PAYMENT VALUES ('20190923KI7822464680824-p00001','20190923KI7822464680824','2020-05-05','CC',341.16,'Gwyneth Gamber','2283062444979244',12,2023,125,'Mastercard');
-- ------- SAMPLE 1182 ----------
INSERT INTO GUEST VALUES(2182,'Doyle','Dykema','DDykema@gmail.com','1234 DaWrong Lane','Flonkerton','MD','12345','749-236-7424');
INSERT INTO RESERVATION VALUES ('20200920KS6189179958102',2182,null,'KS','2020-09-20','2020-09-25',null,'active');
INSERT INTO INVOICECHARGE VALUES ('20200920KS6189179958102-ch00001','20200920KS6189179958102','2020-09-20',351.83,'Base room charge');
INSERT INTO INVOICECHARGE VALUES ('20200920KS6189179958102-ch00002','20200920KS6189179958102','2020-09-20',181.24,'Cleaning fee');
INSERT INTO PAYMENT VALUES ('20200920KS6189179958102-p00001','20200920KS6189179958102','2020-05-05','CC',533.07,'Doyle Dykema','5429566423828230',4,2021,658,'Mastercard');
-- ------- SAMPLE 1183 ----------
INSERT INTO GUEST VALUES(2183,'Kasey','Kipp','KKipp@gmail.com','1234 DaWrong Lane','Flonkerton','MD','12345','050-992-2635');
INSERT INTO RESERVATION VALUES ('20210220QD4391308340197',2183,null,'QD','2021-02-20','2021-02-24',null,'active');
INSERT INTO INVOICECHARGE VALUES ('20210220QD4391308340197-ch00001','20210220QD4391308340197','2021-02-20',253.31,'Base room charge');
INSERT INTO INVOICECHARGE VALUES ('20210220QD4391308340197-ch00002','20210220QD4391308340197','2021-02-20',130.49,'Room Service');
INSERT INTO PAYMENT VALUES ('20210220QD4391308340197-p00001','20210220QD4391308340197','2020-05-05','CC',383.81,'Kasey Kipp','4102902810953127',1,2024,517,'Mastercard');
-- ------- SAMPLE 1184 ----------
INSERT INTO GUEST VALUES(2184,'Floy','Feinstein','FFeinstein@hotmail.com','1234 DaWrong Lane','Flonkerton','MD','12345','154-832-4884');
INSERT INTO RESERVATION VALUES ('20190504QS4803486855952',2184,207,'QS','2019-05-04','2019-05-07',null,'complete');
INSERT INTO INVOICECHARGE VALUES ('20190504QS4803486855952-ch00001','20190504QS4803486855952','2019-05-04',351.83,'Base room charge');
INSERT INTO PAYMENT VALUES ('20190504QS4803486855952-p00001','20190504QS4803486855952','2020-05-05','CC',56,'Floy Feinstein','9201714372918437',1,2022,830,'Mastercard');
-- ------- SAMPLE 1185 ----------
INSERT INTO GUEST VALUES(2185,'Kathey','Kingston','KKingston@yahoo.com','1234 DaWrong Lane','Flonkerton','MD','12345','466-374-3802');
INSERT INTO RESERVATION VALUES ('20200501QD8794254800035',2185,116,'QD','2020-05-01','2020-05-02',null,'complete');
INSERT INTO INVOICECHARGE VALUES ('20200501QD8794254800035-ch00001','20200501QD8794254800035','2020-05-01',95.95,'Base room charge');
INSERT INTO PAYMENT VALUES ('20200501QD8794254800035-p00001','20200501QD8794254800035','2020-05-05','CC',20,'Kathey Kingston','8354077396548947',5,2023,121,'Mastercard');
-- ------- SAMPLE 1186 ----------
INSERT INTO GUEST VALUES(2186,'Edmundo','Erickson','EErickson@yahoo.com','1234 DaWrong Lane','Flonkerton','MD','12345','399-384-7258');
INSERT INTO RESERVATION VALUES ('20210408KS6943510565281',2186,null,'KS','2021-04-08','2021-04-12',null,'active');
INSERT INTO INVOICECHARGE VALUES ('20210408KS6943510565281-ch00001','20210408KS6943510565281','2021-04-08',281.46,'Base room charge');
INSERT INTO INVOICECHARGE VALUES ('20210408KS6943510565281-ch00002','20210408KS6943510565281','2021-04-08',145,'Cleaning fee');
INSERT INTO PAYMENT VALUES ('20210408KS6943510565281-p00001','20210408KS6943510565281','2020-05-05','CC',426.46,'Edmundo Erickson','6339049156520077',1,2025,175,'Mastercard');
-- ------- SAMPLE 1187 ----------
INSERT INTO GUEST VALUES(2187,'Fredericka','Farney','FFarney@yahoo.com','1234 DaWrong Lane','Flonkerton','MD','12345','485-442-7895');
INSERT INTO RESERVATION VALUES ('20190917KI7534325477486',2187,120,'KI','2019-09-17','2019-09-18',null,'complete');
INSERT INTO INVOICECHARGE VALUES ('20190917KI7534325477486-ch00001','20190917KI7534325477486','2019-09-17',85.29,'Base room charge');
INSERT INTO PAYMENT VALUES ('20190917KI7534325477486-p00001','20190917KI7534325477486','2020-05-05','CC',85.29,'Fredericka Farney','1590215695042287',4,2024,239,'Mastercard');
-- ------- SAMPLE 1188 ----------
INSERT INTO GUEST VALUES(2188,'Bradley','Bently','BBently@gmail.com','1234 DaWrong Lane','Flonkerton','MD','12345','400-701-9779');
INSERT INTO RESERVATION VALUES ('20210220QD9011090803596',2188,null,'QD','2021-02-20','2021-02-23',null,'active');
INSERT INTO INVOICECHARGE VALUES ('20210220QD9011090803596-ch00001','20210220QD9011090803596','2021-02-20',189.98,'Base room charge');
INSERT INTO INVOICECHARGE VALUES ('20210220QD9011090803596-ch00002','20210220QD9011090803596','2021-02-20',97.87,'Room Service');
INSERT INTO PAYMENT (payment_id,invoice_id,payment_date,payment_type,payment_amount) VALUES ('20210220QD9011090803596-p00001','20210220QD9011090803596','2020-05-05','CA',287.86);
-- ------- SAMPLE 1189 ----------
INSERT INTO GUEST VALUES(2189,'Ginger','Gordillo','GGordillo@yahoo.com','1234 DaWrong Lane','Flonkerton','MD','12345','246-732-7021');
INSERT INTO RESERVATION VALUES ('20210416KS4224233156404',2189,null,'KS','2021-04-16','2021-04-17',null,'cancelled');
-- ------- SAMPLE 1190 ----------
INSERT INTO GUEST VALUES(2190,'Deandra','Dimauro','DDimauro@yahoo.com','1234 DaWrong Lane','Flonkerton','MD','12345','199-839-6855');
INSERT INTO RESERVATION VALUES ('20200918QD5169164386078',2190,null,'QD','2020-09-18','2020-09-22',null,'active');
INSERT INTO INVOICECHARGE VALUES ('20200918QD5169164386078-ch00001','20200918QD5169164386078','2020-09-18',383.81,'Base room charge');
INSERT INTO PAYMENT VALUES ('20200918QD5169164386078-p00001','20200918QD5169164386078','2020-05-05','CC',383.81,'Deandra Dimauro','7341255801592670',12,2024,344,'Mastercard');
-- ------- SAMPLE 1191 ----------
INSERT INTO GUEST VALUES(2191,'Stacie','Schupp','SSchupp@yahoo.com','1234 DaWrong Lane','Flonkerton','MD','12345','010-320-8434');
INSERT INTO RESERVATION VALUES ('20200218KJ3723779141254',2191,119,'KJ','2020-02-18','2020-02-22',null,'complete');
-- ------- SAMPLE 1192 ----------
INSERT INTO GUEST VALUES(2192,'Ginger','Gordillo','GGordillo@yahoo.com','1234 DaWrong Lane','Flonkerton','MD','12345','829-259-0440');
INSERT INTO RESERVATION VALUES ('20200313QS1414643697519',2192,118,'QS','2020-03-13','2020-03-16',null,'complete');
INSERT INTO INVOICECHARGE VALUES ('20200313QS1414643697519-ch00001','20200313QS1414643697519','2020-03-13',232.21,'Base room charge');
INSERT INTO INVOICECHARGE VALUES ('20200313QS1414643697519-ch00002','20200313QS1414643697519','2020-03-13',119.62,'Room Service');
INSERT INTO PAYMENT (payment_id,invoice_id,payment_date,payment_type,payment_amount) VALUES ('20200313QS1414643697519-p00001','20200313QS1414643697519','2020-05-05','CA',331);
-- ------- SAMPLE 1193 ----------
INSERT INTO GUEST VALUES(2193,'Sherrie','Stultz','SStultz@yahoo.com','1234 DaWrong Lane','Flonkerton','MD','12345','256-475-0038');
INSERT INTO RESERVATION VALUES ('20210327QD6871935951818',2193,null,'QD','2021-03-27','2021-03-31',null,'cancelled');
INSERT INTO INVOICECHARGE VALUES ('20210327QD6871935951818-ch00001','20210327QD6871935951818','2021-03-27',253.31,'Base room charge');
INSERT INTO INVOICECHARGE VALUES ('20210327QD6871935951818-ch00002','20210327QD6871935951818','2021-03-27',130.49,'Cleaning fee');
INSERT INTO PAYMENT (payment_id,invoice_id,payment_date,payment_type,payment_amount) VALUES ('20210327QD6871935951818-p00001','20210327QD6871935951818','2020-05-05','CA',383.81);
-- ------- SAMPLE 1194 ----------
INSERT INTO GUEST VALUES(2194,'Fredericka','Farney','FFarney@yahoo.com','1234 DaWrong Lane','Flonkerton','MD','12345','719-255-0484');
INSERT INTO RESERVATION VALUES ('20190727QS2872830357696',2194,103,'QS','2019-07-27','2019-07-28',null,'cancelled');
-- ------- SAMPLE 1195 ----------
INSERT INTO GUEST VALUES(2195,'Linwood','Layden','LLayden@gmail.com','1234 DaWrong Lane','Flonkerton','MD','12345','994-956-8627');
INSERT INTO RESERVATION VALUES ('20190910QD7456310596849',2195,106,'QD','2019-09-10','2019-09-12',null,'complete');
INSERT INTO INVOICECHARGE VALUES ('20190910QD7456310596849-ch00001','20190910QD7456310596849','2019-09-10',126.66,'Base room charge');
INSERT INTO INVOICECHARGE VALUES ('20190910QD7456310596849-ch00002','20190910QD7456310596849','2019-09-10',65.25,'Room Service');
INSERT INTO PAYMENT VALUES ('20190910QD7456310596849-p00001','20190910QD7456310596849','2020-05-05','CC',60,'Linwood Layden','6186206585330933',3,2023,45,'Mastercard');
-- ------- SAMPLE 1196 ----------
INSERT INTO GUEST VALUES(2196,'Kerstin','Khalaf','KKhalaf@gmail.com','1234 DaWrong Lane','Flonkerton','MD','12345','507-140-3922');
INSERT INTO RESERVATION VALUES ('20200603KI9926568997577',2196,null,'KI','2020-06-03','2020-06-07',null,'active');
INSERT INTO INVOICECHARGE VALUES ('20200603KI9926568997577-ch00001','20200603KI9926568997577','2020-06-03',225.16,'Base room charge');
INSERT INTO INVOICECHARGE VALUES ('20200603KI9926568997577-ch00002','20200603KI9926568997577','2020-06-03',115.99,'Room Service');
INSERT INTO PAYMENT (payment_id,invoice_id,payment_date,payment_type,payment_amount) VALUES ('20200603KI9926568997577-p00001','20200603KI9926568997577','2020-05-05','CA',341.16);
-- ------- SAMPLE 1197 ----------
INSERT INTO GUEST VALUES(2197,'Dorian','Delbosque','DDelbosque@gmail.com','1234 DaWrong Lane','Flonkerton','MD','12345','804-180-5836');
INSERT INTO RESERVATION VALUES ('20210313KI7699723761335',2197,null,'KI','2021-03-13','2021-03-18',null,'active');
-- ------- SAMPLE 1198 ----------
INSERT INTO GUEST VALUES(2198,'Katerine','Kawakami','KKawakami@yahoo.com','1234 DaWrong Lane','Flonkerton','MD','12345','682-499-4705');
INSERT INTO RESERVATION VALUES ('20201229KS3031108699668',2198,null,'KS','2020-12-29','2021-01-03',null,'cancelled');
INSERT INTO INVOICECHARGE VALUES ('20201229KS3031108699668-ch00001','20201229KS3031108699668','2020-12-29',351.83,'Base room charge');
INSERT INTO INVOICECHARGE VALUES ('20201229KS3031108699668-ch00002','20201229KS3031108699668','2020-12-29',181.24,'Room Service');
INSERT INTO PAYMENT VALUES ('20201229KS3031108699668-p00001','20201229KS3031108699668','2020-05-05','CC',226,'Katerine Kawakami','8149400823846971',11,2021,732,'Mastercard');
-- ------- SAMPLE 1199 ----------
INSERT INTO GUEST VALUES(2199,'Tai','Tookes','TTookes@yahoo.com','1234 DaWrong Lane','Flonkerton','MD','12345','546-862-2623');
INSERT INTO RESERVATION VALUES ('20210123QD8311768323044',2199,null,'QD','2021-01-23','2021-01-24',null,'active');
-- ------- SAMPLE 1200 ----------
INSERT INTO GUEST VALUES(2200,'Louisa','Laroque','LLaroque@gmail.com','1234 DaWrong Lane','Flonkerton','MD','12345','094-456-3038');
INSERT INTO RESERVATION VALUES ('20200514KJ4563648234454',2200,null,'KJ','2020-05-14','2020-05-19',null,'active');
INSERT INTO INVOICECHARGE VALUES ('20200514KJ4563648234454-ch00001','20200514KJ4563648234454','2020-05-14',693.01,'Base room charge');
INSERT INTO PAYMENT (payment_id,invoice_id,payment_date,payment_type,payment_amount) VALUES ('20200514KJ4563648234454-p00001','20200514KJ4563648234454','2020-05-05','CA',216);
-- ------- SAMPLE 1201 ----------
INSERT INTO GUEST VALUES(2201,'Fredericka','Farney','FFarney@yahoo.com','1234 DaWrong Lane','Flonkerton','MD','12345','067-439-4469');
INSERT INTO RESERVATION VALUES ('20200329KS8764227130483',2201,201,'KS','2020-03-29','2020-03-31',null,'complete');
INSERT INTO INVOICECHARGE VALUES ('20200329KS8764227130483-ch00001','20200329KS8764227130483','2020-03-29',140.73,'Base room charge');
INSERT INTO INVOICECHARGE VALUES ('20200329KS8764227130483-ch00002','20200329KS8764227130483','2020-03-29',72.5,'Room Service');
INSERT INTO PAYMENT VALUES ('20200329KS8764227130483-p00001','20200329KS8764227130483','2020-05-05','CC',213.23,'Fredericka Farney','2182757585758703',11,2025,844,'Mastercard');
-- ------- SAMPLE 1202 ----------
INSERT INTO GUEST VALUES(2202,'Sherryl','Shurtleff','SShurtleff@yahoo.com','1234 DaWrong Lane','Flonkerton','MD','12345','786-138-1292');
INSERT INTO RESERVATION VALUES ('20190810KS3467617213818',2202,206,'KS','2019-08-10','2019-08-14',null,'cancelled');
INSERT INTO INVOICECHARGE VALUES ('20190810KS3467617213818-ch00001','20190810KS3467617213818','2019-08-10',281.46,'Base room charge');
INSERT INTO INVOICECHARGE VALUES ('20190810KS3467617213818-ch00002','20190810KS3467617213818','2019-08-10',145,'Room Service');
INSERT INTO PAYMENT VALUES ('20190810KS3467617213818-p00001','20190810KS3467617213818','2020-05-05','CC',333,'Sherryl Shurtleff','2675344288203299',6,2024,766,'Mastercard');
-- ------- SAMPLE 1203 ----------
INSERT INTO GUEST VALUES(2203,'Sherryl','Shurtleff','SShurtleff@gmail.com','1234 DaWrong Lane','Flonkerton','MD','12345','770-486-1071');
INSERT INTO RESERVATION VALUES ('20201031KJ3316038152968',2203,null,'KJ','2020-10-31','2020-11-05',null,'active');
INSERT INTO INVOICECHARGE VALUES ('20201031KJ3316038152968-ch00001','20201031KJ3316038152968','2020-10-31',457.39,'Base room charge');
INSERT INTO INVOICECHARGE VALUES ('20201031KJ3316038152968-ch00002','20201031KJ3316038152968','2020-10-31',235.62,'Cleaning fee');
INSERT INTO PAYMENT VALUES ('20201031KJ3316038152968-p00001','20201031KJ3316038152968','2020-05-05','CC',296,'Sherryl Shurtleff','2913684070689375',5,2023,931,'Mastercard');
-- ------- SAMPLE 1204 ----------
INSERT INTO GUEST VALUES(2204,'Dewey','Dye','DDye@hotmail.com','1234 DaWrong Lane','Flonkerton','MD','12345','063-024-0107');
INSERT INTO RESERVATION VALUES ('20190612QD8836185517906',2204,116,'QD','2019-06-12','2019-06-15',null,'complete');
INSERT INTO INVOICECHARGE VALUES ('20190612QD8836185517906-ch00001','20190612QD8836185517906','2019-06-12',189.98,'Base room charge');
INSERT INTO INVOICECHARGE VALUES ('20190612QD8836185517906-ch00002','20190612QD8836185517906','2019-06-12',97.87,'Room Service');
INSERT INTO PAYMENT VALUES ('20190612QD8836185517906-p00001','20190612QD8836185517906','2020-05-05','CC',287.86,'Dewey Dye','3733438591101206',1,2025,378,'Mastercard');
-- ------- SAMPLE 1205 ----------
INSERT INTO GUEST VALUES(2205,'Shae','Sansom','SSansom@yahoo.com','1234 DaWrong Lane','Flonkerton','MD','12345','969-821-8600');
INSERT INTO RESERVATION VALUES ('20190715QS4070269258157',2205,118,'QS','2019-07-15','2019-07-20',null,'complete');
-- ------- SAMPLE 1206 ----------
INSERT INTO GUEST VALUES(2206,'Abel','Alire','AAlire@yahoo.com','1234 DaWrong Lane','Flonkerton','MD','12345','899-565-4291');
INSERT INTO RESERVATION VALUES ('20191202KI5971361544996',2206,110,'KI','2019-12-02','2019-12-07',null,'complete');
INSERT INTO INVOICECHARGE VALUES ('20191202KI5971361544996-ch00001','20191202KI5971361544996','2019-12-02',426.45,'Base room charge');
INSERT INTO PAYMENT (payment_id,invoice_id,payment_date,payment_type,payment_amount) VALUES ('20191202KI5971361544996-p00001','20191202KI5971361544996','2020-05-05','CA',426.45);
-- ------- SAMPLE 1207 ----------
INSERT INTO GUEST VALUES(2207,'Corene','Carmody','CCarmody@hotmail.com','1234 DaWrong Lane','Flonkerton','MD','12345','885-213-3943');
INSERT INTO RESERVATION VALUES ('20201213KJ9473644905583',2207,null,'KJ','2020-12-13','2020-12-17',null,'active');
-- ------- SAMPLE 1208 ----------
INSERT INTO GUEST VALUES(2208,'Abdul','Ashe','AAshe@yahoo.com','1234 DaWrong Lane','Flonkerton','MD','12345','513-268-3000');
INSERT INTO RESERVATION VALUES ('20200727KS1972075560619',2208,null,'KS','2020-07-27','2020-07-30',null,'active');
INSERT INTO INVOICECHARGE VALUES ('20200727KS1972075560619-ch00001','20200727KS1972075560619','2020-07-27',211.1,'Base room charge');
INSERT INTO INVOICECHARGE VALUES ('20200727KS1972075560619-ch00002','20200727KS1972075560619','2020-07-27',108.75,'Cleaning fee');
INSERT INTO PAYMENT (payment_id,invoice_id,payment_date,payment_type,payment_amount) VALUES ('20200727KS1972075560619-p00001','20200727KS1972075560619','2020-05-05','CA',319.84);
-- ------- SAMPLE 1209 ----------
INSERT INTO GUEST VALUES(2209,'Selene','Staiger','SStaiger@hotmail.com','1234 DaWrong Lane','Flonkerton','MD','12345','271-285-9691');
INSERT INTO RESERVATION VALUES ('20191002QD7411988450307',2209,111,'QD','2019-10-02','2019-10-05',null,'complete');
INSERT INTO INVOICECHARGE VALUES ('20191002QD7411988450307-ch00001','20191002QD7411988450307','2019-10-02',287.86,'Base room charge');
INSERT INTO PAYMENT VALUES ('20191002QD7411988450307-p00001','20191002QD7411988450307','2020-05-05','CC',92,'Selene Staiger','7996813715709621',12,2026,976,'Mastercard');
-- ------- SAMPLE 1210 ----------
INSERT INTO GUEST VALUES(2210,'Deandre','Defore','DDefore@yahoo.com','1234 DaWrong Lane','Flonkerton','MD','12345','469-811-3237');
INSERT INTO RESERVATION VALUES ('20190507KJ4764220566735',2210,114,'KJ','2019-05-07','2019-05-10',null,'complete');
INSERT INTO INVOICECHARGE VALUES ('20190507KJ4764220566735-ch00001','20190507KJ4764220566735','2019-05-07',415.81,'Base room charge');
INSERT INTO PAYMENT VALUES ('20190507KJ4764220566735-p00001','20190507KJ4764220566735','2020-05-05','CC',415.81,'Deandre Defore','5632092363703759',1,2025,150,'Mastercard');
-- ------- SAMPLE 1211 ----------
INSERT INTO GUEST VALUES(2211,'Eryn','Edenfield','EEdenfield@yahoo.com','1234 DaWrong Lane','Flonkerton','MD','12345','975-580-3999');
INSERT INTO RESERVATION VALUES ('20191105KJ7033967675916',2211,208,'KJ','2019-11-05','2019-11-06',null,'complete');
INSERT INTO INVOICECHARGE VALUES ('20191105KJ7033967675916-ch00001','20191105KJ7033967675916','2019-11-05',91.48,'Base room charge');
INSERT INTO INVOICECHARGE VALUES ('20191105KJ7033967675916-ch00002','20191105KJ7033967675916','2019-11-05',47.12,'Room Service');
INSERT INTO PAYMENT (payment_id,invoice_id,payment_date,payment_type,payment_amount) VALUES ('20191105KJ7033967675916-p00001','20191105KJ7033967675916','2020-05-05','CA',138.6);
-- ------- SAMPLE 1212 ----------
INSERT INTO GUEST VALUES(2212,'Louisa','Laroque','LLaroque@hotmail.com','1234 DaWrong Lane','Flonkerton','MD','12345','343-220-3747');
INSERT INTO RESERVATION VALUES ('20190618QS9670442146612',2212,108,'QS','2019-06-18','2019-06-19',null,'complete');
-- ------- SAMPLE 1213 ----------
INSERT INTO GUEST VALUES(2213,'Kenisha','Kane','KKane@yahoo.com','1234 DaWrong Lane','Flonkerton','MD','12345','824-890-0037');
INSERT INTO RESERVATION VALUES ('20200109QS3695964543163',2213,103,'QS','2020-01-09','2020-01-11',null,'complete');
-- ------- SAMPLE 1214 ----------
INSERT INTO GUEST VALUES(2214,'Marcelino','Meisner','MMeisner@hotmail.com','1234 DaWrong Lane','Flonkerton','MD','12345','389-655-7873');
INSERT INTO RESERVATION VALUES ('20210328QD1534820218411',2214,null,'QD','2021-03-28','2021-03-30',null,'cancelled');
INSERT INTO INVOICECHARGE VALUES ('20210328QD1534820218411-ch00001','20210328QD1534820218411','2021-03-28',126.66,'Base room charge');
INSERT INTO INVOICECHARGE VALUES ('20210328QD1534820218411-ch00002','20210328QD1534820218411','2021-03-28',65.25,'Cleaning fee');
INSERT INTO PAYMENT VALUES ('20210328QD1534820218411-p00001','20210328QD1534820218411','2020-05-05','CC',191.9,'Marcelino Meisner','8925107329188810',11,2024,261,'Mastercard');
-- ------- SAMPLE 1215 ----------
INSERT INTO GUEST VALUES(2215,'Alverta','Arce','AArce@gmail.com','1234 DaWrong Lane','Flonkerton','MD','12345','105-771-2077');
INSERT INTO RESERVATION VALUES ('20201022QD8743308441005',2215,null,'QD','2020-10-22','2020-10-23',null,'active');
INSERT INTO INVOICECHARGE VALUES ('20201022QD8743308441005-ch00001','20201022QD8743308441005','2020-10-22',95.95,'Base room charge');
INSERT INTO PAYMENT VALUES ('20201022QD8743308441005-p00001','20201022QD8743308441005','2020-05-05','CC',75,'Alverta Arce','3743753987640364',8,2027,754,'Mastercard');
-- ------- SAMPLE 1216 ----------
INSERT INTO GUEST VALUES(2216,'Aretha','Acy','AAcy@hotmail.com','1234 DaWrong Lane','Flonkerton','MD','12345','234-521-6922');
INSERT INTO RESERVATION VALUES ('20190815KJ3236050910094',2216,203,'KJ','2019-08-15','2019-08-16',null,'complete');
INSERT INTO INVOICECHARGE VALUES ('20190815KJ3236050910094-ch00001','20190815KJ3236050910094','2019-08-15',138.6,'Base room charge');
INSERT INTO PAYMENT (payment_id,invoice_id,payment_date,payment_type,payment_amount) VALUES ('20190815KJ3236050910094-p00001','20190815KJ3236050910094','2020-05-05','CA',138.6);
-- ------- SAMPLE 1217 ----------
INSERT INTO GUEST VALUES(2217,'Leanora','Locke','LLocke@gmail.com','1234 DaWrong Lane','Flonkerton','MD','12345','584-091-9133');
INSERT INTO RESERVATION VALUES ('20200609QS2464873408892',2217,null,'QS','2020-06-09','2020-06-13',null,'active');
-- ------- SAMPLE 1218 ----------
INSERT INTO GUEST VALUES(2218,'Missy','Mcclintock','MMcclintock@hotmail.com','1234 DaWrong Lane','Flonkerton','MD','12345','540-928-6596');
INSERT INTO RESERVATION VALUES ('20200303KS2626262660457',2218,107,'KS','2020-03-03','2020-03-04',null,'complete');
-- ------- SAMPLE 1219 ----------
INSERT INTO GUEST VALUES(2219,'Marylynn','Musson','MMusson@hotmail.com','1234 DaWrong Lane','Flonkerton','MD','12345','598-146-6791');
INSERT INTO RESERVATION VALUES ('20190516QS1385464754241',2219,103,'QS','2019-05-16','2019-05-19',null,'complete');
-- ------- SAMPLE 1220 ----------
INSERT INTO GUEST VALUES(2220,'Katerine','Kawakami','KKawakami@yahoo.com','1234 DaWrong Lane','Flonkerton','MD','12345','391-900-3533');
INSERT INTO RESERVATION VALUES ('20190627KJ5915875129627',2220,208,'KJ','2019-06-27','2019-06-28',null,'complete');
INSERT INTO INVOICECHARGE VALUES ('20190627KJ5915875129627-ch00001','20190627KJ5915875129627','2019-06-27',138.6,'Base room charge');
INSERT INTO PAYMENT (payment_id,invoice_id,payment_date,payment_type,payment_amount) VALUES ('20190627KJ5915875129627-p00001','20190627KJ5915875129627','2020-05-05','CA',81);
-- ------- SAMPLE 1221 ----------
INSERT INTO GUEST VALUES(2221,'Rosemarie','Roeser','RRoeser@gmail.com','1234 DaWrong Lane','Flonkerton','MD','12345','679-048-0696');
INSERT INTO RESERVATION VALUES ('20200321KI4266186016155',2221,115,'KI','2020-03-21','2020-03-24',null,'complete');
INSERT INTO INVOICECHARGE VALUES ('20200321KI4266186016155-ch00001','20200321KI4266186016155','2020-03-21',255.87,'Base room charge');
INSERT INTO PAYMENT (payment_id,invoice_id,payment_date,payment_type,payment_amount) VALUES ('20200321KI4266186016155-p00001','20200321KI4266186016155','2020-05-05','CA',255.87);
-- ------- SAMPLE 1222 ----------
INSERT INTO GUEST VALUES(2222,'Annie','Albrecht','AAlbrecht@gmail.com','1234 DaWrong Lane','Flonkerton','MD','12345','860-823-6494');
INSERT INTO RESERVATION VALUES ('20190924KS4718756371915',2222,206,'KS','2019-09-24','2019-09-25',null,'complete');
INSERT INTO INVOICECHARGE VALUES ('20190924KS4718756371915-ch00001','20190924KS4718756371915','2019-09-24',70.37,'Base room charge');
INSERT INTO INVOICECHARGE VALUES ('20190924KS4718756371915-ch00002','20190924KS4718756371915','2019-09-24',36.25,'Room Service');
INSERT INTO PAYMENT VALUES ('20190924KS4718756371915-p00001','20190924KS4718756371915','2020-05-05','CC',105,'Annie Albrecht','2834598942702827',9,2025,217,'Mastercard');
-- ------- SAMPLE 1223 ----------
INSERT INTO GUEST VALUES(2223,'Malia','Molden','MMolden@hotmail.com','1234 DaWrong Lane','Flonkerton','MD','12345','153-786-3428');
INSERT INTO RESERVATION VALUES ('20191213QD4753217698494',2223,106,'QD','2019-12-13','2019-12-14',null,'complete');
INSERT INTO INVOICECHARGE VALUES ('20191213QD4753217698494-ch00001','20191213QD4753217698494','2019-12-13',95.95,'Base room charge');
INSERT INTO PAYMENT VALUES ('20191213QD4753217698494-p00001','20191213QD4753217698494','2020-05-05','CC',95.95,'Malia Molden','9298252109504410',7,2025,852,'Mastercard');
-- ------- SAMPLE 1224 ----------
INSERT INTO GUEST VALUES(2224,'Elfriede','Esslinger','EEsslinger@hotmail.com','1234 DaWrong Lane','Flonkerton','MD','12345','526-845-0265');
INSERT INTO RESERVATION VALUES ('20201201KS3126007082782',2224,null,'KS','2020-12-01','2020-12-06',null,'active');
INSERT INTO INVOICECHARGE VALUES ('20201201KS3126007082782-ch00001','20201201KS3126007082782','2020-12-01',533.07,'Base room charge');
INSERT INTO PAYMENT (payment_id,invoice_id,payment_date,payment_type,payment_amount) VALUES ('20201201KS3126007082782-p00001','20201201KS3126007082782','2020-05-05','CA',27);
-- ------- SAMPLE 1225 ----------
INSERT INTO GUEST VALUES(2225,'Mandi','Mcwain','MMcwain@hotmail.com','1234 DaWrong Lane','Flonkerton','MD','12345','393-235-9597');
INSERT INTO RESERVATION VALUES ('20190513QD2408360542515',2225,101,'QD','2019-05-13','2019-05-15',null,'complete');
INSERT INTO INVOICECHARGE VALUES ('20190513QD2408360542515-ch00001','20190513QD2408360542515','2019-05-13',191.9,'Base room charge');
INSERT INTO PAYMENT VALUES ('20190513QD2408360542515-p00001','20190513QD2408360542515','2020-05-05','CC',191.9,'Mandi Mcwain','1386738416625946',7,2027,252,'Mastercard');
-- ------- SAMPLE 1226 ----------
INSERT INTO GUEST VALUES(2226,'Clara','Crimmins','CCrimmins@yahoo.com','1234 DaWrong Lane','Flonkerton','MD','12345','393-525-0893');
INSERT INTO RESERVATION VALUES ('20201108KS4874949952689',2226,null,'KS','2020-11-08','2020-11-13',null,'cancelled');
INSERT INTO INVOICECHARGE VALUES ('20201108KS4874949952689-ch00001','20201108KS4874949952689','2020-11-08',351.83,'Base room charge');
INSERT INTO INVOICECHARGE VALUES ('20201108KS4874949952689-ch00002','20201108KS4874949952689','2020-11-08',181.24,'Cleaning fee');
INSERT INTO PAYMENT VALUES ('20201108KS4874949952689-p00001','20201108KS4874949952689','2020-05-05','CC',533.07,'Clara Crimmins','5714334371001065',2,2023,850,'Mastercard');
-- ------- SAMPLE 1227 ----------
INSERT INTO GUEST VALUES(2227,'Romelia','Rigdon','RRigdon@yahoo.com','1234 DaWrong Lane','Flonkerton','MD','12345','739-403-9387');
INSERT INTO RESERVATION VALUES ('20200215KS9464812117298',2227,201,'KS','2020-02-15','2020-02-18',null,'complete');
INSERT INTO INVOICECHARGE VALUES ('20200215KS9464812117298-ch00001','20200215KS9464812117298','2020-02-15',319.84,'Base room charge');
INSERT INTO PAYMENT VALUES ('20200215KS9464812117298-p00001','20200215KS9464812117298','2020-05-05','CC',319.84,'Romelia Rigdon','5476046546072142',8,2022,142,'Mastercard');
-- ------- SAMPLE 1228 ----------
INSERT INTO GUEST VALUES(2228,'Piedad','Proctor','PProctor@hotmail.com','1234 DaWrong Lane','Flonkerton','MD','12345','236-845-0830');
INSERT INTO RESERVATION VALUES ('20210205QS5190328642119',2228,null,'QS','2021-02-05','2021-02-09',null,'active');
-- ------- SAMPLE 1229 ----------
INSERT INTO GUEST VALUES(2229,'Natalia','Nowacki','NNowacki@gmail.com','1234 DaWrong Lane','Flonkerton','MD','12345','873-363-5075');
INSERT INTO RESERVATION VALUES ('20210425KI7916429643082',2229,null,'KI','2021-04-25','2021-04-29',null,'active');
INSERT INTO INVOICECHARGE VALUES ('20210425KI7916429643082-ch00001','20210425KI7916429643082','2021-04-25',341.16,'Base room charge');
INSERT INTO PAYMENT VALUES ('20210425KI7916429643082-p00001','20210425KI7916429643082','2020-05-05','CC',341.16,'Natalia Nowacki','7067409411574309',9,2021,869,'Mastercard');
-- ------- SAMPLE 1230 ----------
INSERT INTO GUEST VALUES(2230,'Pearlene','Priestly','PPriestly@hotmail.com','1234 DaWrong Lane','Flonkerton','MD','12345','101-577-4239');
INSERT INTO RESERVATION VALUES ('20200323QD2510659622352',2230,101,'QD','2020-03-23','2020-03-27',null,'complete');
INSERT INTO INVOICECHARGE VALUES ('20200323QD2510659622352-ch00001','20200323QD2510659622352','2020-03-23',383.81,'Base room charge');
INSERT INTO PAYMENT VALUES ('20200323QD2510659622352-p00001','20200323QD2510659622352','2020-05-05','CC',383.81,'Pearlene Priestly','4751691958682485',8,2021,136,'Mastercard');
-- ------- SAMPLE 1231 ----------
INSERT INTO GUEST VALUES(2231,'Shena','Sandoz','SSandoz@yahoo.com','1234 DaWrong Lane','Flonkerton','MD','12345','512-838-6178');
INSERT INTO RESERVATION VALUES ('20210110QS9647497289876',2231,null,'QS','2021-01-10','2021-01-11',null,'active');
INSERT INTO INVOICECHARGE VALUES ('20210110QS9647497289876-ch00001','20210110QS9647497289876','2021-01-10',77.4,'Base room charge');
INSERT INTO INVOICECHARGE VALUES ('20210110QS9647497289876-ch00002','20210110QS9647497289876','2021-01-10',39.87,'Cleaning fee');
INSERT INTO PAYMENT VALUES ('20210110QS9647497289876-p00001','20210110QS9647497289876','2020-05-05','CC',117.28,'Shena Sandoz','7871806177455709',5,2025,606,'Mastercard');
-- ------- SAMPLE 1232 ----------
INSERT INTO GUEST VALUES(2232,'Jammie','Jo','JJo@yahoo.com','1234 DaWrong Lane','Flonkerton','MD','12345','121-676-9065');
INSERT INTO RESERVATION VALUES ('20200210QS7910454390979',2232,108,'QS','2020-02-10','2020-02-13',null,'complete');
INSERT INTO INVOICECHARGE VALUES ('20200210QS7910454390979-ch00001','20200210QS7910454390979','2020-02-10',232.21,'Base room charge');
INSERT INTO INVOICECHARGE VALUES ('20200210QS7910454390979-ch00002','20200210QS7910454390979','2020-02-10',119.62,'Room Service');
INSERT INTO PAYMENT (payment_id,invoice_id,payment_date,payment_type,payment_amount) VALUES ('20200210QS7910454390979-p00001','20200210QS7910454390979','2020-05-05','CA',351.83);
-- ------- SAMPLE 1233 ----------
INSERT INTO GUEST VALUES(2233,'Shonda','Schult','SSchult@hotmail.com','1234 DaWrong Lane','Flonkerton','MD','12345','048-858-8609');
INSERT INTO RESERVATION VALUES ('20210415QD9549217742023',2233,null,'QD','2021-04-15','2021-04-19',null,'active');
INSERT INTO INVOICECHARGE VALUES ('20210415QD9549217742023-ch00001','20210415QD9549217742023','2021-04-15',383.81,'Base room charge');
INSERT INTO PAYMENT VALUES ('20210415QD9549217742023-p00001','20210415QD9549217742023','2020-05-05','CC',285,'Shonda Schult','5481589123656510',6,2024,433,'Mastercard');
-- ------- SAMPLE 1234 ----------
INSERT INTO GUEST VALUES(2234,'Tomika','Teran','TTeran@gmail.com','1234 DaWrong Lane','Flonkerton','MD','12345','490-180-1811');
INSERT INTO RESERVATION VALUES ('20201105QD6742118745056',2234,null,'QD','2020-11-05','2020-11-09',null,'active');
INSERT INTO INVOICECHARGE VALUES ('20201105QD6742118745056-ch00001','20201105QD6742118745056','2020-11-05',383.81,'Base room charge');
INSERT INTO PAYMENT VALUES ('20201105QD6742118745056-p00001','20201105QD6742118745056','2020-05-05','CC',383.81,'Tomika Teran','3544178461686579',10,2021,963,'Mastercard');
-- ------- SAMPLE 1235 ----------
INSERT INTO GUEST VALUES(2235,'Delsie','Dunstan','DDunstan@gmail.com','1234 DaWrong Lane','Flonkerton','MD','12345','562-556-4448');
INSERT INTO RESERVATION VALUES ('20200610QS6095030627540',2235,null,'QS','2020-06-10','2020-06-15',null,'active');
INSERT INTO INVOICECHARGE VALUES ('20200610QS6095030627540-ch00001','20200610QS6095030627540','2020-06-10',387.01,'Base room charge');
INSERT INTO INVOICECHARGE VALUES ('20200610QS6095030627540-ch00002','20200610QS6095030627540','2020-06-10',199.37,'Room Service');
INSERT INTO PAYMENT VALUES ('20200610QS6095030627540-p00001','20200610QS6095030627540','2020-05-05','CC',586.38,'Delsie Dunstan','2763632474046260',12,2026,751,'Mastercard');
-- ------- SAMPLE 1236 ----------
INSERT INTO GUEST VALUES(2236,'Vicky','Vanderhoff','VVanderhoff@yahoo.com','1234 DaWrong Lane','Flonkerton','MD','12345','753-794-2618');
INSERT INTO RESERVATION VALUES ('20200523KJ7632655706694',2236,null,'KJ','2020-05-23','2020-05-28',null,'active');
INSERT INTO INVOICECHARGE VALUES ('20200523KJ7632655706694-ch00001','20200523KJ7632655706694','2020-05-23',457.39,'Base room charge');
INSERT INTO INVOICECHARGE VALUES ('20200523KJ7632655706694-ch00002','20200523KJ7632655706694','2020-05-23',235.62,'Room Service');
INSERT INTO PAYMENT VALUES ('20200523KJ7632655706694-p00001','20200523KJ7632655706694','2020-05-05','CC',693.01,'Vicky Vanderhoff','1839494450815953',10,2023,96,'Mastercard');
-- ------- SAMPLE 1237 ----------
INSERT INTO GUEST VALUES(2237,'Darrin','Drum','DDrum@yahoo.com','1234 DaWrong Lane','Flonkerton','MD','12345','953-711-6412');
INSERT INTO RESERVATION VALUES ('20200401KI7366977891284',2237,120,'KI','2020-04-01','2020-04-02',null,'complete');
INSERT INTO INVOICECHARGE VALUES ('20200401KI7366977891284-ch00001','20200401KI7366977891284','2020-04-01',56.29,'Base room charge');
INSERT INTO INVOICECHARGE VALUES ('20200401KI7366977891284-ch00002','20200401KI7366977891284','2020-04-01',29,'Cleaning fee');
INSERT INTO PAYMENT VALUES ('20200401KI7366977891284-p00001','20200401KI7366977891284','2020-05-05','CC',85.29,'Darrin Drum','8581720864759136',6,2027,960,'Mastercard');
-- ------- SAMPLE 1238 ----------
INSERT INTO GUEST VALUES(2238,'Ceola','Carasco','CCarasco@gmail.com','1234 DaWrong Lane','Flonkerton','MD','12345','060-687-3319');
INSERT INTO RESERVATION VALUES ('20200912KI7268617689085',2238,null,'KI','2020-09-12','2020-09-14',null,'active');
INSERT INTO INVOICECHARGE VALUES ('20200912KI7268617689085-ch00001','20200912KI7268617689085','2020-09-12',170.58,'Base room charge');
INSERT INTO PAYMENT VALUES ('20200912KI7268617689085-p00001','20200912KI7268617689085','2020-05-05','CC',146,'Ceola Carasco','8003309932971039',9,2027,820,'Mastercard');
-- ------- SAMPLE 1239 ----------
INSERT INTO GUEST VALUES(2239,'Erminia','Eckard','EEckard@hotmail.com','1234 DaWrong Lane','Flonkerton','MD','12345','076-997-0347');
INSERT INTO RESERVATION VALUES ('20200425KS8044103352594',2239,107,'KS','2020-04-25','2020-04-27',null,'complete');
INSERT INTO INVOICECHARGE VALUES ('20200425KS8044103352594-ch00001','20200425KS8044103352594','2020-04-25',140.73,'Base room charge');
INSERT INTO INVOICECHARGE VALUES ('20200425KS8044103352594-ch00002','20200425KS8044103352594','2020-04-25',72.5,'Room Service');
INSERT INTO PAYMENT VALUES ('20200425KS8044103352594-p00001','20200425KS8044103352594','2020-05-05','CC',213.23,'Erminia Eckard','3867370151005253',2,2021,8,'Mastercard');
-- ------- SAMPLE 1240 ----------
INSERT INTO GUEST VALUES(2240,'Ginger','Gordillo','GGordillo@gmail.com','1234 DaWrong Lane','Flonkerton','MD','12345','766-112-5854');
INSERT INTO RESERVATION VALUES ('20200331KJ7795210922505',2240,208,'KJ','2020-03-31','2020-04-04',null,'complete');
INSERT INTO INVOICECHARGE VALUES ('20200331KJ7795210922505-ch00001','20200331KJ7795210922505','2020-03-31',365.91,'Base room charge');
INSERT INTO INVOICECHARGE VALUES ('20200331KJ7795210922505-ch00002','20200331KJ7795210922505','2020-03-31',188.5,'Cleaning fee');
INSERT INTO PAYMENT (payment_id,invoice_id,payment_date,payment_type,payment_amount) VALUES ('20200331KJ7795210922505-p00001','20200331KJ7795210922505','2020-05-05','CA',323);
-- ------- SAMPLE 1241 ----------
INSERT INTO GUEST VALUES(2241,'Tomika','Teran','TTeran@yahoo.com','1234 DaWrong Lane','Flonkerton','MD','12345','944-603-4860');
INSERT INTO RESERVATION VALUES ('20200808KS9488896626799',2241,null,'KS','2020-08-08','2020-08-13',null,'cancelled');
INSERT INTO INVOICECHARGE VALUES ('20200808KS9488896626799-ch00001','20200808KS9488896626799','2020-08-08',533.07,'Base room charge');
INSERT INTO PAYMENT VALUES ('20200808KS9488896626799-p00001','20200808KS9488896626799','2020-05-05','CC',533.07,'Tomika Teran','1326243502494624',3,2025,626,'Mastercard');
-- ------- SAMPLE 1242 ----------
INSERT INTO GUEST VALUES(2242,'Ceola','Carasco','CCarasco@yahoo.com','1234 DaWrong Lane','Flonkerton','MD','12345','171-595-7963');
INSERT INTO RESERVATION VALUES ('20210428QD7311702285313',2242,null,'QD','2021-04-28','2021-04-30',null,'active');
INSERT INTO INVOICECHARGE VALUES ('20210428QD7311702285313-ch00001','20210428QD7311702285313','2021-04-28',191.9,'Base room charge');
INSERT INTO PAYMENT VALUES ('20210428QD7311702285313-p00001','20210428QD7311702285313','2020-05-05','CC',191.9,'Ceola Carasco','4880100330906228',5,2021,668,'Mastercard');
-- ------- SAMPLE 1243 ----------
INSERT INTO GUEST VALUES(2243,'Kerstin','Khalaf','KKhalaf@yahoo.com','1234 DaWrong Lane','Flonkerton','MD','12345','679-025-4233');
INSERT INTO RESERVATION VALUES ('20191028KJ1743753950858',2243,104,'KJ','2019-10-28','2019-11-02',null,'complete');
INSERT INTO INVOICECHARGE VALUES ('20191028KJ1743753950858-ch00001','20191028KJ1743753950858','2019-10-28',457.39,'Base room charge');
INSERT INTO INVOICECHARGE VALUES ('20191028KJ1743753950858-ch00002','20191028KJ1743753950858','2019-10-28',235.62,'Cleaning fee');
INSERT INTO PAYMENT VALUES ('20191028KJ1743753950858-p00001','20191028KJ1743753950858','2020-05-05','CC',693.01,'Kerstin Khalaf','8176394230458325',4,2024,129,'Mastercard');
-- ------- SAMPLE 1244 ----------
INSERT INTO GUEST VALUES(2244,'Piedad','Proctor','PProctor@gmail.com','1234 DaWrong Lane','Flonkerton','MD','12345','186-839-6980');
INSERT INTO RESERVATION VALUES ('20200809QD6470266913299',2244,null,'QD','2020-08-09','2020-08-13',null,'active');
INSERT INTO INVOICECHARGE VALUES ('20200809QD6470266913299-ch00001','20200809QD6470266913299','2020-08-09',253.31,'Base room charge');
INSERT INTO INVOICECHARGE VALUES ('20200809QD6470266913299-ch00002','20200809QD6470266913299','2020-08-09',130.49,'Room Service');
INSERT INTO PAYMENT (payment_id,invoice_id,payment_date,payment_type,payment_amount) VALUES ('20200809QD6470266913299-p00001','20200809QD6470266913299','2020-05-05','CA',40);
-- ------- SAMPLE 1245 ----------
INSERT INTO GUEST VALUES(2245,'Delora','Delph','DDelph@gmail.com','1234 DaWrong Lane','Flonkerton','MD','12345','309-007-7238');
INSERT INTO RESERVATION VALUES ('20191021KJ7551058941656',2245,203,'KJ','2019-10-21','2019-10-26',null,'cancelled');
INSERT INTO INVOICECHARGE VALUES ('20191021KJ7551058941656-ch00001','20191021KJ7551058941656','2019-10-21',693.01,'Base room charge');
INSERT INTO PAYMENT VALUES ('20191021KJ7551058941656-p00001','20191021KJ7551058941656','2020-05-05','CC',693.01,'Delora Delph','2183975086241391',9,2027,578,'Mastercard');
-- ------- SAMPLE 1246 ----------
INSERT INTO GUEST VALUES(2246,'Tifany','Temple','TTemple@gmail.com','1234 DaWrong Lane','Flonkerton','MD','12345','675-455-3451');
INSERT INTO RESERVATION VALUES ('20190530KS5238001858541',2246,201,'KS','2019-05-30','2019-06-01',null,'complete');
INSERT INTO INVOICECHARGE VALUES ('20190530KS5238001858541-ch00001','20190530KS5238001858541','2019-05-30',213.23,'Base room charge');
INSERT INTO PAYMENT (payment_id,invoice_id,payment_date,payment_type,payment_amount) VALUES ('20190530KS5238001858541-p00001','20190530KS5238001858541','2020-05-05','CA',213.23);
-- ------- SAMPLE 1247 ----------
INSERT INTO GUEST VALUES(2247,'Sherryl','Shurtleff','SShurtleff@gmail.com','1234 DaWrong Lane','Flonkerton','MD','12345','543-393-7137');
INSERT INTO RESERVATION VALUES ('20190821QD1993958871636',2247,116,'QD','2019-08-21','2019-08-25',null,'complete');
INSERT INTO INVOICECHARGE VALUES ('20190821QD1993958871636-ch00001','20190821QD1993958871636','2019-08-21',253.31,'Base room charge');
INSERT INTO INVOICECHARGE VALUES ('20190821QD1993958871636-ch00002','20190821QD1993958871636','2019-08-21',130.49,'Room Service');
INSERT INTO PAYMENT VALUES ('20190821QD1993958871636-p00001','20190821QD1993958871636','2020-05-05','CC',383.81,'Sherryl Shurtleff','6691724064486362',7,2027,652,'Mastercard');
-- ------- SAMPLE 1248 ----------
INSERT INTO GUEST VALUES(2248,'Tifany','Temple','TTemple@gmail.com','1234 DaWrong Lane','Flonkerton','MD','12345','401-487-8347');
INSERT INTO RESERVATION VALUES ('20200507KS9536646923733',2248,null,'KS','2020-05-07','2020-05-09',null,'active');
INSERT INTO INVOICECHARGE VALUES ('20200507KS9536646923733-ch00001','20200507KS9536646923733','2020-05-07',140.73,'Base room charge');
INSERT INTO INVOICECHARGE VALUES ('20200507KS9536646923733-ch00002','20200507KS9536646923733','2020-05-07',72.5,'Room Service');
INSERT INTO PAYMENT VALUES ('20200507KS9536646923733-p00001','20200507KS9536646923733','2020-05-05','CC',213.23,'Tifany Temple','3541308917869031',1,2021,932,'Mastercard');
-- ------- SAMPLE 1249 ----------
INSERT INTO GUEST VALUES(2249,'Florentino','Feth','FFeth@yahoo.com','1234 DaWrong Lane','Flonkerton','MD','12345','348-388-6161');
INSERT INTO RESERVATION VALUES ('20200809KJ6497731930305',2249,null,'KJ','2020-08-09','2020-08-10',null,'active');
INSERT INTO INVOICECHARGE VALUES ('20200809KJ6497731930305-ch00001','20200809KJ6497731930305','2020-08-09',91.48,'Base room charge');
INSERT INTO INVOICECHARGE VALUES ('20200809KJ6497731930305-ch00002','20200809KJ6497731930305','2020-08-09',47.12,'Cleaning fee');
INSERT INTO PAYMENT VALUES ('20200809KJ6497731930305-p00001','20200809KJ6497731930305','2020-05-05','CC',138.6,'Florentino Feth','9967030935110007',10,2027,864,'Mastercard');
-- ------- SAMPLE 1250 ----------
INSERT INTO GUEST VALUES(2250,'Fleta','Fickel','FFickel@hotmail.com','1234 DaWrong Lane','Flonkerton','MD','12345','911-333-7576');
INSERT INTO RESERVATION VALUES ('20191127KI2388836350273',2250,110,'KI','2019-11-27','2019-11-29',null,'complete');
INSERT INTO INVOICECHARGE VALUES ('20191127KI2388836350273-ch00001','20191127KI2388836350273','2019-11-27',112.58,'Base room charge');
INSERT INTO INVOICECHARGE VALUES ('20191127KI2388836350273-ch00002','20191127KI2388836350273','2019-11-27',58,'Cleaning fee');
INSERT INTO PAYMENT (payment_id,invoice_id,payment_date,payment_type,payment_amount) VALUES ('20191127KI2388836350273-p00001','20191127KI2388836350273','2020-05-05','CA',130);
-- ------- SAMPLE 1251 ----------
INSERT INTO GUEST VALUES(2251,'Laraine','Lazar','LLazar@gmail.com','1234 DaWrong Lane','Flonkerton','MD','12345','774-342-8874');
INSERT INTO RESERVATION VALUES ('20210330KI7133244820105',2251,null,'KI','2021-03-30','2021-04-04',null,'cancelled');
INSERT INTO INVOICECHARGE VALUES ('20210330KI7133244820105-ch00001','20210330KI7133244820105','2021-03-30',281.45,'Base room charge');
INSERT INTO INVOICECHARGE VALUES ('20210330KI7133244820105-ch00002','20210330KI7133244820105','2021-03-30',144.99,'Cleaning fee');
INSERT INTO PAYMENT VALUES ('20210330KI7133244820105-p00001','20210330KI7133244820105','2020-05-05','CC',426.45,'Laraine Lazar','1468224854410067',6,2025,63,'Mastercard');
-- ------- SAMPLE 1252 ----------
INSERT INTO GUEST VALUES(2252,'Deandre','Defore','DDefore@yahoo.com','1234 DaWrong Lane','Flonkerton','MD','12345','500-217-6609');
INSERT INTO RESERVATION VALUES ('20200110KJ1577547412777',2252,104,'KJ','2020-01-10','2020-01-15',null,'complete');
INSERT INTO INVOICECHARGE VALUES ('20200110KJ1577547412777-ch00001','20200110KJ1577547412777','2020-01-10',693.01,'Base room charge');
INSERT INTO PAYMENT (payment_id,invoice_id,payment_date,payment_type,payment_amount) VALUES ('20200110KJ1577547412777-p00001','20200110KJ1577547412777','2020-05-05','CA',693.01);
-- ------- SAMPLE 1253 ----------
INSERT INTO GUEST VALUES(2253,'Kathlyn','Kinser','KKinser@yahoo.com','1234 DaWrong Lane','Flonkerton','MD','12345','335-393-1189');
INSERT INTO RESERVATION VALUES ('20210115QS3995674079115',2253,null,'QS','2021-01-15','2021-01-18',null,'active');
INSERT INTO INVOICECHARGE VALUES ('20210115QS3995674079115-ch00001','20210115QS3995674079115','2021-01-15',351.83,'Base room charge');
INSERT INTO PAYMENT VALUES ('20210115QS3995674079115-p00001','20210115QS3995674079115','2020-05-05','CC',351.83,'Kathlyn Kinser','3025205351518178',2,2023,520,'Mastercard');
-- ------- SAMPLE 1254 ----------
INSERT INTO GUEST VALUES(2254,'Shawn','Stefanski','SStefanski@hotmail.com','1234 DaWrong Lane','Flonkerton','MD','12345','768-052-0303');
INSERT INTO RESERVATION VALUES ('20200212KS1667789265634',2254,206,'KS','2020-02-12','2020-02-14',null,'complete');
INSERT INTO INVOICECHARGE VALUES ('20200212KS1667789265634-ch00001','20200212KS1667789265634','2020-02-12',213.23,'Base room charge');
INSERT INTO PAYMENT VALUES ('20200212KS1667789265634-p00001','20200212KS1667789265634','2020-05-05','CC',91,'Shawn Stefanski','9673753318140518',9,2026,839,'Mastercard');
-- ------- SAMPLE 1255 ----------
INSERT INTO GUEST VALUES(2255,'Sherrie','Stultz','SStultz@gmail.com','1234 DaWrong Lane','Flonkerton','MD','12345','678-431-1401');
INSERT INTO RESERVATION VALUES ('20200729KS4886553016315',2255,null,'KS','2020-07-29','2020-07-30',null,'active');
INSERT INTO INVOICECHARGE VALUES ('20200729KS4886553016315-ch00001','20200729KS4886553016315','2020-07-29',106.61,'Base room charge');
INSERT INTO PAYMENT VALUES ('20200729KS4886553016315-p00001','20200729KS4886553016315','2020-05-05','CC',106.61,'Sherrie Stultz','7235943200090925',1,2024,86,'Mastercard');
-- ------- SAMPLE 1256 ----------
INSERT INTO GUEST VALUES(2256,'Theodora','Trickey','TTrickey@hotmail.com','1234 DaWrong Lane','Flonkerton','MD','12345','078-540-5173');
INSERT INTO RESERVATION VALUES ('20200528QS8594350734941',2256,null,'QS','2020-05-28','2020-05-29',null,'active');
INSERT INTO INVOICECHARGE VALUES ('20200528QS8594350734941-ch00001','20200528QS8594350734941','2020-05-28',117.28,'Base room charge');
INSERT INTO PAYMENT VALUES ('20200528QS8594350734941-p00001','20200528QS8594350734941','2020-05-05','CC',117.28,'Theodora Trickey','3421649346322972',12,2027,298,'Mastercard');
-- ------- SAMPLE 1257 ----------
INSERT INTO GUEST VALUES(2257,'Raven','Rybicki','RRybicki@hotmail.com','1234 DaWrong Lane','Flonkerton','MD','12345','249-567-0503');
INSERT INTO RESERVATION VALUES ('20191108KJ8270387429344',2257,119,'KJ','2019-11-08','2019-11-09',null,'complete');
-- ------- SAMPLE 1258 ----------
INSERT INTO GUEST VALUES(2258,'Demarcus','Dearborn','DDearborn@gmail.com','1234 DaWrong Lane','Flonkerton','MD','12345','474-110-9503');
INSERT INTO RESERVATION VALUES ('20210114QS2922763445151',2258,null,'QS','2021-01-14','2021-01-17',null,'active');
-- ------- SAMPLE 1259 ----------
INSERT INTO GUEST VALUES(2259,'Kasey','Kipp','KKipp@gmail.com','1234 DaWrong Lane','Flonkerton','MD','12345','010-958-9367');
INSERT INTO RESERVATION VALUES ('20200903KI5381181551045',2259,null,'KI','2020-09-03','2020-09-08',null,'active');
INSERT INTO INVOICECHARGE VALUES ('20200903KI5381181551045-ch00001','20200903KI5381181551045','2020-09-03',281.45,'Base room charge');
INSERT INTO INVOICECHARGE VALUES ('20200903KI5381181551045-ch00002','20200903KI5381181551045','2020-09-03',144.99,'Cleaning fee');
INSERT INTO PAYMENT VALUES ('20200903KI5381181551045-p00001','20200903KI5381181551045','2020-05-05','CC',426.45,'Kasey Kipp','9231309056094367',6,2022,715,'Mastercard');
-- ------- SAMPLE 1260 ----------
INSERT INTO GUEST VALUES(2260,'Katerine','Kawakami','KKawakami@hotmail.com','1234 DaWrong Lane','Flonkerton','MD','12345','554-210-8629');
INSERT INTO RESERVATION VALUES ('20210207QD2624814702919',2260,null,'QD','2021-02-07','2021-02-12',null,'active');
INSERT INTO INVOICECHARGE VALUES ('20210207QD2624814702919-ch00001','20210207QD2624814702919','2021-02-07',479.76,'Base room charge');
INSERT INTO PAYMENT (payment_id,invoice_id,payment_date,payment_type,payment_amount) VALUES ('20210207QD2624814702919-p00001','20210207QD2624814702919','2020-05-05','CA',479.76);
-- ------- SAMPLE 1261 ----------
INSERT INTO GUEST VALUES(2261,'James','Janey','JJaney@hotmail.com','1234 DaWrong Lane','Flonkerton','MD','12345','429-655-3293');
INSERT INTO RESERVATION VALUES ('20190712KJ3657409786267',2261,109,'KJ','2019-07-12','2019-07-17',null,'complete');
INSERT INTO INVOICECHARGE VALUES ('20190712KJ3657409786267-ch00001','20190712KJ3657409786267','2019-07-12',693.01,'Base room charge');
INSERT INTO PAYMENT VALUES ('20190712KJ3657409786267-p00001','20190712KJ3657409786267','2020-05-05','CC',350,'James Janey','1319607330040424',9,2024,988,'Mastercard');
-- ------- SAMPLE 1262 ----------
INSERT INTO GUEST VALUES(2262,'Alverta','Arce','AArce@hotmail.com','1234 DaWrong Lane','Flonkerton','MD','12345','511-195-5527');
INSERT INTO RESERVATION VALUES ('20210211KJ9017340036086',2262,null,'KJ','2021-02-11','2021-02-16',null,'active');
-- ------- SAMPLE 1263 ----------
INSERT INTO GUEST VALUES(2263,'Delsie','Dunstan','DDunstan@gmail.com','1234 DaWrong Lane','Flonkerton','MD','12345','613-763-5272');
INSERT INTO RESERVATION VALUES ('20200603KJ7320461745237',2263,null,'KJ','2020-06-03','2020-06-04',null,'active');
INSERT INTO INVOICECHARGE VALUES ('20200603KJ7320461745237-ch00001','20200603KJ7320461745237','2020-06-03',91.48,'Base room charge');
INSERT INTO INVOICECHARGE VALUES ('20200603KJ7320461745237-ch00002','20200603KJ7320461745237','2020-06-03',47.12,'Room Service');
INSERT INTO PAYMENT VALUES ('20200603KJ7320461745237-p00001','20200603KJ7320461745237','2020-05-05','CC',138.6,'Delsie Dunstan','7727369442300786',1,2027,537,'Mastercard');
-- ------- SAMPLE 1264 ----------
INSERT INTO GUEST VALUES(2264,'Rachell','Riser','RRiser@yahoo.com','1234 DaWrong Lane','Flonkerton','MD','12345','098-380-5056');
INSERT INTO RESERVATION VALUES ('20190519KI4526815217796',2264,105,'KI','2019-05-19','2019-05-20',null,'cancelled');
INSERT INTO INVOICECHARGE VALUES ('20190519KI4526815217796-ch00001','20190519KI4526815217796','2019-05-19',85.29,'Base room charge');
INSERT INTO PAYMENT VALUES ('20190519KI4526815217796-p00001','20190519KI4526815217796','2020-05-05','CC',85.29,'Rachell Riser','2720511025422676',12,2027,122,'Mastercard');
-- ------- SAMPLE 1265 ----------
INSERT INTO GUEST VALUES(2265,'Walker','Weatherhead','WWeatherhead@hotmail.com','1234 DaWrong Lane','Flonkerton','MD','12345','588-609-6495');
INSERT INTO RESERVATION VALUES ('20200227KI9056646544874',2265,209,'KI','2020-02-27','2020-02-28',null,'complete');
INSERT INTO INVOICECHARGE VALUES ('20200227KI9056646544874-ch00001','20200227KI9056646544874','2020-02-27',85.29,'Base room charge');
INSERT INTO PAYMENT VALUES ('20200227KI9056646544874-p00001','20200227KI9056646544874','2020-05-05','CC',85.29,'Walker Weatherhead','3634689629954871',10,2022,58,'Mastercard');
-- ------- SAMPLE 1266 ----------
INSERT INTO GUEST VALUES(2266,'Tifany','Temple','TTemple@gmail.com','1234 DaWrong Lane','Flonkerton','MD','12345','913-603-0500');
INSERT INTO RESERVATION VALUES ('20190507KI4983523171193',2266,209,'KI','2019-05-07','2019-05-09',null,'complete');
INSERT INTO INVOICECHARGE VALUES ('20190507KI4983523171193-ch00001','20190507KI4983523171193','2019-05-07',112.58,'Base room charge');
INSERT INTO INVOICECHARGE VALUES ('20190507KI4983523171193-ch00002','20190507KI4983523171193','2019-05-07',58,'Cleaning fee');
INSERT INTO PAYMENT (payment_id,invoice_id,payment_date,payment_type,payment_amount) VALUES ('20190507KI4983523171193-p00001','20190507KI4983523171193','2020-05-05','CA',89);
-- ------- SAMPLE 1267 ----------
INSERT INTO GUEST VALUES(2267,'Dane','Dumond','DDumond@hotmail.com','1234 DaWrong Lane','Flonkerton','MD','12345','865-015-2772');
INSERT INTO RESERVATION VALUES ('20200617KS9967132167017',2267,null,'KS','2020-06-17','2020-06-18',null,'active');
INSERT INTO INVOICECHARGE VALUES ('20200617KS9967132167017-ch00001','20200617KS9967132167017','2020-06-17',70.37,'Base room charge');
INSERT INTO INVOICECHARGE VALUES ('20200617KS9967132167017-ch00002','20200617KS9967132167017','2020-06-17',36.25,'Cleaning fee');
INSERT INTO PAYMENT (payment_id,invoice_id,payment_date,payment_type,payment_amount) VALUES ('20200617KS9967132167017-p00001','20200617KS9967132167017','2020-05-05','CA',95);
-- ------- SAMPLE 1268 ----------
INSERT INTO GUEST VALUES(2268,'Rosemarie','Roeser','RRoeser@gmail.com','1234 DaWrong Lane','Flonkerton','MD','12345','945-088-5955');
INSERT INTO RESERVATION VALUES ('20200424QD2415950122187',2268,111,'QD','2020-04-24','2020-04-25',null,'complete');
-- ------- SAMPLE 1269 ----------
INSERT INTO GUEST VALUES(2269,'Mario','Macdowell','MMacdowell@gmail.com','1234 DaWrong Lane','Flonkerton','MD','12345','793-846-9618');
INSERT INTO RESERVATION VALUES ('20210220KS9903695456220',2269,null,'KS','2021-02-20','2021-02-24',null,'active');
INSERT INTO INVOICECHARGE VALUES ('20210220KS9903695456220-ch00001','20210220KS9903695456220','2021-02-20',426.46,'Base room charge');
INSERT INTO PAYMENT VALUES ('20210220KS9903695456220-p00001','20210220KS9903695456220','2020-05-05','CC',426.46,'Mario Macdowell','3608804742975520',1,2022,138,'Mastercard');
-- ------- SAMPLE 1270 ----------
INSERT INTO GUEST VALUES(2270,'Marcelino','Meisner','MMeisner@hotmail.com','1234 DaWrong Lane','Flonkerton','MD','12345','643-023-3030');
INSERT INTO RESERVATION VALUES ('20191026KS7376373890615',2270,112,'KS','2019-10-26','2019-10-30',null,'complete');
INSERT INTO INVOICECHARGE VALUES ('20191026KS7376373890615-ch00001','20191026KS7376373890615','2019-10-26',426.46,'Base room charge');
INSERT INTO PAYMENT VALUES ('20191026KS7376373890615-p00001','20191026KS7376373890615','2020-05-05','CC',374,'Marcelino Meisner','5018233894524807',11,2025,633,'Mastercard');
-- ------- SAMPLE 1271 ----------
INSERT INTO GUEST VALUES(2271,'Vicky','Vanderhoff','VVanderhoff@yahoo.com','1234 DaWrong Lane','Flonkerton','MD','12345','376-545-0321');
INSERT INTO RESERVATION VALUES ('20190912KI3346592509604',2271,209,'KI','2019-09-12','2019-09-17',null,'complete');
-- ------- SAMPLE 1272 ----------
INSERT INTO GUEST VALUES(2272,'Ngan','Nalley','NNalley@yahoo.com','1234 DaWrong Lane','Flonkerton','MD','12345','761-865-8703');
INSERT INTO RESERVATION VALUES ('20201210KS6599912673238',2272,null,'KS','2020-12-10','2020-12-15',null,'active');
INSERT INTO INVOICECHARGE VALUES ('20201210KS6599912673238-ch00001','20201210KS6599912673238','2020-12-10',351.83,'Base room charge');
INSERT INTO INVOICECHARGE VALUES ('20201210KS6599912673238-ch00002','20201210KS6599912673238','2020-12-10',181.24,'Cleaning fee');
INSERT INTO PAYMENT VALUES ('20201210KS6599912673238-p00001','20201210KS6599912673238','2020-05-05','CC',533.07,'Ngan Nalley','6040899770522950',3,2027,885,'Mastercard');
-- ------- SAMPLE 1273 ----------
INSERT INTO GUEST VALUES(2273,'Liliana','Lueck','LLueck@yahoo.com','1234 DaWrong Lane','Flonkerton','MD','12345','399-278-4094');
INSERT INTO RESERVATION VALUES ('20200719QS5020219639557',2273,null,'QS','2020-07-19','2020-07-24',null,'cancelled');
INSERT INTO INVOICECHARGE VALUES ('20200719QS5020219639557-ch00001','20200719QS5020219639557','2020-07-19',586.38,'Base room charge');
INSERT INTO PAYMENT (payment_id,invoice_id,payment_date,payment_type,payment_amount) VALUES ('20200719QS5020219639557-p00001','20200719QS5020219639557','2020-05-05','CA',37);
-- ------- SAMPLE 1274 ----------
INSERT INTO GUEST VALUES(2274,'Sherrie','Stultz','SStultz@yahoo.com','1234 DaWrong Lane','Flonkerton','MD','12345','999-559-1419');
INSERT INTO RESERVATION VALUES ('20201112QD1306185088034',2274,null,'QD','2020-11-12','2020-11-16',null,'active');
-- ------- SAMPLE 1275 ----------
INSERT INTO GUEST VALUES(2275,'Buffy','Beattie','BBeattie@yahoo.com','1234 DaWrong Lane','Flonkerton','MD','12345','094-723-7669');
INSERT INTO RESERVATION VALUES ('20201224KI5574795041273',2275,null,'KI','2020-12-24','2020-12-28',null,'active');
INSERT INTO INVOICECHARGE VALUES ('20201224KI5574795041273-ch00001','20201224KI5574795041273','2020-12-24',225.16,'Base room charge');
INSERT INTO INVOICECHARGE VALUES ('20201224KI5574795041273-ch00002','20201224KI5574795041273','2020-12-24',115.99,'Cleaning fee');
INSERT INTO PAYMENT (payment_id,invoice_id,payment_date,payment_type,payment_amount) VALUES ('20201224KI5574795041273-p00001','20201224KI5574795041273','2020-05-05','CA',23);
-- ------- SAMPLE 1276 ----------
INSERT INTO GUEST VALUES(2276,'Bell','Belizaire','BBelizaire@gmail.com','1234 DaWrong Lane','Flonkerton','MD','12345','076-391-9568');
INSERT INTO RESERVATION VALUES ('20191022KI8723740332275',2276,115,'KI','2019-10-22','2019-10-26',null,'complete');
INSERT INTO INVOICECHARGE VALUES ('20191022KI8723740332275-ch00001','20191022KI8723740332275','2019-10-22',225.16,'Base room charge');
INSERT INTO INVOICECHARGE VALUES ('20191022KI8723740332275-ch00002','20191022KI8723740332275','2019-10-22',115.99,'Room Service');
INSERT INTO PAYMENT VALUES ('20191022KI8723740332275-p00001','20191022KI8723740332275','2020-05-05','CC',341.16,'Bell Belizaire','8705261540658715',10,2024,388,'Mastercard');
-- ------- SAMPLE 1277 ----------
INSERT INTO GUEST VALUES(2277,'Tifany','Temple','TTemple@hotmail.com','1234 DaWrong Lane','Flonkerton','MD','12345','200-193-7289');
INSERT INTO RESERVATION VALUES ('20210207KS1195540750134',2277,null,'KS','2021-02-07','2021-02-09',null,'active');
INSERT INTO INVOICECHARGE VALUES ('20210207KS1195540750134-ch00001','20210207KS1195540750134','2021-02-07',213.23,'Base room charge');
INSERT INTO PAYMENT (payment_id,invoice_id,payment_date,payment_type,payment_amount) VALUES ('20210207KS1195540750134-p00001','20210207KS1195540750134','2020-05-05','CA',9);
-- ------- SAMPLE 1278 ----------
INSERT INTO GUEST VALUES(2278,'Adrianna','Aungst','AAungst@yahoo.com','1234 DaWrong Lane','Flonkerton','MD','12345','048-068-0609');
INSERT INTO RESERVATION VALUES ('20190529KS8105404763843',2278,117,'KS','2019-05-29','2019-06-01',null,'cancelled');
-- ------- SAMPLE 1279 ----------
INSERT INTO GUEST VALUES(2279,'Abdul','Ashe','AAshe@yahoo.com','1234 DaWrong Lane','Flonkerton','MD','12345','043-220-9128');
INSERT INTO RESERVATION VALUES ('20200111QD6614587366389',2279,200,'QD','2020-01-11','2020-01-14',null,'complete');
-- ------- SAMPLE 1280 ----------
INSERT INTO GUEST VALUES(2280,'Missy','Mcclintock','MMcclintock@yahoo.com','1234 DaWrong Lane','Flonkerton','MD','12345','574-889-1319');
INSERT INTO RESERVATION VALUES ('20191125KS1539861687834',2280,117,'KS','2019-11-25','2019-11-28',null,'complete');
-- ------- SAMPLE 1281 ----------
INSERT INTO GUEST VALUES(2281,'Irma','Irby','IIrby@hotmail.com','1234 DaWrong Lane','Flonkerton','MD','12345','751-561-6601');
INSERT INTO RESERVATION VALUES ('20200929KS7633686771569',2281,null,'KS','2020-09-29','2020-10-01',null,'active');
INSERT INTO INVOICECHARGE VALUES ('20200929KS7633686771569-ch00001','20200929KS7633686771569','2020-09-29',140.73,'Base room charge');
INSERT INTO INVOICECHARGE VALUES ('20200929KS7633686771569-ch00002','20200929KS7633686771569','2020-09-29',72.5,'Room Service');
INSERT INTO PAYMENT VALUES ('20200929KS7633686771569-p00001','20200929KS7633686771569','2020-05-05','CC',213.23,'Irma Irby','2908295314035633',1,2021,726,'Mastercard');
-- ------- SAMPLE 1282 ----------
INSERT INTO GUEST VALUES(2282,'Linwood','Layden','LLayden@gmail.com','1234 DaWrong Lane','Flonkerton','MD','12345','097-726-3319');
INSERT INTO RESERVATION VALUES ('20200107QS9289083262036',2282,108,'QS','2020-01-07','2020-01-09',null,'complete');
-- ------- SAMPLE 1283 ----------
INSERT INTO GUEST VALUES(2283,'Tifany','Temple','TTemple@yahoo.com','1234 DaWrong Lane','Flonkerton','MD','12345','180-119-8175');
INSERT INTO RESERVATION VALUES ('20201102QD3198638683489',2283,null,'QD','2020-11-02','2020-11-04',null,'active');
INSERT INTO INVOICECHARGE VALUES ('20201102QD3198638683489-ch00001','20201102QD3198638683489','2020-11-02',126.66,'Base room charge');
INSERT INTO INVOICECHARGE VALUES ('20201102QD3198638683489-ch00002','20201102QD3198638683489','2020-11-02',65.25,'Cleaning fee');
INSERT INTO PAYMENT VALUES ('20201102QD3198638683489-p00001','20201102QD3198638683489','2020-05-05','CC',191.9,'Tifany Temple','2994964916926990',2,2021,384,'Mastercard');
-- ------- SAMPLE 1284 ----------
INSERT INTO GUEST VALUES(2284,'Fonda','Foreman','FForeman@gmail.com','1234 DaWrong Lane','Flonkerton','MD','12345','952-841-9616');
INSERT INTO RESERVATION VALUES ('20200223KJ2230922431823',2284,119,'KJ','2020-02-23','2020-02-27',null,'complete');
INSERT INTO INVOICECHARGE VALUES ('20200223KJ2230922431823-ch00001','20200223KJ2230922431823','2020-02-23',365.91,'Base room charge');
INSERT INTO INVOICECHARGE VALUES ('20200223KJ2230922431823-ch00002','20200223KJ2230922431823','2020-02-23',188.5,'Cleaning fee');
INSERT INTO PAYMENT VALUES ('20200223KJ2230922431823-p00001','20200223KJ2230922431823','2020-05-05','CC',551,'Fonda Foreman','7357522580806004',11,2027,736,'Mastercard');
-- ------- SAMPLE 1285 ----------
INSERT INTO GUEST VALUES(2285,'Marylynn','Musson','MMusson@yahoo.com','1234 DaWrong Lane','Flonkerton','MD','12345','326-262-4805');
INSERT INTO RESERVATION VALUES ('20191121QS9707939596141',2285,202,'QS','2019-11-21','2019-11-24',null,'complete');
INSERT INTO INVOICECHARGE VALUES ('20191121QS9707939596141-ch00001','20191121QS9707939596141','2019-11-21',351.83,'Base room charge');
INSERT INTO PAYMENT VALUES ('20191121QS9707939596141-p00001','20191121QS9707939596141','2020-05-05','CC',351.83,'Marylynn Musson','2908366842042078',9,2025,127,'Mastercard');
-- ------- SAMPLE 1286 ----------
INSERT INTO GUEST VALUES(2286,'Fiona','Figgs','FFiggs@gmail.com','1234 DaWrong Lane','Flonkerton','MD','12345','019-430-5931');
INSERT INTO RESERVATION VALUES ('20190717KI7190808123146',2286,204,'KI','2019-07-17','2019-07-22',null,'complete');
INSERT INTO INVOICECHARGE VALUES ('20190717KI7190808123146-ch00001','20190717KI7190808123146','2019-07-17',281.45,'Base room charge');
INSERT INTO INVOICECHARGE VALUES ('20190717KI7190808123146-ch00002','20190717KI7190808123146','2019-07-17',144.99,'Room Service');
INSERT INTO PAYMENT VALUES ('20190717KI7190808123146-p00001','20190717KI7190808123146','2020-05-05','CC',426.45,'Fiona Figgs','2866047171403567',4,2026,850,'Mastercard');
-- ------- SAMPLE 1287 ----------
INSERT INTO GUEST VALUES(2287,'Ngan','Nalley','NNalley@gmail.com','1234 DaWrong Lane','Flonkerton','MD','12345','114-474-9841');
INSERT INTO RESERVATION VALUES ('20190930KI2894981907348',2287,204,'KI','2019-09-30','2019-10-01',null,'complete');
INSERT INTO INVOICECHARGE VALUES ('20190930KI2894981907348-ch00001','20190930KI2894981907348','2019-09-30',85.29,'Base room charge');
INSERT INTO PAYMENT VALUES ('20190930KI2894981907348-p00001','20190930KI2894981907348','2020-05-05','CC',85.29,'Ngan Nalley','3012925701695487',5,2024,988,'Mastercard');
-- ------- SAMPLE 1288 ----------
INSERT INTO GUEST VALUES(2288,'Piedad','Proctor','PProctor@gmail.com','1234 DaWrong Lane','Flonkerton','MD','12345','909-800-8763');
INSERT INTO RESERVATION VALUES ('20191019QD1109050506856',2288,101,'QD','2019-10-19','2019-10-21',null,'complete');
INSERT INTO INVOICECHARGE VALUES ('20191019QD1109050506856-ch00001','20191019QD1109050506856','2019-10-19',126.66,'Base room charge');
INSERT INTO INVOICECHARGE VALUES ('20191019QD1109050506856-ch00002','20191019QD1109050506856','2019-10-19',65.25,'Cleaning fee');
INSERT INTO PAYMENT (payment_id,invoice_id,payment_date,payment_type,payment_amount) VALUES ('20191019QD1109050506856-p00001','20191019QD1109050506856','2020-05-05','CA',191.9);
-- ------- SAMPLE 1289 ----------
INSERT INTO GUEST VALUES(2289,'Shera','Shorter','SShorter@hotmail.com','1234 DaWrong Lane','Flonkerton','MD','12345','832-280-9283');
INSERT INTO RESERVATION VALUES ('20191228KJ8149161040114',2289,208,'KJ','2019-12-28','2019-12-31',null,'complete');
INSERT INTO INVOICECHARGE VALUES ('20191228KJ8149161040114-ch00001','20191228KJ8149161040114','2019-12-28',274.43,'Base room charge');
INSERT INTO INVOICECHARGE VALUES ('20191228KJ8149161040114-ch00002','20191228KJ8149161040114','2019-12-28',141.37,'Room Service');
INSERT INTO PAYMENT VALUES ('20191228KJ8149161040114-p00001','20191228KJ8149161040114','2020-05-05','CC',377,'Shera Shorter','8671285853656933',2,2022,376,'Mastercard');
-- ------- SAMPLE 1290 ----------
INSERT INTO GUEST VALUES(2290,'Pearlene','Priestly','PPriestly@hotmail.com','1234 DaWrong Lane','Flonkerton','MD','12345','690-788-1548');
INSERT INTO RESERVATION VALUES ('20190917KI5470902238836',2290,209,'KI','2019-09-17','2019-09-21',null,'complete');
INSERT INTO INVOICECHARGE VALUES ('20190917KI5470902238836-ch00001','20190917KI5470902238836','2019-09-17',225.16,'Base room charge');
INSERT INTO INVOICECHARGE VALUES ('20190917KI5470902238836-ch00002','20190917KI5470902238836','2019-09-17',115.99,'Cleaning fee');
INSERT INTO PAYMENT VALUES ('20190917KI5470902238836-p00001','20190917KI5470902238836','2020-05-05','CC',35,'Pearlene Priestly','5787275196145473',10,2021,895,'Mastercard');
-- ------- SAMPLE 1291 ----------
INSERT INTO GUEST VALUES(2291,'Mario','Macdowell','MMacdowell@yahoo.com','1234 DaWrong Lane','Flonkerton','MD','12345','272-262-1860');
INSERT INTO RESERVATION VALUES ('20210319KS1121282514906',2291,null,'KS','2021-03-19','2021-03-23',null,'active');
INSERT INTO INVOICECHARGE VALUES ('20210319KS1121282514906-ch00001','20210319KS1121282514906','2021-03-19',426.46,'Base room charge');
INSERT INTO PAYMENT VALUES ('20210319KS1121282514906-p00001','20210319KS1121282514906','2020-05-05','CC',150,'Mario Macdowell','4299786339293991',7,2023,959,'Mastercard');
-- ------- SAMPLE 1292 ----------
INSERT INTO GUEST VALUES(2292,'Lucius','Liles','LLiles@hotmail.com','1234 DaWrong Lane','Flonkerton','MD','12345','680-316-5542');
INSERT INTO RESERVATION VALUES ('20201130KJ2183519600139',2292,null,'KJ','2020-11-30','2020-12-04',null,'cancelled');
-- ------- SAMPLE 1293 ----------
INSERT INTO GUEST VALUES(2293,'Jamey','Jen','JJen@gmail.com','1234 DaWrong Lane','Flonkerton','MD','12345','095-295-0841');
INSERT INTO RESERVATION VALUES ('20201206QS1865229694076',2293,null,'QS','2020-12-06','2020-12-09',null,'active');
INSERT INTO INVOICECHARGE VALUES ('20201206QS1865229694076-ch00001','20201206QS1865229694076','2020-12-06',351.83,'Base room charge');
INSERT INTO PAYMENT VALUES ('20201206QS1865229694076-p00001','20201206QS1865229694076','2020-05-05','CC',351.83,'Jamey Jen','4397939946031651',5,2027,222,'Mastercard');
-- ------- SAMPLE 1294 ----------
INSERT INTO GUEST VALUES(2294,'Walter','Wellington','WWellington@hotmail.com','1234 DaWrong Lane','Flonkerton','MD','12345','103-986-4233');
INSERT INTO RESERVATION VALUES ('20201218QS2741159679350',2294,null,'QS','2020-12-18','2020-12-23',null,'cancelled');
-- ------- SAMPLE 1295 ----------
INSERT INTO GUEST VALUES(2295,'Pearlene','Priestly','PPriestly@yahoo.com','1234 DaWrong Lane','Flonkerton','MD','12345','585-357-4736');
INSERT INTO RESERVATION VALUES ('20200527QS4559722372201',2295,null,'QS','2020-05-27','2020-05-28',null,'active');
-- ------- SAMPLE 1296 ----------
INSERT INTO GUEST VALUES(2296,'Raven','Rybicki','RRybicki@hotmail.com','1234 DaWrong Lane','Flonkerton','MD','12345','155-592-4336');
INSERT INTO RESERVATION VALUES ('20200827KI3912291448119',2296,null,'KI','2020-08-27','2020-08-29',null,'active');
INSERT INTO INVOICECHARGE VALUES ('20200827KI3912291448119-ch00001','20200827KI3912291448119','2020-08-27',170.58,'Base room charge');
INSERT INTO PAYMENT (payment_id,invoice_id,payment_date,payment_type,payment_amount) VALUES ('20200827KI3912291448119-p00001','20200827KI3912291448119','2020-05-05','CA',170.58);
-- ------- SAMPLE 1297 ----------
INSERT INTO GUEST VALUES(2297,'Jamey','Jen','JJen@yahoo.com','1234 DaWrong Lane','Flonkerton','MD','12345','646-677-2928');
INSERT INTO RESERVATION VALUES ('20191122KJ8909573131709',2297,119,'KJ','2019-11-22','2019-11-25',null,'complete');
-- ------- SAMPLE 1298 ----------
INSERT INTO GUEST VALUES(2298,'Ceola','Carasco','CCarasco@hotmail.com','1234 DaWrong Lane','Flonkerton','MD','12345','830-598-9744');
INSERT INTO RESERVATION VALUES ('20200519KI1535154776662',2298,null,'KI','2020-05-19','2020-05-21',null,'active');
INSERT INTO INVOICECHARGE VALUES ('20200519KI1535154776662-ch00001','20200519KI1535154776662','2020-05-19',170.58,'Base room charge');
INSERT INTO PAYMENT VALUES ('20200519KI1535154776662-p00001','20200519KI1535154776662','2020-05-05','CC',86,'Ceola Carasco','1360949742522984',6,2025,604,'Mastercard');
-- ------- SAMPLE 1299 ----------
INSERT INTO GUEST VALUES(2299,'Fleta','Fickel','FFickel@yahoo.com','1234 DaWrong Lane','Flonkerton','MD','12345','246-862-4346');
INSERT INTO RESERVATION VALUES ('20190506KS4282695217249',2299,201,'KS','2019-05-06','2019-05-07',null,'complete');
INSERT INTO INVOICECHARGE VALUES ('20190506KS4282695217249-ch00001','20190506KS4282695217249','2019-05-06',106.61,'Base room charge');
INSERT INTO PAYMENT VALUES ('20190506KS4282695217249-p00001','20190506KS4282695217249','2020-05-05','CC',23,'Fleta Fickel','2657983313050440',5,2025,164,'Mastercard');
-- ------- SAMPLE 1300 ----------
INSERT INTO GUEST VALUES(2300,'Irma','Irby','IIrby@hotmail.com','1234 DaWrong Lane','Flonkerton','MD','12345','624-492-3287');
INSERT INTO RESERVATION VALUES ('20200512QS7382433563664',2300,null,'QS','2020-05-12','2020-05-15',null,'active');
-- ------- SAMPLE 1301 ----------
INSERT INTO GUEST VALUES(2301,'Hedwig','Hinz','HHinz@yahoo.com','1234 DaWrong Lane','Flonkerton','MD','12345','135-217-3355');
INSERT INTO RESERVATION VALUES ('20210118QS5575536642708',2301,null,'QS','2021-01-18','2021-01-20',null,'active');
INSERT INTO INVOICECHARGE VALUES ('20210118QS5575536642708-ch00001','20210118QS5575536642708','2021-01-18',234.55,'Base room charge');
INSERT INTO PAYMENT VALUES ('20210118QS5575536642708-p00001','20210118QS5575536642708','2020-05-05','CC',234.55,'Hedwig Hinz','4442917347005450',8,2027,65,'Mastercard');
-- ------- SAMPLE 1302 ----------
INSERT INTO GUEST VALUES(2302,'Demarcus','Dearborn','DDearborn@yahoo.com','1234 DaWrong Lane','Flonkerton','MD','12345','417-858-0367');
INSERT INTO RESERVATION VALUES ('20200814QS8263673525644',2302,null,'QS','2020-08-14','2020-08-18',null,'active');
-- ------- SAMPLE 1303 ----------
INSERT INTO GUEST VALUES(2303,'Lillia','Linen','LLinen@hotmail.com','1234 DaWrong Lane','Flonkerton','MD','12345','876-050-2713');
INSERT INTO RESERVATION VALUES ('20191213KJ9210597044818',2303,109,'KJ','2019-12-13','2019-12-15',null,'complete');
INSERT INTO INVOICECHARGE VALUES ('20191213KJ9210597044818-ch00001','20191213KJ9210597044818','2019-12-13',182.95,'Base room charge');
INSERT INTO INVOICECHARGE VALUES ('20191213KJ9210597044818-ch00002','20191213KJ9210597044818','2019-12-13',94.25,'Cleaning fee');
INSERT INTO PAYMENT VALUES ('20191213KJ9210597044818-p00001','20191213KJ9210597044818','2020-05-05','CC',277.2,'Lillia Linen','9890282737585237',12,2026,571,'Mastercard');
-- ------- SAMPLE 1304 ----------
INSERT INTO GUEST VALUES(2304,'Eryn','Edenfield','EEdenfield@gmail.com','1234 DaWrong Lane','Flonkerton','MD','12345','331-951-0970');
INSERT INTO RESERVATION VALUES ('20200309KS4610996431139',2304,102,'KS','2020-03-09','2020-03-13',null,'complete');
INSERT INTO INVOICECHARGE VALUES ('20200309KS4610996431139-ch00001','20200309KS4610996431139','2020-03-09',426.46,'Base room charge');
INSERT INTO PAYMENT (payment_id,invoice_id,payment_date,payment_type,payment_amount) VALUES ('20200309KS4610996431139-p00001','20200309KS4610996431139','2020-05-05','CA',426.46);
-- ------- SAMPLE 1305 ----------
INSERT INTO GUEST VALUES(2305,'Dewey','Dye','DDye@gmail.com','1234 DaWrong Lane','Flonkerton','MD','12345','508-876-4836');
INSERT INTO RESERVATION VALUES ('20200522KS6037547841906',2305,null,'KS','2020-05-22','2020-05-26',null,'active');
INSERT INTO INVOICECHARGE VALUES ('20200522KS6037547841906-ch00001','20200522KS6037547841906','2020-05-22',281.46,'Base room charge');
INSERT INTO INVOICECHARGE VALUES ('20200522KS6037547841906-ch00002','20200522KS6037547841906','2020-05-22',145,'Room Service');
INSERT INTO PAYMENT VALUES ('20200522KS6037547841906-p00001','20200522KS6037547841906','2020-05-05','CC',426.46,'Dewey Dye','5132927544169017',12,2021,112,'Mastercard');
-- ------- SAMPLE 1306 ----------
INSERT INTO GUEST VALUES(2306,'Abel','Alire','AAlire@hotmail.com','1234 DaWrong Lane','Flonkerton','MD','12345','650-343-5445');
INSERT INTO RESERVATION VALUES ('20200726QD5186140187128',2306,null,'QD','2020-07-26','2020-07-28',null,'active');
INSERT INTO INVOICECHARGE VALUES ('20200726QD5186140187128-ch00001','20200726QD5186140187128','2020-07-26',126.66,'Base room charge');
INSERT INTO INVOICECHARGE VALUES ('20200726QD5186140187128-ch00002','20200726QD5186140187128','2020-07-26',65.25,'Room Service');
INSERT INTO PAYMENT VALUES ('20200726QD5186140187128-p00001','20200726QD5186140187128','2020-05-05','CC',191.9,'Abel Alire','4904310643685896',4,2022,928,'Mastercard');
-- ------- SAMPLE 1307 ----------
INSERT INTO GUEST VALUES(2307,'Demarcus','Dearborn','DDearborn@gmail.com','1234 DaWrong Lane','Flonkerton','MD','12345','851-809-9684');
INSERT INTO RESERVATION VALUES ('20210115KI6947676453186',2307,null,'KI','2021-01-15','2021-01-19',null,'active');
INSERT INTO INVOICECHARGE VALUES ('20210115KI6947676453186-ch00001','20210115KI6947676453186','2021-01-15',341.16,'Base room charge');
INSERT INTO PAYMENT VALUES ('20210115KI6947676453186-p00001','20210115KI6947676453186','2020-05-05','CC',341.16,'Demarcus Dearborn','2655525157079458',7,2026,525,'Mastercard');
-- ------- SAMPLE 1308 ----------
INSERT INTO GUEST VALUES(2308,'Yuette','Yetman','YYetman@gmail.com','1234 DaWrong Lane','Flonkerton','MD','12345','805-547-1511');
INSERT INTO RESERVATION VALUES ('20201114KJ5225751168117',2308,null,'KJ','2020-11-14','2020-11-16',null,'active');
INSERT INTO INVOICECHARGE VALUES ('20201114KJ5225751168117-ch00001','20201114KJ5225751168117','2020-11-14',182.95,'Base room charge');
INSERT INTO INVOICECHARGE VALUES ('20201114KJ5225751168117-ch00002','20201114KJ5225751168117','2020-11-14',94.25,'Cleaning fee');
INSERT INTO PAYMENT VALUES ('20201114KJ5225751168117-p00001','20201114KJ5225751168117','2020-05-05','CC',277.2,'Yuette Yetman','9555683750604076',2,2022,416,'Mastercard');
-- ------- SAMPLE 1309 ----------
INSERT INTO GUEST VALUES(2309,'Laraine','Lazar','LLazar@hotmail.com','1234 DaWrong Lane','Flonkerton','MD','12345','297-168-4463');
INSERT INTO RESERVATION VALUES ('20191106KS4404064223841',2309,117,'KS','2019-11-06','2019-11-10',null,'complete');
INSERT INTO INVOICECHARGE VALUES ('20191106KS4404064223841-ch00001','20191106KS4404064223841','2019-11-06',281.46,'Base room charge');
INSERT INTO INVOICECHARGE VALUES ('20191106KS4404064223841-ch00002','20191106KS4404064223841','2019-11-06',145,'Room Service');
INSERT INTO PAYMENT VALUES ('20191106KS4404064223841-p00001','20191106KS4404064223841','2020-05-05','CC',426.46,'Laraine Lazar','1347085728040157',8,2023,624,'Mastercard');
-- ------- SAMPLE 1310 ----------
INSERT INTO GUEST VALUES(2310,'Laraine','Lazar','LLazar@hotmail.com','1234 DaWrong Lane','Flonkerton','MD','12345','004-277-3504');
INSERT INTO RESERVATION VALUES ('20210124QD6934624041973',2310,null,'QD','2021-01-24','2021-01-28',null,'active');
-- ------- SAMPLE 1311 ----------
INSERT INTO GUEST VALUES(2311,'Ella','Evanoff','EEvanoff@hotmail.com','1234 DaWrong Lane','Flonkerton','MD','12345','046-444-6609');
INSERT INTO RESERVATION VALUES ('20200224KS8658870309757',2311,206,'KS','2020-02-24','2020-02-26',null,'cancelled');
INSERT INTO INVOICECHARGE VALUES ('20200224KS8658870309757-ch00001','20200224KS8658870309757','2020-02-24',140.73,'Base room charge');
INSERT INTO INVOICECHARGE VALUES ('20200224KS8658870309757-ch00002','20200224KS8658870309757','2020-02-24',72.5,'Cleaning fee');
INSERT INTO PAYMENT VALUES ('20200224KS8658870309757-p00001','20200224KS8658870309757','2020-05-05','CC',213.23,'Ella Evanoff','4103977130136948',8,2021,507,'Mastercard');
-- ------- SAMPLE 1312 ----------
INSERT INTO GUEST VALUES(2312,'Delsie','Delong','DDelong@hotmail.com','1234 DaWrong Lane','Flonkerton','MD','12345','849-184-9580');
INSERT INTO RESERVATION VALUES ('20200110KI2448368314403',2312,115,'KI','2020-01-10','2020-01-15',null,'cancelled');
-- ------- SAMPLE 1313 ----------
INSERT INTO GUEST VALUES(2313,'Rickie','Redfern','RRedfern@hotmail.com','1234 DaWrong Lane','Flonkerton','MD','12345','928-547-5811');
INSERT INTO RESERVATION VALUES ('20190929QD9990460031820',2313,116,'QD','2019-09-29','2019-09-30',null,'complete');
INSERT INTO INVOICECHARGE VALUES ('20190929QD9990460031820-ch00001','20190929QD9990460031820','2019-09-29',63.33,'Base room charge');
INSERT INTO INVOICECHARGE VALUES ('20190929QD9990460031820-ch00002','20190929QD9990460031820','2019-09-29',32.62,'Cleaning fee');
INSERT INTO PAYMENT VALUES ('20190929QD9990460031820-p00001','20190929QD9990460031820','2020-05-05','CC',95.95,'Rickie Redfern','6563128059746785',3,2021,485,'Mastercard');
-- ------- SAMPLE 1314 ----------
INSERT INTO GUEST VALUES(2314,'Rick','Ritenour','RRitenour@hotmail.com','1234 DaWrong Lane','Flonkerton','MD','12345','201-195-1984');
INSERT INTO RESERVATION VALUES ('20201114QS8456705712118',2314,null,'QS','2020-11-14','2020-11-15',null,'active');
INSERT INTO INVOICECHARGE VALUES ('20201114QS8456705712118-ch00001','20201114QS8456705712118','2020-11-14',77.4,'Base room charge');
INSERT INTO INVOICECHARGE VALUES ('20201114QS8456705712118-ch00002','20201114QS8456705712118','2020-11-14',39.87,'Cleaning fee');
INSERT INTO PAYMENT (payment_id,invoice_id,payment_date,payment_type,payment_amount) VALUES ('20201114QS8456705712118-p00001','20201114QS8456705712118','2020-05-05','CA',117.28);
-- ------- SAMPLE 1315 ----------
INSERT INTO GUEST VALUES(2315,'Natalya','Neathery','NNeathery@hotmail.com','1234 DaWrong Lane','Flonkerton','MD','12345','089-028-7414');
INSERT INTO RESERVATION VALUES ('20190608KJ4493986759988',2315,203,'KJ','2019-06-08','2019-06-10',null,'complete');
INSERT INTO INVOICECHARGE VALUES ('20190608KJ4493986759988-ch00001','20190608KJ4493986759988','2019-06-08',277.2,'Base room charge');
INSERT INTO PAYMENT VALUES ('20190608KJ4493986759988-p00001','20190608KJ4493986759988','2020-05-05','CC',31,'Natalya Neathery','5861589838138401',11,2022,471,'Mastercard');
-- ------- SAMPLE 1316 ----------
INSERT INTO GUEST VALUES(2316,'Floy','Feinstein','FFeinstein@yahoo.com','1234 DaWrong Lane','Flonkerton','MD','12345','834-735-3945');
INSERT INTO RESERVATION VALUES ('20201024QS4840488173306',2316,null,'QS','2020-10-24','2020-10-25',null,'cancelled');
INSERT INTO INVOICECHARGE VALUES ('20201024QS4840488173306-ch00001','20201024QS4840488173306','2020-10-24',117.28,'Base room charge');
INSERT INTO PAYMENT (payment_id,invoice_id,payment_date,payment_type,payment_amount) VALUES ('20201024QS4840488173306-p00001','20201024QS4840488173306','2020-05-05','CA',117.28);
-- ------- SAMPLE 1317 ----------
INSERT INTO GUEST VALUES(2317,'Collin','Chaparro','CChaparro@gmail.com','1234 DaWrong Lane','Flonkerton','MD','12345','051-583-0215');
INSERT INTO RESERVATION VALUES ('20210204KJ1918371610782',2317,null,'KJ','2021-02-04','2021-02-08',null,'active');
-- ------- SAMPLE 1318 ----------
INSERT INTO GUEST VALUES(2318,'Kenisha','Kane','KKane@yahoo.com','1234 DaWrong Lane','Flonkerton','MD','12345','308-932-5250');
INSERT INTO RESERVATION VALUES ('20190628KJ1372387357973',2318,203,'KJ','2019-06-28','2019-07-02',null,'complete');
INSERT INTO INVOICECHARGE VALUES ('20190628KJ1372387357973-ch00001','20190628KJ1372387357973','2019-06-28',554.41,'Base room charge');
INSERT INTO PAYMENT VALUES ('20190628KJ1372387357973-p00001','20190628KJ1372387357973','2020-05-05','CC',267,'Kenisha Kane','7707833341450664',6,2021,312,'Mastercard');
-- ------- SAMPLE 1319 ----------
INSERT INTO GUEST VALUES(2319,'Florentino','Feth','FFeth@hotmail.com','1234 DaWrong Lane','Flonkerton','MD','12345','701-841-4571');
INSERT INTO RESERVATION VALUES ('20200907QD3736188519393',2319,null,'QD','2020-09-07','2020-09-10',null,'active');
INSERT INTO INVOICECHARGE VALUES ('20200907QD3736188519393-ch00001','20200907QD3736188519393','2020-09-07',189.98,'Base room charge');
INSERT INTO INVOICECHARGE VALUES ('20200907QD3736188519393-ch00002','20200907QD3736188519393','2020-09-07',97.87,'Cleaning fee');
INSERT INTO PAYMENT (payment_id,invoice_id,payment_date,payment_type,payment_amount) VALUES ('20200907QD3736188519393-p00001','20200907QD3736188519393','2020-05-05','CA',287.86);
-- ------- SAMPLE 1320 ----------
INSERT INTO GUEST VALUES(2320,'Jeanene','Jacobo','JJacobo@yahoo.com','1234 DaWrong Lane','Flonkerton','MD','12345','370-823-9180');
INSERT INTO RESERVATION VALUES ('20190625QD9626019215607',2320,116,'QD','2019-06-25','2019-06-30',null,'cancelled');
INSERT INTO INVOICECHARGE VALUES ('20190625QD9626019215607-ch00001','20190625QD9626019215607','2019-06-25',479.76,'Base room charge');
INSERT INTO PAYMENT VALUES ('20190625QD9626019215607-p00001','20190625QD9626019215607','2020-05-05','CC',479.76,'Jeanene Jacobo','6076311683930674',11,2024,63,'Mastercard');
-- ------- SAMPLE 1321 ----------
INSERT INTO GUEST VALUES(2321,'Serafina','Singh','SSingh@yahoo.com','1234 DaWrong Lane','Flonkerton','MD','12345','621-373-1761');
INSERT INTO RESERVATION VALUES ('20200418QS4373656947807',2321,103,'QS','2020-04-18','2020-04-19',null,'complete');
INSERT INTO INVOICECHARGE VALUES ('20200418QS4373656947807-ch00001','20200418QS4373656947807','2020-04-18',117.28,'Base room charge');
INSERT INTO PAYMENT (payment_id,invoice_id,payment_date,payment_type,payment_amount) VALUES ('20200418QS4373656947807-p00001','20200418QS4373656947807','2020-05-05','CA',117.28);
-- ------- SAMPLE 1322 ----------
INSERT INTO GUEST VALUES(2322,'Jenna','Jesse','JJesse@gmail.com','1234 DaWrong Lane','Flonkerton','MD','12345','488-247-6580');
INSERT INTO RESERVATION VALUES ('20210423KS7838952117577',2322,null,'KS','2021-04-23','2021-04-28',null,'active');
-- ------- SAMPLE 1323 ----------
INSERT INTO GUEST VALUES(2323,'Romaine','Reck','RReck@yahoo.com','1234 DaWrong Lane','Flonkerton','MD','12345','629-179-4468');
INSERT INTO RESERVATION VALUES ('20190613QD2917102988302',2323,101,'QD','2019-06-13','2019-06-16',null,'complete');
INSERT INTO INVOICECHARGE VALUES ('20190613QD2917102988302-ch00001','20190613QD2917102988302','2019-06-13',189.98,'Base room charge');
INSERT INTO INVOICECHARGE VALUES ('20190613QD2917102988302-ch00002','20190613QD2917102988302','2019-06-13',97.87,'Room Service');
INSERT INTO PAYMENT VALUES ('20190613QD2917102988302-p00001','20190613QD2917102988302','2020-05-05','CC',287.86,'Romaine Reck','5346621360337950',3,2027,945,'Mastercard');
-- ------- SAMPLE 1324 ----------
INSERT INTO GUEST VALUES(2324,'Melaine','Miskell','MMiskell@yahoo.com','1234 DaWrong Lane','Flonkerton','MD','12345','564-819-0770');
INSERT INTO RESERVATION VALUES ('20200910KI1683672659857',2324,null,'KI','2020-09-10','2020-09-11',null,'active');
-- ------- SAMPLE 1325 ----------
INSERT INTO GUEST VALUES(2325,'Romelia','Rigdon','RRigdon@gmail.com','1234 DaWrong Lane','Flonkerton','MD','12345','768-924-0616');
INSERT INTO RESERVATION VALUES ('20210419QS8775988609924',2325,null,'QS','2021-04-19','2021-04-23',null,'active');
INSERT INTO INVOICECHARGE VALUES ('20210419QS8775988609924-ch00001','20210419QS8775988609924','2021-04-19',469.11,'Base room charge');
INSERT INTO PAYMENT VALUES ('20210419QS8775988609924-p00001','20210419QS8775988609924','2020-05-05','CC',469.11,'Romelia Rigdon','7584061787731344',7,2026,672,'Mastercard');
-- ------- SAMPLE 1326 ----------
INSERT INTO GUEST VALUES(2326,'Alverta','Arce','AArce@gmail.com','1234 DaWrong Lane','Flonkerton','MD','12345','638-837-8646');
INSERT INTO RESERVATION VALUES ('20191229KJ7815218918905',2326,109,'KJ','2019-12-29','2019-12-30',null,'complete');
INSERT INTO INVOICECHARGE VALUES ('20191229KJ7815218918905-ch00001','20191229KJ7815218918905','2019-12-29',91.48,'Base room charge');
INSERT INTO INVOICECHARGE VALUES ('20191229KJ7815218918905-ch00002','20191229KJ7815218918905','2019-12-29',47.12,'Cleaning fee');
INSERT INTO PAYMENT (payment_id,invoice_id,payment_date,payment_type,payment_amount) VALUES ('20191229KJ7815218918905-p00001','20191229KJ7815218918905','2020-05-05','CA',138.6);
-- ------- SAMPLE 1327 ----------
INSERT INTO GUEST VALUES(2327,'Deandre','Defore','DDefore@yahoo.com','1234 DaWrong Lane','Flonkerton','MD','12345','699-987-8826');
INSERT INTO RESERVATION VALUES ('20210311KJ5710251837774',2327,null,'KJ','2021-03-11','2021-03-14',null,'cancelled');
-- ------- SAMPLE 1328 ----------
INSERT INTO GUEST VALUES(2328,'Eryn','Edenfield','EEdenfield@hotmail.com','1234 DaWrong Lane','Flonkerton','MD','12345','929-825-4907');
INSERT INTO RESERVATION VALUES ('20190619QS6260601042383',2328,202,'QS','2019-06-19','2019-06-24',null,'complete');
INSERT INTO INVOICECHARGE VALUES ('20190619QS6260601042383-ch00001','20190619QS6260601042383','2019-06-19',586.38,'Base room charge');
INSERT INTO PAYMENT VALUES ('20190619QS6260601042383-p00001','20190619QS6260601042383','2020-05-05','CC',73,'Eryn Edenfield','8065996569904349',6,2027,536,'Mastercard');
-- ------- SAMPLE 1329 ----------
INSERT INTO GUEST VALUES(2329,'Bell','Belizaire','BBelizaire@gmail.com','1234 DaWrong Lane','Flonkerton','MD','12345','982-677-3059');
INSERT INTO RESERVATION VALUES ('20191206KS7649541199767',2329,201,'KS','2019-12-06','2019-12-11',null,'complete');
-- ------- SAMPLE 1330 ----------
INSERT INTO GUEST VALUES(2330,'Leonore','Losh','LLosh@yahoo.com','1234 DaWrong Lane','Flonkerton','MD','12345','994-630-5526');
INSERT INTO RESERVATION VALUES ('20210121KI4524355657440',2330,null,'KI','2021-01-21','2021-01-26',null,'active');
INSERT INTO INVOICECHARGE VALUES ('20210121KI4524355657440-ch00001','20210121KI4524355657440','2021-01-21',281.45,'Base room charge');
INSERT INTO INVOICECHARGE VALUES ('20210121KI4524355657440-ch00002','20210121KI4524355657440','2021-01-21',144.99,'Room Service');
INSERT INTO PAYMENT (payment_id,invoice_id,payment_date,payment_type,payment_amount) VALUES ('20210121KI4524355657440-p00001','20210121KI4524355657440','2020-05-05','CA',426.45);
-- ------- SAMPLE 1331 ----------
INSERT INTO GUEST VALUES(2331,'Lynda','Linda','LLinda@gmail.com','1234 DaWrong Lane','Flonkerton','MD','12345','042-785-3747');
INSERT INTO RESERVATION VALUES ('20191111KS3559478094505',2331,107,'KS','2019-11-11','2019-11-13',null,'complete');
INSERT INTO INVOICECHARGE VALUES ('20191111KS3559478094505-ch00001','20191111KS3559478094505','2019-11-11',213.23,'Base room charge');
INSERT INTO PAYMENT (payment_id,invoice_id,payment_date,payment_type,payment_amount) VALUES ('20191111KS3559478094505-p00001','20191111KS3559478094505','2020-05-05','CA',174);
-- ------- SAMPLE 1332 ----------
INSERT INTO GUEST VALUES(2332,'Sherryl','Shurtleff','SShurtleff@yahoo.com','1234 DaWrong Lane','Flonkerton','MD','12345','030-083-8950');
INSERT INTO RESERVATION VALUES ('20190615QD6829241209796',2332,205,'QD','2019-06-15','2019-06-17',null,'complete');
INSERT INTO INVOICECHARGE VALUES ('20190615QD6829241209796-ch00001','20190615QD6829241209796','2019-06-15',126.66,'Base room charge');
INSERT INTO INVOICECHARGE VALUES ('20190615QD6829241209796-ch00002','20190615QD6829241209796','2019-06-15',65.25,'Room Service');
INSERT INTO PAYMENT VALUES ('20190615QD6829241209796-p00001','20190615QD6829241209796','2020-05-05','CC',191.9,'Sherryl Shurtleff','2067754894322528',5,2021,301,'Mastercard');
-- ------- SAMPLE 1333 ----------
INSERT INTO GUEST VALUES(2333,'Jamey','Jen','JJen@gmail.com','1234 DaWrong Lane','Flonkerton','MD','12345','643-593-8183');
INSERT INTO RESERVATION VALUES ('20201106KI1549867609694',2333,null,'KI','2020-11-06','2020-11-08',null,'active');
INSERT INTO INVOICECHARGE VALUES ('20201106KI1549867609694-ch00001','20201106KI1549867609694','2020-11-06',170.58,'Base room charge');
INSERT INTO PAYMENT VALUES ('20201106KI1549867609694-p00001','20201106KI1549867609694','2020-05-05','CC',170.58,'Jamey Jen','6273528606293697',3,2023,163,'Mastercard');
-- ------- SAMPLE 1334 ----------
INSERT INTO GUEST VALUES(2334,'Rossana','Running','RRunning@hotmail.com','1234 DaWrong Lane','Flonkerton','MD','12345','149-219-5059');
INSERT INTO RESERVATION VALUES ('20201208KS5228911872211',2334,null,'KS','2020-12-08','2020-12-12',null,'cancelled');
INSERT INTO INVOICECHARGE VALUES ('20201208KS5228911872211-ch00001','20201208KS5228911872211','2020-12-08',281.46,'Base room charge');
INSERT INTO INVOICECHARGE VALUES ('20201208KS5228911872211-ch00002','20201208KS5228911872211','2020-12-08',145,'Room Service');
INSERT INTO PAYMENT (payment_id,invoice_id,payment_date,payment_type,payment_amount) VALUES ('20201208KS5228911872211-p00001','20201208KS5228911872211','2020-05-05','CA',426.46);
-- ------- SAMPLE 1335 ----------
INSERT INTO GUEST VALUES(2335,'Danette','Dammann','DDammann@yahoo.com','1234 DaWrong Lane','Flonkerton','MD','12345','205-935-4996');
INSERT INTO RESERVATION VALUES ('20190616QS3782715212768',2335,103,'QS','2019-06-16','2019-06-17',null,'complete');
-- ------- SAMPLE 1336 ----------
INSERT INTO GUEST VALUES(2336,'Aretha','Acy','AAcy@yahoo.com','1234 DaWrong Lane','Flonkerton','MD','12345','107-265-5120');
INSERT INTO RESERVATION VALUES ('20200218KI8154827176139',2336,204,'KI','2020-02-18','2020-02-23',null,'complete');
INSERT INTO INVOICECHARGE VALUES ('20200218KI8154827176139-ch00001','20200218KI8154827176139','2020-02-18',281.45,'Base room charge');
INSERT INTO INVOICECHARGE VALUES ('20200218KI8154827176139-ch00002','20200218KI8154827176139','2020-02-18',144.99,'Cleaning fee');
INSERT INTO PAYMENT (payment_id,invoice_id,payment_date,payment_type,payment_amount) VALUES ('20200218KI8154827176139-p00001','20200218KI8154827176139','2020-05-05','CA',426.45);
-- ------- SAMPLE 1337 ----------
INSERT INTO GUEST VALUES(2337,'Georgianne','Guadarrama','GGuadarrama@yahoo.com','1234 DaWrong Lane','Flonkerton','MD','12345','105-856-6875');
INSERT INTO RESERVATION VALUES ('20191201KJ4081899956922',2337,119,'KJ','2019-12-01','2019-12-05',null,'complete');
INSERT INTO INVOICECHARGE VALUES ('20191201KJ4081899956922-ch00001','20191201KJ4081899956922','2019-12-01',365.91,'Base room charge');
INSERT INTO INVOICECHARGE VALUES ('20191201KJ4081899956922-ch00002','20191201KJ4081899956922','2019-12-01',188.5,'Cleaning fee');
INSERT INTO PAYMENT (payment_id,invoice_id,payment_date,payment_type,payment_amount) VALUES ('20191201KJ4081899956922-p00001','20191201KJ4081899956922','2020-05-05','CA',69);
-- ------- SAMPLE 1338 ----------
INSERT INTO GUEST VALUES(2338,'Rose','Royall','RRoyall@gmail.com','1234 DaWrong Lane','Flonkerton','MD','12345','403-812-8410');
INSERT INTO RESERVATION VALUES ('20190921KJ4694558245674',2338,104,'KJ','2019-09-21','2019-09-23',null,'complete');
-- ------- SAMPLE 1339 ----------
INSERT INTO GUEST VALUES(2339,'Shonda','Schult','SSchult@yahoo.com','1234 DaWrong Lane','Flonkerton','MD','12345','590-164-4837');
INSERT INTO RESERVATION VALUES ('20190706KI8170495342472',2339,120,'KI','2019-07-06','2019-07-07',null,'complete');
INSERT INTO INVOICECHARGE VALUES ('20190706KI8170495342472-ch00001','20190706KI8170495342472','2019-07-06',85.29,'Base room charge');
INSERT INTO PAYMENT VALUES ('20190706KI8170495342472-p00001','20190706KI8170495342472','2020-05-05','CC',79,'Shonda Schult','2613842598830089',1,2021,493,'Mastercard');
-- ------- SAMPLE 1340 ----------
INSERT INTO GUEST VALUES(2340,'Freida','Forbis','FForbis@yahoo.com','1234 DaWrong Lane','Flonkerton','MD','12345','532-396-5928');
INSERT INTO RESERVATION VALUES ('20190823QD6354209574034',2340,205,'QD','2019-08-23','2019-08-27',null,'complete');
INSERT INTO INVOICECHARGE VALUES ('20190823QD6354209574034-ch00001','20190823QD6354209574034','2019-08-23',383.81,'Base room charge');
INSERT INTO PAYMENT VALUES ('20190823QD6354209574034-p00001','20190823QD6354209574034','2020-05-05','CC',68,'Freida Forbis','9175617339660261',2,2025,252,'Mastercard');
-- ------- SAMPLE 1341 ----------
INSERT INTO GUEST VALUES(2341,'Missy','Mcclintock','MMcclintock@yahoo.com','1234 DaWrong Lane','Flonkerton','MD','12345','921-099-8631');
INSERT INTO RESERVATION VALUES ('20200519KI4586025876331',2341,null,'KI','2020-05-19','2020-05-22',null,'active');
-- ------- SAMPLE 1342 ----------
INSERT INTO GUEST VALUES(2342,'Stacie','Schupp','SSchupp@hotmail.com','1234 DaWrong Lane','Flonkerton','MD','12345','470-730-5595');
INSERT INTO RESERVATION VALUES ('20200606KS8844066663470',2342,null,'KS','2020-06-06','2020-06-11',null,'active');
INSERT INTO INVOICECHARGE VALUES ('20200606KS8844066663470-ch00001','20200606KS8844066663470','2020-06-06',351.83,'Base room charge');
INSERT INTO INVOICECHARGE VALUES ('20200606KS8844066663470-ch00002','20200606KS8844066663470','2020-06-06',181.24,'Cleaning fee');
INSERT INTO PAYMENT VALUES ('20200606KS8844066663470-p00001','20200606KS8844066663470','2020-05-05','CC',533.07,'Stacie Schupp','2707040221160660',4,2026,97,'Mastercard');
-- ------- SAMPLE 1343 ----------
INSERT INTO GUEST VALUES(2343,'Dewey','Dye','DDye@yahoo.com','1234 DaWrong Lane','Flonkerton','MD','12345','135-016-1501');
INSERT INTO RESERVATION VALUES ('20200114KI2717650219357',2343,105,'KI','2020-01-14','2020-01-17',null,'complete');
-- ------- SAMPLE 1344 ----------
INSERT INTO GUEST VALUES(2344,'Dorian','Delbosque','DDelbosque@yahoo.com','1234 DaWrong Lane','Flonkerton','MD','12345','227-099-8285');
INSERT INTO RESERVATION VALUES ('20200417QD7266322758633',2344,106,'QD','2020-04-17','2020-04-18',null,'complete');
INSERT INTO INVOICECHARGE VALUES ('20200417QD7266322758633-ch00001','20200417QD7266322758633','2020-04-17',63.33,'Base room charge');
INSERT INTO INVOICECHARGE VALUES ('20200417QD7266322758633-ch00002','20200417QD7266322758633','2020-04-17',32.62,'Room Service');
INSERT INTO PAYMENT VALUES ('20200417QD7266322758633-p00001','20200417QD7266322758633','2020-05-05','CC',95.95,'Dorian Delbosque','6225856139615826',6,2024,631,'Mastercard');
-- ------- SAMPLE 1345 ----------
INSERT INTO GUEST VALUES(2345,'Luella','Lundstrom','LLundstrom@yahoo.com','1234 DaWrong Lane','Flonkerton','MD','12345','712-018-8911');
INSERT INTO RESERVATION VALUES ('20200319KJ6514431923014',2345,109,'KJ','2020-03-19','2020-03-24',null,'complete');
INSERT INTO INVOICECHARGE VALUES ('20200319KJ6514431923014-ch00001','20200319KJ6514431923014','2020-03-19',457.39,'Base room charge');
INSERT INTO INVOICECHARGE VALUES ('20200319KJ6514431923014-ch00002','20200319KJ6514431923014','2020-03-19',235.62,'Room Service');
INSERT INTO PAYMENT (payment_id,invoice_id,payment_date,payment_type,payment_amount) VALUES ('20200319KJ6514431923014-p00001','20200319KJ6514431923014','2020-05-05','CA',578);
-- ------- SAMPLE 1346 ----------
INSERT INTO GUEST VALUES(2346,'Rose','Royall','RRoyall@yahoo.com','1234 DaWrong Lane','Flonkerton','MD','12345','760-653-1187');
INSERT INTO RESERVATION VALUES ('20200608QS9812066247660',2346,null,'QS','2020-06-08','2020-06-11',null,'active');
-- ------- SAMPLE 1347 ----------
INSERT INTO GUEST VALUES(2347,'Alverta','Arce','AArce@hotmail.com','1234 DaWrong Lane','Flonkerton','MD','12345','372-126-7760');
INSERT INTO RESERVATION VALUES ('20200829QD7239667851897',2347,null,'QD','2020-08-29','2020-09-02',null,'active');
INSERT INTO INVOICECHARGE VALUES ('20200829QD7239667851897-ch00001','20200829QD7239667851897','2020-08-29',253.31,'Base room charge');
INSERT INTO INVOICECHARGE VALUES ('20200829QD7239667851897-ch00002','20200829QD7239667851897','2020-08-29',130.49,'Cleaning fee');
INSERT INTO PAYMENT VALUES ('20200829QD7239667851897-p00001','20200829QD7239667851897','2020-05-05','CC',91,'Alverta Arce','5519774291465225',10,2022,803,'Mastercard');
-- ------- SAMPLE 1348 ----------
INSERT INTO GUEST VALUES(2348,'Dewey','Dye','DDye@hotmail.com','1234 DaWrong Lane','Flonkerton','MD','12345','179-840-7005');
INSERT INTO RESERVATION VALUES ('20200403KJ3844017598157',2348,109,'KJ','2020-04-03','2020-04-07',null,'cancelled');
-- ------- SAMPLE 1349 ----------
INSERT INTO GUEST VALUES(2349,'Claribel','Catanzaro','CCatanzaro@hotmail.com','1234 DaWrong Lane','Flonkerton','MD','12345','823-517-8220');
INSERT INTO RESERVATION VALUES ('20190903QD4742812029707',2349,101,'QD','2019-09-03','2019-09-07',null,'complete');
-- ------- SAMPLE 1350 ----------
INSERT INTO GUEST VALUES(2350,'Luella','Lundstrom','LLundstrom@gmail.com','1234 DaWrong Lane','Flonkerton','MD','12345','380-935-0530');
INSERT INTO RESERVATION VALUES ('20210104KJ7078220644463',2350,null,'KJ','2021-01-04','2021-01-08',null,'active');
-- ------- SAMPLE 1351 ----------
INSERT INTO GUEST VALUES(2351,'Irma','Irby','IIrby@gmail.com','1234 DaWrong Lane','Flonkerton','MD','12345','590-508-1271');
INSERT INTO RESERVATION VALUES ('20201021KI3392191402262',2351,null,'KI','2020-10-21','2020-10-24',null,'active');
-- ------- SAMPLE 1352 ----------
INSERT INTO GUEST VALUES(2352,'Anita','Amezcua','AAmezcua@hotmail.com','1234 DaWrong Lane','Flonkerton','MD','12345','950-476-9751');
INSERT INTO RESERVATION VALUES ('20190618QS8951055831351',2352,108,'QS','2019-06-18','2019-06-19',null,'complete');
INSERT INTO INVOICECHARGE VALUES ('20190618QS8951055831351-ch00001','20190618QS8951055831351','2019-06-18',117.28,'Base room charge');
INSERT INTO PAYMENT VALUES ('20190618QS8951055831351-p00001','20190618QS8951055831351','2020-05-05','CC',31,'Anita Amezcua','1174884655651401',8,2024,825,'Mastercard');
-- ------- SAMPLE 1353 ----------
INSERT INTO GUEST VALUES(2353,'Vicky','Vanderhoff','VVanderhoff@gmail.com','1234 DaWrong Lane','Flonkerton','MD','12345','712-726-7282');
INSERT INTO RESERVATION VALUES ('20190507KI8543872424275',2353,120,'KI','2019-05-07','2019-05-10',null,'complete');
-- ------- SAMPLE 1354 ----------
INSERT INTO GUEST VALUES(2354,'Piedad','Proctor','PProctor@hotmail.com','1234 DaWrong Lane','Flonkerton','MD','12345','060-654-0998');
INSERT INTO RESERVATION VALUES ('20190901QS7203049982168',2354,103,'QS','2019-09-01','2019-09-06',null,'complete');
INSERT INTO INVOICECHARGE VALUES ('20190901QS7203049982168-ch00001','20190901QS7203049982168','2019-09-01',586.38,'Base room charge');
INSERT INTO PAYMENT VALUES ('20190901QS7203049982168-p00001','20190901QS7203049982168','2020-05-05','CC',369,'Piedad Proctor','4738732010823299',7,2025,623,'Mastercard');
-- ------- SAMPLE 1355 ----------
INSERT INTO GUEST VALUES(2355,'Lillia','Linen','LLinen@hotmail.com','1234 DaWrong Lane','Flonkerton','MD','12345','319-188-6151');
INSERT INTO RESERVATION VALUES ('20200612KJ9220672076738',2355,null,'KJ','2020-06-12','2020-06-14',null,'active');
INSERT INTO INVOICECHARGE VALUES ('20200612KJ9220672076738-ch00001','20200612KJ9220672076738','2020-06-12',182.95,'Base room charge');
INSERT INTO INVOICECHARGE VALUES ('20200612KJ9220672076738-ch00002','20200612KJ9220672076738','2020-06-12',94.25,'Cleaning fee');
INSERT INTO PAYMENT (payment_id,invoice_id,payment_date,payment_type,payment_amount) VALUES ('20200612KJ9220672076738-p00001','20200612KJ9220672076738','2020-05-05','CA',277.2);
-- ------- SAMPLE 1356 ----------
INSERT INTO GUEST VALUES(2356,'Tish','Tusing','TTusing@hotmail.com','1234 DaWrong Lane','Flonkerton','MD','12345','622-630-3369');
INSERT INTO RESERVATION VALUES ('20200714KI4128486739780',2356,null,'KI','2020-07-14','2020-07-19',null,'active');
-- ------- SAMPLE 1357 ----------
INSERT INTO GUEST VALUES(2357,'Deandre','Defore','DDefore@yahoo.com','1234 DaWrong Lane','Flonkerton','MD','12345','815-437-0522');
INSERT INTO RESERVATION VALUES ('20200726KI7696473504122',2357,null,'KI','2020-07-26','2020-07-30',null,'active');
INSERT INTO INVOICECHARGE VALUES ('20200726KI7696473504122-ch00001','20200726KI7696473504122','2020-07-26',341.16,'Base room charge');
INSERT INTO PAYMENT VALUES ('20200726KI7696473504122-p00001','20200726KI7696473504122','2020-05-05','CC',341.16,'Deandre Defore','9900261989687835',10,2021,257,'Mastercard');
-- ------- SAMPLE 1358 ----------
INSERT INTO GUEST VALUES(2358,'Piedad','Proctor','PProctor@hotmail.com','1234 DaWrong Lane','Flonkerton','MD','12345','411-460-0318');
INSERT INTO RESERVATION VALUES ('20200608KI7454577123014',2358,null,'KI','2020-06-08','2020-06-11',null,'active');
INSERT INTO INVOICECHARGE VALUES ('20200608KI7454577123014-ch00001','20200608KI7454577123014','2020-06-08',255.87,'Base room charge');
INSERT INTO PAYMENT VALUES ('20200608KI7454577123014-p00001','20200608KI7454577123014','2020-05-05','CC',108,'Piedad Proctor','8101873455222801',5,2022,152,'Mastercard');
-- ------- SAMPLE 1359 ----------
INSERT INTO GUEST VALUES(2359,'Kenisha','Kane','KKane@yahoo.com','1234 DaWrong Lane','Flonkerton','MD','12345','444-357-6391');
INSERT INTO RESERVATION VALUES ('20200606KI9767024723229',2359,null,'KI','2020-06-06','2020-06-10',null,'active');
INSERT INTO INVOICECHARGE VALUES ('20200606KI9767024723229-ch00001','20200606KI9767024723229','2020-06-06',225.16,'Base room charge');
INSERT INTO INVOICECHARGE VALUES ('20200606KI9767024723229-ch00002','20200606KI9767024723229','2020-06-06',115.99,'Room Service');
INSERT INTO PAYMENT VALUES ('20200606KI9767024723229-p00001','20200606KI9767024723229','2020-05-05','CC',281,'Kenisha Kane','6531116669001705',7,2022,3,'Mastercard');
-- ------- SAMPLE 1360 ----------
INSERT INTO GUEST VALUES(2360,'James','Janey','JJaney@gmail.com','1234 DaWrong Lane','Flonkerton','MD','12345','247-239-8321');
INSERT INTO RESERVATION VALUES ('20200920KJ7264045613274',2360,null,'KJ','2020-09-20','2020-09-21',null,'active');
INSERT INTO INVOICECHARGE VALUES ('20200920KJ7264045613274-ch00001','20200920KJ7264045613274','2020-09-20',91.48,'Base room charge');
INSERT INTO INVOICECHARGE VALUES ('20200920KJ7264045613274-ch00002','20200920KJ7264045613274','2020-09-20',47.12,'Cleaning fee');
INSERT INTO PAYMENT VALUES ('20200920KJ7264045613274-p00001','20200920KJ7264045613274','2020-05-05','CC',138.6,'James Janey','1893198922220796',6,2022,85,'Mastercard');
-- ------- SAMPLE 1361 ----------
INSERT INTO GUEST VALUES(2361,'Missy','Mcclintock','MMcclintock@gmail.com','1234 DaWrong Lane','Flonkerton','MD','12345','245-954-5800');
INSERT INTO RESERVATION VALUES ('20200705KI6067657022900',2361,null,'KI','2020-07-05','2020-07-08',null,'active');
INSERT INTO INVOICECHARGE VALUES ('20200705KI6067657022900-ch00001','20200705KI6067657022900','2020-07-05',255.87,'Base room charge');
INSERT INTO PAYMENT VALUES ('20200705KI6067657022900-p00001','20200705KI6067657022900','2020-05-05','CC',255.87,'Missy Mcclintock','1046473776704831',4,2027,414,'Mastercard');
-- ------- SAMPLE 1362 ----------
INSERT INTO GUEST VALUES(2362,'Lincoln','Lattea','LLattea@hotmail.com','1234 DaWrong Lane','Flonkerton','MD','12345','508-834-9015');
INSERT INTO RESERVATION VALUES ('20200120QD9432568944811',2362,205,'QD','2020-01-20','2020-01-24',null,'complete');
INSERT INTO INVOICECHARGE VALUES ('20200120QD9432568944811-ch00001','20200120QD9432568944811','2020-01-20',253.31,'Base room charge');
INSERT INTO INVOICECHARGE VALUES ('20200120QD9432568944811-ch00002','20200120QD9432568944811','2020-01-20',130.49,'Room Service');
INSERT INTO PAYMENT VALUES ('20200120QD9432568944811-p00001','20200120QD9432568944811','2020-05-05','CC',383.81,'Lincoln Lattea','3186791884849774',2,2027,496,'Mastercard');
-- ------- SAMPLE 1363 ----------
INSERT INTO GUEST VALUES(2363,'James','Janey','JJaney@hotmail.com','1234 DaWrong Lane','Flonkerton','MD','12345','317-793-2526');
INSERT INTO RESERVATION VALUES ('20201105KI1728889518743',2363,null,'KI','2020-11-05','2020-11-07',null,'active');
-- ------- SAMPLE 1364 ----------
INSERT INTO GUEST VALUES(2364,'Shae','Sansom','SSansom@gmail.com','1234 DaWrong Lane','Flonkerton','MD','12345','274-711-5439');
INSERT INTO RESERVATION VALUES ('20200924QS2680266368054',2364,null,'QS','2020-09-24','2020-09-27',null,'active');
-- ------- SAMPLE 1365 ----------
INSERT INTO GUEST VALUES(2365,'Alverta','Arce','AArce@gmail.com','1234 DaWrong Lane','Flonkerton','MD','12345','662-613-3493');
INSERT INTO RESERVATION VALUES ('20191201KS7663626696680',2365,102,'KS','2019-12-01','2019-12-06',null,'complete');
INSERT INTO INVOICECHARGE VALUES ('20191201KS7663626696680-ch00001','20191201KS7663626696680','2019-12-01',351.83,'Base room charge');
INSERT INTO INVOICECHARGE VALUES ('20191201KS7663626696680-ch00002','20191201KS7663626696680','2019-12-01',181.24,'Cleaning fee');
INSERT INTO PAYMENT VALUES ('20191201KS7663626696680-p00001','20191201KS7663626696680','2020-05-05','CC',484,'Alverta Arce','2120589313497564',5,2021,94,'Mastercard');
-- ------- SAMPLE 1366 ----------
INSERT INTO GUEST VALUES(2366,'Romaine','Reck','RReck@gmail.com','1234 DaWrong Lane','Flonkerton','MD','12345','224-432-3905');
INSERT INTO RESERVATION VALUES ('20210311QS6529111886389',2366,null,'QS','2021-03-11','2021-03-16',null,'active');
INSERT INTO INVOICECHARGE VALUES ('20210311QS6529111886389-ch00001','20210311QS6529111886389','2021-03-11',469.11,'Base room charge');
INSERT INTO PAYMENT VALUES ('20210311QS6529111886389-p00001','20210311QS6529111886389','2020-05-05','CC',469.11,'Romaine Reck','6779559997805913',7,2026,115,'Mastercard');
-- ------- SAMPLE 1367 ----------
INSERT INTO GUEST VALUES(2367,'Abdul','Ashe','AAshe@hotmail.com','1234 DaWrong Lane','Flonkerton','MD','12345','277-192-1266');
INSERT INTO RESERVATION VALUES ('20200228QD5712151910579',2367,111,'QD','2020-02-28','2020-03-01',null,'complete');
INSERT INTO INVOICECHARGE VALUES ('20200228QD5712151910579-ch00001','20200228QD5712151910579','2020-02-28',126.66,'Base room charge');
INSERT INTO INVOICECHARGE VALUES ('20200228QD5712151910579-ch00002','20200228QD5712151910579','2020-02-28',65.25,'Cleaning fee');
INSERT INTO PAYMENT VALUES ('20200228QD5712151910579-p00001','20200228QD5712151910579','2020-05-05','CC',191.9,'Abdul Ashe','9338269840118699',4,2027,172,'Mastercard');
-- ------- SAMPLE 1368 ----------
INSERT INTO GUEST VALUES(2368,'Deangelo','Deloera','DDeloera@hotmail.com','1234 DaWrong Lane','Flonkerton','MD','12345','306-448-5536');
INSERT INTO RESERVATION VALUES ('20201123KI7169861804229',2368,null,'KI','2020-11-23','2020-11-24',null,'active');
INSERT INTO INVOICECHARGE VALUES ('20201123KI7169861804229-ch00001','20201123KI7169861804229','2020-11-23',56.29,'Base room charge');
INSERT INTO INVOICECHARGE VALUES ('20201123KI7169861804229-ch00002','20201123KI7169861804229','2020-11-23',29,'Cleaning fee');
INSERT INTO PAYMENT VALUES ('20201123KI7169861804229-p00001','20201123KI7169861804229','2020-05-05','CC',85.29,'Deangelo Deloera','1954183430023548',6,2026,797,'Mastercard');
-- ------- SAMPLE 1369 ----------
INSERT INTO GUEST VALUES(2369,'Tifany','Temple','TTemple@hotmail.com','1234 DaWrong Lane','Flonkerton','MD','12345','643-544-1174');
INSERT INTO RESERVATION VALUES ('20200405KJ6941167129132',2369,208,'KJ','2020-04-05','2020-04-08',null,'complete');
INSERT INTO INVOICECHARGE VALUES ('20200405KJ6941167129132-ch00001','20200405KJ6941167129132','2020-04-05',415.81,'Base room charge');
INSERT INTO PAYMENT VALUES ('20200405KJ6941167129132-p00001','20200405KJ6941167129132','2020-05-05','CC',415.81,'Tifany Temple','6744264425123019',9,2025,515,'Mastercard');
-- ------- SAMPLE 1370 ----------
INSERT INTO GUEST VALUES(2370,'Shawna','Schmit','SSchmit@hotmail.com','1234 DaWrong Lane','Flonkerton','MD','12345','443-565-4906');
INSERT INTO RESERVATION VALUES ('20201027KI8491790800938',2370,null,'KI','2020-10-27','2020-10-30',null,'active');
INSERT INTO INVOICECHARGE VALUES ('20201027KI8491790800938-ch00001','20201027KI8491790800938','2020-10-27',168.87,'Base room charge');
INSERT INTO INVOICECHARGE VALUES ('20201027KI8491790800938-ch00002','20201027KI8491790800938','2020-10-27',87,'Cleaning fee');
INSERT INTO PAYMENT VALUES ('20201027KI8491790800938-p00001','20201027KI8491790800938','2020-05-05','CC',255.87,'Shawna Schmit','8680038461910133',3,2026,315,'Mastercard');
-- ------- SAMPLE 1371 ----------
INSERT INTO GUEST VALUES(2371,'Bradley','Bently','BBently@gmail.com','1234 DaWrong Lane','Flonkerton','MD','12345','512-395-2985');
INSERT INTO RESERVATION VALUES ('20200409KJ1728278993469',2371,104,'KJ','2020-04-09','2020-04-10',null,'complete');
INSERT INTO INVOICECHARGE VALUES ('20200409KJ1728278993469-ch00001','20200409KJ1728278993469','2020-04-09',91.48,'Base room charge');
INSERT INTO INVOICECHARGE VALUES ('20200409KJ1728278993469-ch00002','20200409KJ1728278993469','2020-04-09',47.12,'Room Service');
INSERT INTO PAYMENT VALUES ('20200409KJ1728278993469-p00001','20200409KJ1728278993469','2020-05-05','CC',138.6,'Bradley Bently','3573524455148750',9,2022,117,'Mastercard');
-- ------- SAMPLE 1372 ----------
INSERT INTO GUEST VALUES(2372,'Shawn','Stefanski','SStefanski@gmail.com','1234 DaWrong Lane','Flonkerton','MD','12345','162-305-4292');
INSERT INTO RESERVATION VALUES ('20201218KS3905916408284',2372,null,'KS','2020-12-18','2020-12-22',null,'active');
INSERT INTO INVOICECHARGE VALUES ('20201218KS3905916408284-ch00001','20201218KS3905916408284','2020-12-18',281.46,'Base room charge');
INSERT INTO INVOICECHARGE VALUES ('20201218KS3905916408284-ch00002','20201218KS3905916408284','2020-12-18',145,'Cleaning fee');
INSERT INTO PAYMENT VALUES ('20201218KS3905916408284-p00001','20201218KS3905916408284','2020-05-05','CC',80,'Shawn Stefanski','5513685987710702',11,2023,475,'Mastercard');
-- ------- SAMPLE 1373 ----------
INSERT INTO GUEST VALUES(2373,'Delora','Delph','DDelph@hotmail.com','1234 DaWrong Lane','Flonkerton','MD','12345','760-698-7729');
INSERT INTO RESERVATION VALUES ('20191223KJ9920051684563',2373,208,'KJ','2019-12-23','2019-12-24',null,'complete');
-- ------- SAMPLE 1374 ----------
INSERT INTO GUEST VALUES(2374,'Irma','Irby','IIrby@gmail.com','1234 DaWrong Lane','Flonkerton','MD','12345','366-156-9456');
INSERT INTO RESERVATION VALUES ('20190913KS2512719280368',2374,107,'KS','2019-09-13','2019-09-15',null,'cancelled');
INSERT INTO INVOICECHARGE VALUES ('20190913KS2512719280368-ch00001','20190913KS2512719280368','2019-09-13',140.73,'Base room charge');
INSERT INTO INVOICECHARGE VALUES ('20190913KS2512719280368-ch00002','20190913KS2512719280368','2019-09-13',72.5,'Room Service');
INSERT INTO PAYMENT VALUES ('20190913KS2512719280368-p00001','20190913KS2512719280368','2020-05-05','CC',213.23,'Irma Irby','5698950575287360',7,2023,620,'Mastercard');
-- ------- SAMPLE 1375 ----------
INSERT INTO GUEST VALUES(2375,'Cherry','Chiarello','CChiarello@gmail.com','1234 DaWrong Lane','Flonkerton','MD','12345','943-801-2491');
INSERT INTO RESERVATION VALUES ('20200514QS1351080481650',2375,null,'QS','2020-05-14','2020-05-17',null,'active');
INSERT INTO INVOICECHARGE VALUES ('20200514QS1351080481650-ch00001','20200514QS1351080481650','2020-05-14',351.83,'Base room charge');
INSERT INTO PAYMENT VALUES ('20200514QS1351080481650-p00001','20200514QS1351080481650','2020-05-05','CC',351.83,'Cherry Chiarello','2070650372778352',4,2024,727,'Mastercard');
-- ------- SAMPLE 1376 ----------
INSERT INTO GUEST VALUES(2376,'Stan','Schnell','SSchnell@gmail.com','1234 DaWrong Lane','Flonkerton','MD','12345','876-147-9224');
INSERT INTO RESERVATION VALUES ('20190613KS1874781229904',2376,112,'KS','2019-06-13','2019-06-17',null,'complete');
INSERT INTO INVOICECHARGE VALUES ('20190613KS1874781229904-ch00001','20190613KS1874781229904','2019-06-13',426.46,'Base room charge');
INSERT INTO PAYMENT VALUES ('20190613KS1874781229904-p00001','20190613KS1874781229904','2020-05-05','CC',232,'Stan Schnell','8181362828896755',10,2021,917,'Mastercard');
-- ------- SAMPLE 1377 ----------
INSERT INTO GUEST VALUES(2377,'Annie','Albrecht','AAlbrecht@hotmail.com','1234 DaWrong Lane','Flonkerton','MD','12345','662-013-5134');
INSERT INTO RESERVATION VALUES ('20200509KJ2606465501543',2377,null,'KJ','2020-05-09','2020-05-11',null,'active');
INSERT INTO INVOICECHARGE VALUES ('20200509KJ2606465501543-ch00001','20200509KJ2606465501543','2020-05-09',182.95,'Base room charge');
INSERT INTO INVOICECHARGE VALUES ('20200509KJ2606465501543-ch00002','20200509KJ2606465501543','2020-05-09',94.25,'Room Service');
INSERT INTO PAYMENT VALUES ('20200509KJ2606465501543-p00001','20200509KJ2606465501543','2020-05-05','CC',277.2,'Annie Albrecht','3835441327613326',1,2022,149,'Mastercard');
-- ------- SAMPLE 1378 ----------
INSERT INTO GUEST VALUES(2378,'Georgianne','Guadarrama','GGuadarrama@yahoo.com','1234 DaWrong Lane','Flonkerton','MD','12345','117-996-9458');
INSERT INTO RESERVATION VALUES ('20200228KJ4115891161037',2378,203,'KJ','2020-02-28','2020-03-01',null,'complete');
INSERT INTO INVOICECHARGE VALUES ('20200228KJ4115891161037-ch00001','20200228KJ4115891161037','2020-02-28',277.2,'Base room charge');
INSERT INTO PAYMENT (payment_id,invoice_id,payment_date,payment_type,payment_amount) VALUES ('20200228KJ4115891161037-p00001','20200228KJ4115891161037','2020-05-05','CA',277.2);
-- ------- SAMPLE 1379 ----------
INSERT INTO GUEST VALUES(2379,'Leanora','Locke','LLocke@hotmail.com','1234 DaWrong Lane','Flonkerton','MD','12345','941-956-4941');
INSERT INTO RESERVATION VALUES ('20190703QD7189162344268',2379,106,'QD','2019-07-03','2019-07-05',null,'cancelled');
INSERT INTO INVOICECHARGE VALUES ('20190703QD7189162344268-ch00001','20190703QD7189162344268','2019-07-03',126.66,'Base room charge');
INSERT INTO INVOICECHARGE VALUES ('20190703QD7189162344268-ch00002','20190703QD7189162344268','2019-07-03',65.25,'Cleaning fee');
INSERT INTO PAYMENT VALUES ('20190703QD7189162344268-p00001','20190703QD7189162344268','2020-05-05','CC',191.9,'Leanora Locke','6939713612323961',6,2022,104,'Mastercard');
-- ------- SAMPLE 1380 ----------
INSERT INTO GUEST VALUES(2380,'Georgianne','Guadarrama','GGuadarrama@hotmail.com','1234 DaWrong Lane','Flonkerton','MD','12345','930-247-8395');
INSERT INTO RESERVATION VALUES ('20190903KJ4964878395233',2380,119,'KJ','2019-09-03','2019-09-07',null,'complete');
INSERT INTO INVOICECHARGE VALUES ('20190903KJ4964878395233-ch00001','20190903KJ4964878395233','2019-09-03',554.41,'Base room charge');
INSERT INTO PAYMENT (payment_id,invoice_id,payment_date,payment_type,payment_amount) VALUES ('20190903KJ4964878395233-p00001','20190903KJ4964878395233','2020-05-05','CA',554.41);
-- ------- SAMPLE 1381 ----------
INSERT INTO GUEST VALUES(2381,'Buford','Biddy','BBiddy@hotmail.com','1234 DaWrong Lane','Flonkerton','MD','12345','529-032-5155');
INSERT INTO RESERVATION VALUES ('20191209KI5872315550701',2381,204,'KI','2019-12-09','2019-12-14',null,'complete');
INSERT INTO INVOICECHARGE VALUES ('20191209KI5872315550701-ch00001','20191209KI5872315550701','2019-12-09',426.45,'Base room charge');
INSERT INTO PAYMENT VALUES ('20191209KI5872315550701-p00001','20191209KI5872315550701','2020-05-05','CC',426.45,'Buford Biddy','5568910363903026',5,2021,217,'Mastercard');
-- ------- SAMPLE 1382 ----------
INSERT INTO GUEST VALUES(2382,'Buffy','Beattie','BBeattie@gmail.com','1234 DaWrong Lane','Flonkerton','MD','12345','514-022-8734');
INSERT INTO RESERVATION VALUES ('20201007KJ1619372173385',2382,null,'KJ','2020-10-07','2020-10-10',null,'active');
INSERT INTO INVOICECHARGE VALUES ('20201007KJ1619372173385-ch00001','20201007KJ1619372173385','2020-10-07',415.81,'Base room charge');
INSERT INTO PAYMENT VALUES ('20201007KJ1619372173385-p00001','20201007KJ1619372173385','2020-05-05','CC',415.81,'Buffy Beattie','3190008800161854',2,2026,899,'Mastercard');
-- ------- SAMPLE 1383 ----------
INSERT INTO GUEST VALUES(2383,'Mario','Macdowell','MMacdowell@gmail.com','1234 DaWrong Lane','Flonkerton','MD','12345','341-948-8070');
INSERT INTO RESERVATION VALUES ('20200228KJ7583700849272',2383,104,'KJ','2020-02-28','2020-03-02',null,'complete');
INSERT INTO INVOICECHARGE VALUES ('20200228KJ7583700849272-ch00001','20200228KJ7583700849272','2020-02-28',415.81,'Base room charge');
INSERT INTO PAYMENT VALUES ('20200228KJ7583700849272-p00001','20200228KJ7583700849272','2020-05-05','CC',415.81,'Mario Macdowell','1171933386577142',7,2022,902,'Mastercard');
-- ------- SAMPLE 1384 ----------
INSERT INTO GUEST VALUES(2384,'Anita','Amezcua','AAmezcua@yahoo.com','1234 DaWrong Lane','Flonkerton','MD','12345','704-741-1516');
INSERT INTO RESERVATION VALUES ('20191201KJ1324825849989',2384,109,'KJ','2019-12-01','2019-12-04',null,'cancelled');
INSERT INTO INVOICECHARGE VALUES ('20191201KJ1324825849989-ch00001','20191201KJ1324825849989','2019-12-01',415.81,'Base room charge');
INSERT INTO PAYMENT (payment_id,invoice_id,payment_date,payment_type,payment_amount) VALUES ('20191201KJ1324825849989-p00001','20191201KJ1324825849989','2020-05-05','CA',415.81);
-- ------- SAMPLE 1385 ----------
INSERT INTO GUEST VALUES(2385,'Alverta','Arce','AArce@gmail.com','1234 DaWrong Lane','Flonkerton','MD','12345','906-788-2246');
INSERT INTO RESERVATION VALUES ('20201007QD8217735588767',2385,null,'QD','2020-10-07','2020-10-12',null,'active');
INSERT INTO INVOICECHARGE VALUES ('20201007QD8217735588767-ch00001','20201007QD8217735588767','2020-10-07',316.64,'Base room charge');
INSERT INTO INVOICECHARGE VALUES ('20201007QD8217735588767-ch00002','20201007QD8217735588767','2020-10-07',163.12,'Room Service');
INSERT INTO PAYMENT (payment_id,invoice_id,payment_date,payment_type,payment_amount) VALUES ('20201007QD8217735588767-p00001','20201007QD8217735588767','2020-05-05','CA',479.76);
-- ------- SAMPLE 1386 ----------
INSERT INTO GUEST VALUES(2386,'Jarrett','Janelle','JJanelle@yahoo.com','1234 DaWrong Lane','Flonkerton','MD','12345','959-114-5987');
INSERT INTO RESERVATION VALUES ('20190817KJ1458363282652',2386,114,'KJ','2019-08-17','2019-08-18',null,'complete');
-- ------- SAMPLE 1387 ----------
INSERT INTO GUEST VALUES(2387,'Kerstin','Khalaf','KKhalaf@gmail.com','1234 DaWrong Lane','Flonkerton','MD','12345','865-017-9692');
INSERT INTO RESERVATION VALUES ('20210120KS9692185559969',2387,null,'KS','2021-01-20','2021-01-25',null,'cancelled');
INSERT INTO INVOICECHARGE VALUES ('20210120KS9692185559969-ch00001','20210120KS9692185559969','2021-01-20',351.83,'Base room charge');
INSERT INTO INVOICECHARGE VALUES ('20210120KS9692185559969-ch00002','20210120KS9692185559969','2021-01-20',181.24,'Cleaning fee');
INSERT INTO PAYMENT VALUES ('20210120KS9692185559969-p00001','20210120KS9692185559969','2020-05-05','CC',533.07,'Kerstin Khalaf','8357962197697927',11,2026,12,'Mastercard');
-- ------- SAMPLE 1388 ----------
INSERT INTO GUEST VALUES(2388,'Fiona','Figgs','FFiggs@yahoo.com','1234 DaWrong Lane','Flonkerton','MD','12345','239-317-5593');
INSERT INTO RESERVATION VALUES ('20201020QS5496519811540',2388,null,'QS','2020-10-20','2020-10-23',null,'active');
-- ------- SAMPLE 1389 ----------
INSERT INTO GUEST VALUES(2389,'Margorie','Mcnish','MMcnish@yahoo.com','1234 DaWrong Lane','Flonkerton','MD','12345','572-914-1469');
INSERT INTO RESERVATION VALUES ('20190811KJ6055915467394',2389,203,'KJ','2019-08-11','2019-08-12',null,'complete');
INSERT INTO INVOICECHARGE VALUES ('20190811KJ6055915467394-ch00001','20190811KJ6055915467394','2019-08-11',91.48,'Base room charge');
INSERT INTO INVOICECHARGE VALUES ('20190811KJ6055915467394-ch00002','20190811KJ6055915467394','2019-08-11',47.12,'Room Service');
INSERT INTO PAYMENT VALUES ('20190811KJ6055915467394-p00001','20190811KJ6055915467394','2020-05-05','CC',138.6,'Margorie Mcnish','4052715697989142',10,2023,553,'Mastercard');
-- ------- SAMPLE 1390 ----------
INSERT INTO GUEST VALUES(2390,'Piedad','Proctor','PProctor@hotmail.com','1234 DaWrong Lane','Flonkerton','MD','12345','279-609-6592');
INSERT INTO RESERVATION VALUES ('20210308QD4660841961906',2390,null,'QD','2021-03-08','2021-03-09',null,'active');
-- ------- SAMPLE 1391 ----------
INSERT INTO GUEST VALUES(2391,'Theodora','Trickey','TTrickey@hotmail.com','1234 DaWrong Lane','Flonkerton','MD','12345','779-548-5223');
INSERT INTO RESERVATION VALUES ('20200322QS2823027437514',2391,202,'QS','2020-03-22','2020-03-23',null,'complete');
INSERT INTO INVOICECHARGE VALUES ('20200322QS2823027437514-ch00001','20200322QS2823027437514','2020-03-22',117.28,'Base room charge');
INSERT INTO PAYMENT VALUES ('20200322QS2823027437514-p00001','20200322QS2823027437514','2020-05-05','CC',43,'Theodora Trickey','4537967678646397',2,2024,74,'Mastercard');
-- ------- SAMPLE 1392 ----------
INSERT INTO GUEST VALUES(2392,'Laraine','Lazar','LLazar@yahoo.com','1234 DaWrong Lane','Flonkerton','MD','12345','786-857-2209');
INSERT INTO RESERVATION VALUES ('20200228QD4626713241220',2392,106,'QD','2020-02-28','2020-03-02',null,'complete');
INSERT INTO INVOICECHARGE VALUES ('20200228QD4626713241220-ch00001','20200228QD4626713241220','2020-02-28',287.86,'Base room charge');
INSERT INTO PAYMENT (payment_id,invoice_id,payment_date,payment_type,payment_amount) VALUES ('20200228QD4626713241220-p00001','20200228QD4626713241220','2020-05-05','CA',287.86);
-- ------- SAMPLE 1393 ----------
INSERT INTO GUEST VALUES(2393,'Luella','Lundstrom','LLundstrom@yahoo.com','1234 DaWrong Lane','Flonkerton','MD','12345','115-971-9936');
INSERT INTO RESERVATION VALUES ('20210117KI4878255733128',2393,null,'KI','2021-01-17','2021-01-21',null,'active');
-- ------- SAMPLE 1394 ----------
INSERT INTO GUEST VALUES(2394,'Tai','Tookes','TTookes@hotmail.com','1234 DaWrong Lane','Flonkerton','MD','12345','740-051-8147');
INSERT INTO RESERVATION VALUES ('20210124QD7388241241370',2394,null,'QD','2021-01-24','2021-01-28',null,'active');
INSERT INTO INVOICECHARGE VALUES ('20210124QD7388241241370-ch00001','20210124QD7388241241370','2021-01-24',383.81,'Base room charge');
INSERT INTO PAYMENT VALUES ('20210124QD7388241241370-p00001','20210124QD7388241241370','2020-05-05','CC',307,'Tai Tookes','8510185098334051',3,2023,395,'Mastercard');
-- ------- SAMPLE 1395 ----------
INSERT INTO GUEST VALUES(2395,'Melony','Mcmartin','MMcmartin@hotmail.com','1234 DaWrong Lane','Flonkerton','MD','12345','950-606-2620');
INSERT INTO RESERVATION VALUES ('20210214QD7376697176071',2395,null,'QD','2021-02-14','2021-02-16',null,'active');
-- ------- SAMPLE 1396 ----------
INSERT INTO GUEST VALUES(2396,'Jamey','Jen','JJen@yahoo.com','1234 DaWrong Lane','Flonkerton','MD','12345','420-448-3234');
INSERT INTO RESERVATION VALUES ('20200415KJ4612859211244',2396,119,'KJ','2020-04-15','2020-04-18',null,'complete');
INSERT INTO INVOICECHARGE VALUES ('20200415KJ4612859211244-ch00001','20200415KJ4612859211244','2020-04-15',274.43,'Base room charge');
INSERT INTO INVOICECHARGE VALUES ('20200415KJ4612859211244-ch00002','20200415KJ4612859211244','2020-04-15',141.37,'Cleaning fee');
INSERT INTO PAYMENT VALUES ('20200415KJ4612859211244-p00001','20200415KJ4612859211244','2020-05-05','CC',415.81,'Jamey Jen','8920928146562146',3,2021,528,'Mastercard');
-- ------- SAMPLE 1397 ----------
INSERT INTO GUEST VALUES(2397,'Delora','Delph','DDelph@yahoo.com','1234 DaWrong Lane','Flonkerton','MD','12345','839-830-0917');
INSERT INTO RESERVATION VALUES ('20200106KS8920080742555',2397,117,'KS','2020-01-06','2020-01-10',null,'complete');
INSERT INTO INVOICECHARGE VALUES ('20200106KS8920080742555-ch00001','20200106KS8920080742555','2020-01-06',426.46,'Base room charge');
INSERT INTO PAYMENT VALUES ('20200106KS8920080742555-p00001','20200106KS8920080742555','2020-05-05','CC',426.46,'Delora Delph','5865576766826804',5,2022,251,'Mastercard');
-- ------- SAMPLE 1398 ----------
INSERT INTO GUEST VALUES(2398,'Buford','Biddy','BBiddy@gmail.com','1234 DaWrong Lane','Flonkerton','MD','12345','018-289-9658');
INSERT INTO RESERVATION VALUES ('20200111KS4813743465171',2398,102,'KS','2020-01-11','2020-01-13',null,'complete');
INSERT INTO INVOICECHARGE VALUES ('20200111KS4813743465171-ch00001','20200111KS4813743465171','2020-01-11',213.23,'Base room charge');
INSERT INTO PAYMENT (payment_id,invoice_id,payment_date,payment_type,payment_amount) VALUES ('20200111KS4813743465171-p00001','20200111KS4813743465171','2020-05-05','CA',213.23);
-- ------- SAMPLE 1399 ----------
INSERT INTO GUEST VALUES(2399,'Dorothea','Dipaolo','DDipaolo@yahoo.com','1234 DaWrong Lane','Flonkerton','MD','12345','780-774-2002');
INSERT INTO RESERVATION VALUES ('20190922KJ3043224110982',2399,114,'KJ','2019-09-22','2019-09-26',null,'complete');
INSERT INTO INVOICECHARGE VALUES ('20190922KJ3043224110982-ch00001','20190922KJ3043224110982','2019-09-22',365.91,'Base room charge');
INSERT INTO INVOICECHARGE VALUES ('20190922KJ3043224110982-ch00002','20190922KJ3043224110982','2019-09-22',188.5,'Cleaning fee');
INSERT INTO PAYMENT VALUES ('20190922KJ3043224110982-p00001','20190922KJ3043224110982','2020-05-05','CC',554.41,'Dorothea Dipaolo','6997754399356435',11,2025,680,'Mastercard');
-- ------- SAMPLE 1400 ----------
INSERT INTO GUEST VALUES(2400,'Joann','Joplin','JJoplin@hotmail.com','1234 DaWrong Lane','Flonkerton','MD','12345','287-043-6459');
INSERT INTO RESERVATION VALUES ('20210224QS8727389279734',2400,null,'QS','2021-02-24','2021-02-26',null,'active');
INSERT INTO INVOICECHARGE VALUES ('20210224QS8727389279734-ch00001','20210224QS8727389279734','2021-02-24',154.81,'Base room charge');
INSERT INTO INVOICECHARGE VALUES ('20210224QS8727389279734-ch00002','20210224QS8727389279734','2021-02-24',79.75,'Room Service');
INSERT INTO PAYMENT VALUES ('20210224QS8727389279734-p00001','20210224QS8727389279734','2020-05-05','CC',234.55,'Joann Joplin','3703809961627130',11,2023,935,'Mastercard');
-- ------- SAMPLE 1401 ----------
INSERT INTO GUEST VALUES(2401,'Len','Linquist','LLinquist@hotmail.com','1234 DaWrong Lane','Flonkerton','MD','12345','476-532-4210');
INSERT INTO RESERVATION VALUES ('20210102KS8233920683374',2401,null,'KS','2021-01-02','2021-01-05',null,'active');
INSERT INTO INVOICECHARGE VALUES ('20210102KS8233920683374-ch00001','20210102KS8233920683374','2021-01-02',211.1,'Base room charge');
INSERT INTO INVOICECHARGE VALUES ('20210102KS8233920683374-ch00002','20210102KS8233920683374','2021-01-02',108.75,'Room Service');
INSERT INTO PAYMENT VALUES ('20210102KS8233920683374-p00001','20210102KS8233920683374','2020-05-05','CC',319.84,'Len Linquist','4290016694848448',3,2022,549,'Mastercard');
-- ------- SAMPLE 1402 ----------
INSERT INTO GUEST VALUES(2402,'Len','Linquist','LLinquist@hotmail.com','1234 DaWrong Lane','Flonkerton','MD','12345','121-395-0163');
INSERT INTO RESERVATION VALUES ('20210319KS9249820927912',2402,null,'KS','2021-03-19','2021-03-20',null,'active');
-- ------- SAMPLE 1403 ----------
INSERT INTO GUEST VALUES(2403,'Tish','Tusing','TTusing@hotmail.com','1234 DaWrong Lane','Flonkerton','MD','12345','817-286-8224');
INSERT INTO RESERVATION VALUES ('20200917KS4563343861783',2403,null,'KS','2020-09-17','2020-09-19',null,'active');
INSERT INTO INVOICECHARGE VALUES ('20200917KS4563343861783-ch00001','20200917KS4563343861783','2020-09-17',213.23,'Base room charge');
INSERT INTO PAYMENT VALUES ('20200917KS4563343861783-p00001','20200917KS4563343861783','2020-05-05','CC',213.23,'Tish Tusing','5048981225751821',6,2024,950,'Mastercard');
-- ------- SAMPLE 1404 ----------
INSERT INTO GUEST VALUES(2404,'Willian','Wiest','WWiest@hotmail.com','1234 DaWrong Lane','Flonkerton','MD','12345','958-138-2602');
INSERT INTO RESERVATION VALUES ('20200302KI4979577173196',2404,110,'KI','2020-03-02','2020-03-05',null,'complete');
INSERT INTO INVOICECHARGE VALUES ('20200302KI4979577173196-ch00001','20200302KI4979577173196','2020-03-02',255.87,'Base room charge');
INSERT INTO PAYMENT VALUES ('20200302KI4979577173196-p00001','20200302KI4979577173196','2020-05-05','CC',255.87,'Willian Wiest','1314118243895169',10,2027,425,'Mastercard');
-- ------- SAMPLE 1405 ----------
INSERT INTO GUEST VALUES(2405,'Kathern','Korn','KKorn@hotmail.com','1234 DaWrong Lane','Flonkerton','MD','12345','717-262-6702');
INSERT INTO RESERVATION VALUES ('20200329KI5326818054268',2405,115,'KI','2020-03-29','2020-04-02',null,'complete');
INSERT INTO INVOICECHARGE VALUES ('20200329KI5326818054268-ch00001','20200329KI5326818054268','2020-03-29',225.16,'Base room charge');
INSERT INTO INVOICECHARGE VALUES ('20200329KI5326818054268-ch00002','20200329KI5326818054268','2020-03-29',115.99,'Cleaning fee');
INSERT INTO PAYMENT (payment_id,invoice_id,payment_date,payment_type,payment_amount) VALUES ('20200329KI5326818054268-p00001','20200329KI5326818054268','2020-05-05','CA',341.16);
-- ------- SAMPLE 1406 ----------
INSERT INTO GUEST VALUES(2406,'Audrey','Aikens','AAikens@hotmail.com','1234 DaWrong Lane','Flonkerton','MD','12345','741-282-0127');
INSERT INTO RESERVATION VALUES ('20190627KJ6619411906419',2406,203,'KJ','2019-06-27','2019-06-28',null,'complete');
INSERT INTO INVOICECHARGE VALUES ('20190627KJ6619411906419-ch00001','20190627KJ6619411906419','2019-06-27',91.48,'Base room charge');
INSERT INTO INVOICECHARGE VALUES ('20190627KJ6619411906419-ch00002','20190627KJ6619411906419','2019-06-27',47.12,'Cleaning fee');
INSERT INTO PAYMENT VALUES ('20190627KJ6619411906419-p00001','20190627KJ6619411906419','2020-05-05','CC',138.6,'Audrey Aikens','3616457278800171',1,2022,207,'Mastercard');
-- ------- SAMPLE 1407 ----------
INSERT INTO GUEST VALUES(2407,'Buffy','Beattie','BBeattie@gmail.com','1234 DaWrong Lane','Flonkerton','MD','12345','238-854-8444');
INSERT INTO RESERVATION VALUES ('20191012QD7882395949394',2407,116,'QD','2019-10-12','2019-10-15',null,'complete');
-- ------- SAMPLE 1408 ----------
INSERT INTO GUEST VALUES(2408,'Liliana','Lueck','LLueck@yahoo.com','1234 DaWrong Lane','Flonkerton','MD','12345','507-431-1469');
INSERT INTO RESERVATION VALUES ('20200403KI5934505874319',2408,204,'KI','2020-04-03','2020-04-06',null,'complete');
-- ------- SAMPLE 1409 ----------
INSERT INTO GUEST VALUES(2409,'Malia','Molden','MMolden@hotmail.com','1234 DaWrong Lane','Flonkerton','MD','12345','379-388-9344');
INSERT INTO RESERVATION VALUES ('20201023QD5956783867645',2409,null,'QD','2020-10-23','2020-10-25',null,'cancelled');
INSERT INTO INVOICECHARGE VALUES ('20201023QD5956783867645-ch00001','20201023QD5956783867645','2020-10-23',191.9,'Base room charge');
INSERT INTO PAYMENT VALUES ('20201023QD5956783867645-p00001','20201023QD5956783867645','2020-05-05','CC',188,'Malia Molden','5580454934927237',12,2027,553,'Mastercard');
-- ------- SAMPLE 1410 ----------
INSERT INTO GUEST VALUES(2410,'Collin','Chaparro','CChaparro@hotmail.com','1234 DaWrong Lane','Flonkerton','MD','12345','745-023-1594');
INSERT INTO RESERVATION VALUES ('20200330KJ6710160578275',2410,104,'KJ','2020-03-30','2020-03-31',null,'complete');
INSERT INTO INVOICECHARGE VALUES ('20200330KJ6710160578275-ch00001','20200330KJ6710160578275','2020-03-30',138.6,'Base room charge');
INSERT INTO PAYMENT (payment_id,invoice_id,payment_date,payment_type,payment_amount) VALUES ('20200330KJ6710160578275-p00001','20200330KJ6710160578275','2020-05-05','CA',122);
-- ------- SAMPLE 1411 ----------
INSERT INTO GUEST VALUES(2411,'Deandre','Defore','DDefore@gmail.com','1234 DaWrong Lane','Flonkerton','MD','12345','654-351-4540');
INSERT INTO RESERVATION VALUES ('20210104KI1914417293552',2411,null,'KI','2021-01-04','2021-01-08',null,'active');
-- ------- SAMPLE 1412 ----------
INSERT INTO GUEST VALUES(2412,'Randal','Rohman','RRohman@gmail.com','1234 DaWrong Lane','Flonkerton','MD','12345','856-458-0548');
INSERT INTO RESERVATION VALUES ('20200714KJ6998824534381',2412,null,'KJ','2020-07-14','2020-07-15',null,'active');
INSERT INTO INVOICECHARGE VALUES ('20200714KJ6998824534381-ch00001','20200714KJ6998824534381','2020-07-14',91.48,'Base room charge');
INSERT INTO INVOICECHARGE VALUES ('20200714KJ6998824534381-ch00002','20200714KJ6998824534381','2020-07-14',47.12,'Cleaning fee');
INSERT INTO PAYMENT VALUES ('20200714KJ6998824534381-p00001','20200714KJ6998824534381','2020-05-05','CC',138.6,'Randal Rohman','5570798498079153',4,2027,27,'Mastercard');
-- ------- SAMPLE 1413 ----------
INSERT INTO GUEST VALUES(2413,'Lillia','Linen','LLinen@hotmail.com','1234 DaWrong Lane','Flonkerton','MD','12345','313-055-6300');
INSERT INTO RESERVATION VALUES ('20190520KJ1437269700371',2413,208,'KJ','2019-05-20','2019-05-23',null,'cancelled');
-- ------- SAMPLE 1414 ----------
INSERT INTO GUEST VALUES(2414,'Ella','Evanoff','EEvanoff@gmail.com','1234 DaWrong Lane','Flonkerton','MD','12345','735-145-7684');
INSERT INTO RESERVATION VALUES ('20200420QS5843360902127',2414,207,'QS','2020-04-20','2020-04-23',null,'complete');
-- ------- SAMPLE 1415 ----------
INSERT INTO GUEST VALUES(2415,'Fleta','Fickel','FFickel@gmail.com','1234 DaWrong Lane','Flonkerton','MD','12345','363-056-3415');
INSERT INTO RESERVATION VALUES ('20191212KS7557210985840',2415,206,'KS','2019-12-12','2019-12-15',null,'complete');
INSERT INTO INVOICECHARGE VALUES ('20191212KS7557210985840-ch00001','20191212KS7557210985840','2019-12-12',319.84,'Base room charge');
INSERT INTO PAYMENT (payment_id,invoice_id,payment_date,payment_type,payment_amount) VALUES ('20191212KS7557210985840-p00001','20191212KS7557210985840','2020-05-05','CA',319.84);
-- ------- SAMPLE 1416 ----------
INSERT INTO GUEST VALUES(2416,'Lakenya','Langston','LLangston@gmail.com','1234 DaWrong Lane','Flonkerton','MD','12345','816-938-8460');
INSERT INTO RESERVATION VALUES ('20191129KS4851721966102',2416,117,'KS','2019-11-29','2019-11-30',null,'complete');
-- ------- SAMPLE 1417 ----------
INSERT INTO GUEST VALUES(2417,'Delsie','Delong','DDelong@gmail.com','1234 DaWrong Lane','Flonkerton','MD','12345','018-319-3388');
INSERT INTO RESERVATION VALUES ('20200607KS1887754586374',2417,null,'KS','2020-06-07','2020-06-12',null,'active');
-- ------- SAMPLE 1418 ----------
INSERT INTO GUEST VALUES(2418,'Shena','Sandoz','SSandoz@gmail.com','1234 DaWrong Lane','Flonkerton','MD','12345','769-642-0042');
INSERT INTO RESERVATION VALUES ('20190921QD2294321916572',2418,101,'QD','2019-09-21','2019-09-25',null,'complete');
INSERT INTO INVOICECHARGE VALUES ('20190921QD2294321916572-ch00001','20190921QD2294321916572','2019-09-21',383.81,'Base room charge');
INSERT INTO PAYMENT VALUES ('20190921QD2294321916572-p00001','20190921QD2294321916572','2020-05-05','CC',178,'Shena Sandoz','3115451052062508',8,2024,755,'Mastercard');
-- ------- SAMPLE 1419 ----------
INSERT INTO GUEST VALUES(2419,'Demarcus','Dearborn','DDearborn@hotmail.com','1234 DaWrong Lane','Flonkerton','MD','12345','560-387-9700');
INSERT INTO RESERVATION VALUES ('20191108QS7229555914849',2419,108,'QS','2019-11-08','2019-11-12',null,'cancelled');
INSERT INTO INVOICECHARGE VALUES ('20191108QS7229555914849-ch00001','20191108QS7229555914849','2019-11-08',309.61,'Base room charge');
INSERT INTO INVOICECHARGE VALUES ('20191108QS7229555914849-ch00002','20191108QS7229555914849','2019-11-08',159.5,'Room Service');
INSERT INTO PAYMENT VALUES ('20191108QS7229555914849-p00001','20191108QS7229555914849','2020-05-05','CC',469.11,'Demarcus Dearborn','5232939154985292',1,2023,66,'Mastercard');
-- ------- SAMPLE 1420 ----------
INSERT INTO GUEST VALUES(2420,'Theodora','Trickey','TTrickey@gmail.com','1234 DaWrong Lane','Flonkerton','MD','12345','254-377-3669');
INSERT INTO RESERVATION VALUES ('20191215KI9263285153484',2420,110,'KI','2019-12-15','2019-12-17',null,'complete');
INSERT INTO INVOICECHARGE VALUES ('20191215KI9263285153484-ch00001','20191215KI9263285153484','2019-12-15',112.58,'Base room charge');
INSERT INTO INVOICECHARGE VALUES ('20191215KI9263285153484-ch00002','20191215KI9263285153484','2019-12-15',58,'Room Service');
INSERT INTO PAYMENT VALUES ('20191215KI9263285153484-p00001','20191215KI9263285153484','2020-05-05','CC',170.58,'Theodora Trickey','4238214836934051',4,2024,336,'Mastercard');
-- ------- SAMPLE 1421 ----------
INSERT INTO GUEST VALUES(2421,'Kasey','Kipp','KKipp@hotmail.com','1234 DaWrong Lane','Flonkerton','MD','12345','785-309-2548');
INSERT INTO RESERVATION VALUES ('20201214QD9305413634770',2421,null,'QD','2020-12-14','2020-12-19',null,'active');
INSERT INTO INVOICECHARGE VALUES ('20201214QD9305413634770-ch00001','20201214QD9305413634770','2020-12-14',479.76,'Base room charge');
INSERT INTO PAYMENT VALUES ('20201214QD9305413634770-p00001','20201214QD9305413634770','2020-05-05','CC',18,'Kasey Kipp','6466596940219050',6,2026,78,'Mastercard');
-- ------- SAMPLE 1422 ----------
INSERT INTO GUEST VALUES(2422,'Jammie','Jo','JJo@hotmail.com','1234 DaWrong Lane','Flonkerton','MD','12345','625-881-9484');
INSERT INTO RESERVATION VALUES ('20190606KJ5678894171624',2422,119,'KJ','2019-06-06','2019-06-09',null,'complete');
-- ------- SAMPLE 1423 ----------
INSERT INTO GUEST VALUES(2423,'James','Janey','JJaney@hotmail.com','1234 DaWrong Lane','Flonkerton','MD','12345','872-000-8169');
INSERT INTO RESERVATION VALUES ('20200206QS4988414260914',2423,202,'QS','2020-02-06','2020-02-08',null,'complete');
-- ------- SAMPLE 1424 ----------
INSERT INTO GUEST VALUES(2424,'Erminia','Eckard','EEckard@hotmail.com','1234 DaWrong Lane','Flonkerton','MD','12345','404-487-4572');
INSERT INTO RESERVATION VALUES ('20200213KI8907594164885',2424,115,'KI','2020-02-13','2020-02-16',null,'complete');
INSERT INTO INVOICECHARGE VALUES ('20200213KI8907594164885-ch00001','20200213KI8907594164885','2020-02-13',168.87,'Base room charge');
INSERT INTO INVOICECHARGE VALUES ('20200213KI8907594164885-ch00002','20200213KI8907594164885','2020-02-13',87,'Room Service');
INSERT INTO PAYMENT VALUES ('20200213KI8907594164885-p00001','20200213KI8907594164885','2020-05-05','CC',255.87,'Erminia Eckard','6937269189302398',8,2027,17,'Mastercard');
-- ------- SAMPLE 1425 ----------
INSERT INTO GUEST VALUES(2425,'Kaley','Kilmon','KKilmon@gmail.com','1234 DaWrong Lane','Flonkerton','MD','12345','503-297-4827');
INSERT INTO RESERVATION VALUES ('20201125QS1476550442235',2425,null,'QS','2020-11-25','2020-11-26',null,'active');
-- ------- SAMPLE 1426 ----------
INSERT INTO GUEST VALUES(2426,'Ella','Evanoff','EEvanoff@gmail.com','1234 DaWrong Lane','Flonkerton','MD','12345','348-520-3800');
INSERT INTO RESERVATION VALUES ('20200214KJ1990434930065',2426,208,'KJ','2020-02-14','2020-02-16',null,'complete');
-- ------- SAMPLE 1427 ----------
INSERT INTO GUEST VALUES(2427,'Jammie','Jo','JJo@gmail.com','1234 DaWrong Lane','Flonkerton','MD','12345','429-343-9756');
INSERT INTO RESERVATION VALUES ('20210207KI9040466758539',2427,null,'KI','2021-02-07','2021-02-10',null,'active');
-- ------- SAMPLE 1428 ----------
INSERT INTO GUEST VALUES(2428,'Asa','Allan','AAllan@yahoo.com','1234 DaWrong Lane','Flonkerton','MD','12345','341-509-5088');
INSERT INTO RESERVATION VALUES ('20191129KJ5984614969643',2428,104,'KJ','2019-11-29','2019-12-04',null,'complete');
-- ------- SAMPLE 1429 ----------
INSERT INTO GUEST VALUES(2429,'Pearlene','Priestly','PPriestly@gmail.com','1234 DaWrong Lane','Flonkerton','MD','12345','143-987-7736');
INSERT INTO RESERVATION VALUES ('20191120QD8848759044841',2429,111,'QD','2019-11-20','2019-11-23',null,'complete');
INSERT INTO INVOICECHARGE VALUES ('20191120QD8848759044841-ch00001','20191120QD8848759044841','2019-11-20',189.98,'Base room charge');
INSERT INTO INVOICECHARGE VALUES ('20191120QD8848759044841-ch00002','20191120QD8848759044841','2019-11-20',97.87,'Room Service');
INSERT INTO PAYMENT VALUES ('20191120QD8848759044841-p00001','20191120QD8848759044841','2020-05-05','CC',76,'Pearlene Priestly','9332098140426643',6,2026,822,'Mastercard');
-- ------- SAMPLE 1430 ----------
INSERT INTO GUEST VALUES(2430,'Antwan','Albury','AAlbury@hotmail.com','1234 DaWrong Lane','Flonkerton','MD','12345','810-911-7197');
INSERT INTO RESERVATION VALUES ('20200120QD6842672649161',2430,116,'QD','2020-01-20','2020-01-25',null,'complete');
INSERT INTO INVOICECHARGE VALUES ('20200120QD6842672649161-ch00001','20200120QD6842672649161','2020-01-20',479.76,'Base room charge');
INSERT INTO PAYMENT (payment_id,invoice_id,payment_date,payment_type,payment_amount) VALUES ('20200120QD6842672649161-p00001','20200120QD6842672649161','2020-05-05','CA',479.76);
-- ------- SAMPLE 1431 ----------
INSERT INTO GUEST VALUES(2431,'Danette','Dammann','DDammann@yahoo.com','1234 DaWrong Lane','Flonkerton','MD','12345','729-337-6533');
INSERT INTO RESERVATION VALUES ('20190515QD2238869442302',2431,111,'QD','2019-05-15','2019-05-20',null,'cancelled');
-- ------- SAMPLE 1432 ----------
INSERT INTO GUEST VALUES(2432,'Deangelo','Deloera','DDeloera@gmail.com','1234 DaWrong Lane','Flonkerton','MD','12345','579-418-7216');
INSERT INTO RESERVATION VALUES ('20200822QD8375336295913',2432,null,'QD','2020-08-22','2020-08-27',null,'active');
-- ------- SAMPLE 1433 ----------
INSERT INTO GUEST VALUES(2433,'Shonda','Schult','SSchult@yahoo.com','1234 DaWrong Lane','Flonkerton','MD','12345','220-365-7746');
INSERT INTO RESERVATION VALUES ('20190717KI9735907282290',2433,110,'KI','2019-07-17','2019-07-22',null,'complete');
INSERT INTO INVOICECHARGE VALUES ('20190717KI9735907282290-ch00001','20190717KI9735907282290','2019-07-17',281.45,'Base room charge');
INSERT INTO INVOICECHARGE VALUES ('20190717KI9735907282290-ch00002','20190717KI9735907282290','2019-07-17',144.99,'Cleaning fee');
INSERT INTO PAYMENT VALUES ('20190717KI9735907282290-p00001','20190717KI9735907282290','2020-05-05','CC',57,'Shonda Schult','1537893192927124',7,2024,838,'Mastercard');
-- ------- SAMPLE 1434 ----------
INSERT INTO GUEST VALUES(2434,'Liliana','Lueck','LLueck@hotmail.com','1234 DaWrong Lane','Flonkerton','MD','12345','686-910-6104');
INSERT INTO RESERVATION VALUES ('20200119KJ5853439371702',2434,114,'KJ','2020-01-19','2020-01-23',null,'complete');
INSERT INTO INVOICECHARGE VALUES ('20200119KJ5853439371702-ch00001','20200119KJ5853439371702','2020-01-19',554.41,'Base room charge');
INSERT INTO PAYMENT VALUES ('20200119KJ5853439371702-p00001','20200119KJ5853439371702','2020-05-05','CC',554.41,'Liliana Lueck','7073068300478868',11,2022,872,'Mastercard');
-- ------- SAMPLE 1435 ----------
INSERT INTO GUEST VALUES(2435,'Joann','Joplin','JJoplin@yahoo.com','1234 DaWrong Lane','Flonkerton','MD','12345','608-430-3113');
INSERT INTO RESERVATION VALUES ('20190515KS4050568702609',2435,112,'KS','2019-05-15','2019-05-17',null,'complete');
INSERT INTO INVOICECHARGE VALUES ('20190515KS4050568702609-ch00001','20190515KS4050568702609','2019-05-15',140.73,'Base room charge');
INSERT INTO INVOICECHARGE VALUES ('20190515KS4050568702609-ch00002','20190515KS4050568702609','2019-05-15',72.5,'Room Service');
INSERT INTO PAYMENT VALUES ('20190515KS4050568702609-p00001','20190515KS4050568702609','2020-05-05','CC',213.23,'Joann Joplin','3081657790365324',12,2027,575,'Mastercard');
-- ------- SAMPLE 1436 ----------
INSERT INTO GUEST VALUES(2436,'Shenna','Salmi','SSalmi@hotmail.com','1234 DaWrong Lane','Flonkerton','MD','12345','624-769-1082');
INSERT INTO RESERVATION VALUES ('20210321KS6049806949479',2436,null,'KS','2021-03-21','2021-03-22',null,'active');
INSERT INTO INVOICECHARGE VALUES ('20210321KS6049806949479-ch00001','20210321KS6049806949479','2021-03-21',106.61,'Base room charge');
INSERT INTO PAYMENT VALUES ('20210321KS6049806949479-p00001','20210321KS6049806949479','2020-05-05','CC',106.61,'Shenna Salmi','7845267144519726',2,2023,414,'Mastercard');
-- ------- SAMPLE 1437 ----------
INSERT INTO GUEST VALUES(2437,'Eda','Elmendorf','EElmendorf@yahoo.com','1234 DaWrong Lane','Flonkerton','MD','12345','704-302-8078');
INSERT INTO RESERVATION VALUES ('20210430KJ6285205441599',2437,null,'KJ','2021-04-30','2021-05-01',null,'active');
-- ------- SAMPLE 1438 ----------
INSERT INTO GUEST VALUES(2438,'Abram','Adolph','AAdolph@hotmail.com','1234 DaWrong Lane','Flonkerton','MD','12345','923-885-3993');
INSERT INTO RESERVATION VALUES ('20200605KJ4597689630989',2438,null,'KJ','2020-06-05','2020-06-06',null,'active');
INSERT INTO INVOICECHARGE VALUES ('20200605KJ4597689630989-ch00001','20200605KJ4597689630989','2020-06-05',91.48,'Base room charge');
INSERT INTO INVOICECHARGE VALUES ('20200605KJ4597689630989-ch00002','20200605KJ4597689630989','2020-06-05',47.12,'Room Service');
INSERT INTO PAYMENT VALUES ('20200605KJ4597689630989-p00001','20200605KJ4597689630989','2020-05-05','CC',138.6,'Abram Adolph','3729142389169402',8,2021,416,'Mastercard');
-- ------- SAMPLE 1439 ----------
INSERT INTO GUEST VALUES(2439,'Deangelo','Deloera','DDeloera@yahoo.com','1234 DaWrong Lane','Flonkerton','MD','12345','179-464-9103');
INSERT INTO RESERVATION VALUES ('20210316KI6163693993358',2439,null,'KI','2021-03-16','2021-03-19',null,'active');
-- ------- SAMPLE 1440 ----------
INSERT INTO GUEST VALUES(2440,'Heather','Hartin','HHartin@hotmail.com','1234 DaWrong Lane','Flonkerton','MD','12345','936-272-7549');
INSERT INTO RESERVATION VALUES ('20191128KJ6605195835402',2440,203,'KJ','2019-11-28','2019-12-02',null,'complete');
INSERT INTO INVOICECHARGE VALUES ('20191128KJ6605195835402-ch00001','20191128KJ6605195835402','2019-11-28',554.41,'Base room charge');
INSERT INTO PAYMENT VALUES ('20191128KJ6605195835402-p00001','20191128KJ6605195835402','2020-05-05','CC',554.41,'Heather Hartin','4692938259825171',8,2023,412,'Mastercard');
-- ------- SAMPLE 1441 ----------
INSERT INTO GUEST VALUES(2441,'Dane','Dumond','DDumond@yahoo.com','1234 DaWrong Lane','Flonkerton','MD','12345','534-448-8275');
INSERT INTO RESERVATION VALUES ('20201115QS3884383030180',2441,null,'QS','2020-11-15','2020-11-16',null,'cancelled');
INSERT INTO INVOICECHARGE VALUES ('20201115QS3884383030180-ch00001','20201115QS3884383030180','2020-11-15',77.4,'Base room charge');
INSERT INTO INVOICECHARGE VALUES ('20201115QS3884383030180-ch00002','20201115QS3884383030180','2020-11-15',39.87,'Room Service');
INSERT INTO PAYMENT VALUES ('20201115QS3884383030180-p00001','20201115QS3884383030180','2020-05-05','CC',59,'Dane Dumond','2444187375313809',3,2027,959,'Mastercard');
-- ------- SAMPLE 1442 ----------
INSERT INTO GUEST VALUES(2442,'Hedwig','Hinz','HHinz@gmail.com','1234 DaWrong Lane','Flonkerton','MD','12345','916-006-4717');
INSERT INTO RESERVATION VALUES ('20190918QD6741833336848',2442,116,'QD','2019-09-18','2019-09-20',null,'complete');
INSERT INTO INVOICECHARGE VALUES ('20190918QD6741833336848-ch00001','20190918QD6741833336848','2019-09-18',191.9,'Base room charge');
INSERT INTO PAYMENT VALUES ('20190918QD6741833336848-p00001','20190918QD6741833336848','2020-05-05','CC',191.9,'Hedwig Hinz','9017133096661313',11,2023,782,'Mastercard');
-- ------- SAMPLE 1443 ----------
INSERT INTO GUEST VALUES(2443,'Vicky','Vanderhoff','VVanderhoff@gmail.com','1234 DaWrong Lane','Flonkerton','MD','12345','396-654-9869');
INSERT INTO RESERVATION VALUES ('20200824QS5349335164732',2443,null,'QS','2020-08-24','2020-08-28',null,'active');
INSERT INTO INVOICECHARGE VALUES ('20200824QS5349335164732-ch00001','20200824QS5349335164732','2020-08-24',309.61,'Base room charge');
INSERT INTO INVOICECHARGE VALUES ('20200824QS5349335164732-ch00002','20200824QS5349335164732','2020-08-24',159.5,'Room Service');
INSERT INTO PAYMENT (payment_id,invoice_id,payment_date,payment_type,payment_amount) VALUES ('20200824QS5349335164732-p00001','20200824QS5349335164732','2020-05-05','CA',370);
-- ------- SAMPLE 1444 ----------
INSERT INTO GUEST VALUES(2444,'Rick','Ritenour','RRitenour@yahoo.com','1234 DaWrong Lane','Flonkerton','MD','12345','980-145-3959');
INSERT INTO RESERVATION VALUES ('20200126QS8674765187783',2444,207,'QS','2020-01-26','2020-01-29',null,'complete');
INSERT INTO INVOICECHARGE VALUES ('20200126QS8674765187783-ch00001','20200126QS8674765187783','2020-01-26',232.21,'Base room charge');
INSERT INTO INVOICECHARGE VALUES ('20200126QS8674765187783-ch00002','20200126QS8674765187783','2020-01-26',119.62,'Room Service');
INSERT INTO PAYMENT (payment_id,invoice_id,payment_date,payment_type,payment_amount) VALUES ('20200126QS8674765187783-p00001','20200126QS8674765187783','2020-05-05','CA',314);
-- ------- SAMPLE 1445 ----------
INSERT INTO GUEST VALUES(2445,'Abram','Adolph','AAdolph@gmail.com','1234 DaWrong Lane','Flonkerton','MD','12345','832-050-2937');
INSERT INTO RESERVATION VALUES ('20200726QD2082075398004',2445,null,'QD','2020-07-26','2020-07-28',null,'active');
-- ------- SAMPLE 1446 ----------
INSERT INTO GUEST VALUES(2446,'Stacie','Schupp','SSchupp@gmail.com','1234 DaWrong Lane','Flonkerton','MD','12345','538-897-4004');
INSERT INTO RESERVATION VALUES ('20200723KS7603504651312',2446,null,'KS','2020-07-23','2020-07-24',null,'active');
-- ------- SAMPLE 1447 ----------
INSERT INTO GUEST VALUES(2447,'Buffy','Beattie','BBeattie@hotmail.com','1234 DaWrong Lane','Flonkerton','MD','12345','464-953-0427');
INSERT INTO RESERVATION VALUES ('20201119QD8206066867341',2447,null,'QD','2020-11-19','2020-11-24',null,'active');
-- ------- SAMPLE 1448 ----------
INSERT INTO GUEST VALUES(2448,'Heather','Hartin','HHartin@yahoo.com','1234 DaWrong Lane','Flonkerton','MD','12345','327-940-1799');
INSERT INTO RESERVATION VALUES ('20191016QS8645026548764',2448,118,'QS','2019-10-16','2019-10-18',null,'complete');
INSERT INTO INVOICECHARGE VALUES ('20191016QS8645026548764-ch00001','20191016QS8645026548764','2019-10-16',154.81,'Base room charge');
INSERT INTO INVOICECHARGE VALUES ('20191016QS8645026548764-ch00002','20191016QS8645026548764','2019-10-16',79.75,'Cleaning fee');
INSERT INTO PAYMENT VALUES ('20191016QS8645026548764-p00001','20191016QS8645026548764','2020-05-05','CC',234.55,'Heather Hartin','8109050172762022',7,2023,409,'Mastercard');
-- ------- SAMPLE 1449 ----------
INSERT INTO GUEST VALUES(2449,'Shandi','Scharf','SScharf@gmail.com','1234 DaWrong Lane','Flonkerton','MD','12345','505-670-4020');
INSERT INTO RESERVATION VALUES ('20201022QS2906222210392',2449,null,'QS','2020-10-22','2020-10-24',null,'active');
-- ------- SAMPLE 1450 ----------
INSERT INTO GUEST VALUES(2450,'Darrin','Drum','DDrum@gmail.com','1234 DaWrong Lane','Flonkerton','MD','12345','833-918-9612');
INSERT INTO RESERVATION VALUES ('20200621QS6174544228413',2450,null,'QS','2020-06-21','2020-06-22',null,'active');
-- ------- SAMPLE 1451 ----------
INSERT INTO GUEST VALUES(2451,'Rick','Ritenour','RRitenour@gmail.com','1234 DaWrong Lane','Flonkerton','MD','12345','975-993-5070');
INSERT INTO RESERVATION VALUES ('20200925KI7237982068277',2451,null,'KI','2020-09-25','2020-09-27',null,'active');
-- ------- SAMPLE 1452 ----------
INSERT INTO GUEST VALUES(2452,'Audrey','Aikens','AAikens@gmail.com','1234 DaWrong Lane','Flonkerton','MD','12345','172-801-7483');
INSERT INTO RESERVATION VALUES ('20191215KS4773078428668',2452,102,'KS','2019-12-15','2019-12-19',null,'cancelled');
INSERT INTO INVOICECHARGE VALUES ('20191215KS4773078428668-ch00001','20191215KS4773078428668','2019-12-15',281.46,'Base room charge');
INSERT INTO INVOICECHARGE VALUES ('20191215KS4773078428668-ch00002','20191215KS4773078428668','2019-12-15',145,'Cleaning fee');
INSERT INTO PAYMENT VALUES ('20191215KS4773078428668-p00001','20191215KS4773078428668','2020-05-05','CC',76,'Audrey Aikens','7157228313227660',6,2024,36,'Mastercard');
-- ------- SAMPLE 1453 ----------
INSERT INTO GUEST VALUES(2453,'Kerstin','Khalaf','KKhalaf@yahoo.com','1234 DaWrong Lane','Flonkerton','MD','12345','155-539-9021');
INSERT INTO RESERVATION VALUES ('20200717KI3263888190621',2453,null,'KI','2020-07-17','2020-07-19',null,'active');
-- ------- SAMPLE 1454 ----------
INSERT INTO GUEST VALUES(2454,'Lillia','Linen','LLinen@hotmail.com','1234 DaWrong Lane','Flonkerton','MD','12345','386-591-9027');
INSERT INTO RESERVATION VALUES ('20200502KI4653884469736',2454,120,'KI','2020-05-02','2020-05-05',null,'complete');
-- ------- SAMPLE 1455 ----------
INSERT INTO GUEST VALUES(2455,'Heather','Hartin','HHartin@yahoo.com','1234 DaWrong Lane','Flonkerton','MD','12345','004-960-3837');
INSERT INTO RESERVATION VALUES ('20200302QD2641997141765',2455,116,'QD','2020-03-02','2020-03-07',null,'complete');
INSERT INTO INVOICECHARGE VALUES ('20200302QD2641997141765-ch00001','20200302QD2641997141765','2020-03-02',479.76,'Base room charge');
INSERT INTO PAYMENT VALUES ('20200302QD2641997141765-p00001','20200302QD2641997141765','2020-05-05','CC',479.76,'Heather Hartin','8534302132617528',5,2021,880,'Mastercard');
-- ------- SAMPLE 1456 ----------
INSERT INTO GUEST VALUES(2456,'Georgianne','Guadarrama','GGuadarrama@yahoo.com','1234 DaWrong Lane','Flonkerton','MD','12345','453-770-8065');
INSERT INTO RESERVATION VALUES ('20201113KI4710524938634',2456,null,'KI','2020-11-13','2020-11-16',null,'active');
-- ------- SAMPLE 1457 ----------
INSERT INTO GUEST VALUES(2457,'Mario','Macdowell','MMacdowell@yahoo.com','1234 DaWrong Lane','Flonkerton','MD','12345','345-291-2872');
INSERT INTO RESERVATION VALUES ('20190611QS1082120044384',2457,207,'QS','2019-06-11','2019-06-12',null,'complete');
INSERT INTO INVOICECHARGE VALUES ('20190611QS1082120044384-ch00001','20190611QS1082120044384','2019-06-11',117.28,'Base room charge');
INSERT INTO PAYMENT VALUES ('20190611QS1082120044384-p00001','20190611QS1082120044384','2020-05-05','CC',117.28,'Mario Macdowell','2576127528796235',9,2027,939,'Mastercard');
-- ------- SAMPLE 1458 ----------
INSERT INTO GUEST VALUES(2458,'Kerstin','Khalaf','KKhalaf@yahoo.com','1234 DaWrong Lane','Flonkerton','MD','12345','593-562-0441');
INSERT INTO RESERVATION VALUES ('20201224KJ9403843638182',2458,null,'KJ','2020-12-24','2020-12-26',null,'active');
INSERT INTO INVOICECHARGE VALUES ('20201224KJ9403843638182-ch00001','20201224KJ9403843638182','2020-12-24',182.95,'Base room charge');
INSERT INTO INVOICECHARGE VALUES ('20201224KJ9403843638182-ch00002','20201224KJ9403843638182','2020-12-24',94.25,'Room Service');
INSERT INTO PAYMENT VALUES ('20201224KJ9403843638182-p00001','20201224KJ9403843638182','2020-05-05','CC',252,'Kerstin Khalaf','7916834430995350',2,2026,962,'Mastercard');
-- ------- SAMPLE 1459 ----------
INSERT INTO GUEST VALUES(2459,'Adrianna','Aungst','AAungst@yahoo.com','1234 DaWrong Lane','Flonkerton','MD','12345','403-564-3215');
INSERT INTO RESERVATION VALUES ('20200508KJ5769955499573',2459,null,'KJ','2020-05-08','2020-05-13',null,'active');
INSERT INTO INVOICECHARGE VALUES ('20200508KJ5769955499573-ch00001','20200508KJ5769955499573','2020-05-08',693.01,'Base room charge');
INSERT INTO PAYMENT VALUES ('20200508KJ5769955499573-p00001','20200508KJ5769955499573','2020-05-05','CC',693.01,'Adrianna Aungst','5726222492915033',4,2023,515,'Mastercard');
-- ------- SAMPLE 1460 ----------
INSERT INTO GUEST VALUES(2460,'Lorean','Loden','LLoden@gmail.com','1234 DaWrong Lane','Flonkerton','MD','12345','501-470-3961');
INSERT INTO RESERVATION VALUES ('20200902QD8937151841594',2460,null,'QD','2020-09-02','2020-09-07',null,'active');
INSERT INTO INVOICECHARGE VALUES ('20200902QD8937151841594-ch00001','20200902QD8937151841594','2020-09-02',316.64,'Base room charge');
INSERT INTO INVOICECHARGE VALUES ('20200902QD8937151841594-ch00002','20200902QD8937151841594','2020-09-02',163.12,'Cleaning fee');
INSERT INTO PAYMENT VALUES ('20200902QD8937151841594-p00001','20200902QD8937151841594','2020-05-05','CC',78,'Lorean Loden','6489208922269484',12,2022,487,'Mastercard');
-- ------- SAMPLE 1461 ----------
INSERT INTO GUEST VALUES(2461,'Rosemarie','Roeser','RRoeser@gmail.com','1234 DaWrong Lane','Flonkerton','MD','12345','541-821-7582');
INSERT INTO RESERVATION VALUES ('20190605KS1778082531329',2461,102,'KS','2019-06-05','2019-06-10',null,'complete');
INSERT INTO INVOICECHARGE VALUES ('20190605KS1778082531329-ch00001','20190605KS1778082531329','2019-06-05',533.07,'Base room charge');
INSERT INTO PAYMENT VALUES ('20190605KS1778082531329-p00001','20190605KS1778082531329','2020-05-05','CC',533.07,'Rosemarie Roeser','8867802383310295',9,2022,938,'Mastercard');
-- ------- SAMPLE 1462 ----------
INSERT INTO GUEST VALUES(2462,'Boris','Berner','BBerner@gmail.com','1234 DaWrong Lane','Flonkerton','MD','12345','512-313-6874');
INSERT INTO RESERVATION VALUES ('20191209QD7187597545576',2462,116,'QD','2019-12-09','2019-12-11',null,'complete');
-- ------- SAMPLE 1463 ----------
INSERT INTO GUEST VALUES(2463,'Len','Linquist','LLinquist@yahoo.com','1234 DaWrong Lane','Flonkerton','MD','12345','613-520-1034');
INSERT INTO RESERVATION VALUES ('20201128KS6306362802067',2463,null,'KS','2020-11-28','2020-11-30',null,'active');
INSERT INTO INVOICECHARGE VALUES ('20201128KS6306362802067-ch00001','20201128KS6306362802067','2020-11-28',140.73,'Base room charge');
INSERT INTO INVOICECHARGE VALUES ('20201128KS6306362802067-ch00002','20201128KS6306362802067','2020-11-28',72.5,'Room Service');
INSERT INTO PAYMENT (payment_id,invoice_id,payment_date,payment_type,payment_amount) VALUES ('20201128KS6306362802067-p00001','20201128KS6306362802067','2020-05-05','CA',213.23);
-- ------- SAMPLE 1464 ----------
INSERT INTO GUEST VALUES(2464,'Bessie','Buhler','BBuhler@hotmail.com','1234 DaWrong Lane','Flonkerton','MD','12345','253-518-7456');
INSERT INTO RESERVATION VALUES ('20201128QS8436968549305',2464,null,'QS','2020-11-28','2020-11-30',null,'active');
INSERT INTO INVOICECHARGE VALUES ('20201128QS8436968549305-ch00001','20201128QS8436968549305','2020-11-28',154.81,'Base room charge');
INSERT INTO INVOICECHARGE VALUES ('20201128QS8436968549305-ch00002','20201128QS8436968549305','2020-11-28',79.75,'Cleaning fee');
INSERT INTO PAYMENT VALUES ('20201128QS8436968549305-p00001','20201128QS8436968549305','2020-05-05','CC',234.55,'Bessie Buhler','6128206268782649',8,2021,436,'Mastercard');
-- ------- SAMPLE 1465 ----------
INSERT INTO GUEST VALUES(2465,'Louisa','Laroque','LLaroque@yahoo.com','1234 DaWrong Lane','Flonkerton','MD','12345','434-634-2227');
INSERT INTO RESERVATION VALUES ('20200726QD6357764760421',2465,null,'QD','2020-07-26','2020-07-27',null,'active');
INSERT INTO INVOICECHARGE VALUES ('20200726QD6357764760421-ch00001','20200726QD6357764760421','2020-07-26',95.95,'Base room charge');
INSERT INTO PAYMENT VALUES ('20200726QD6357764760421-p00001','20200726QD6357764760421','2020-05-05','CC',95.95,'Louisa Laroque','5148291007935369',6,2021,731,'Mastercard');
-- ------- SAMPLE 1466 ----------
INSERT INTO GUEST VALUES(2466,'Kandra','Kelty','KKelty@yahoo.com','1234 DaWrong Lane','Flonkerton','MD','12345','897-396-3863');
INSERT INTO RESERVATION VALUES ('20190610KS3344670133111',2466,112,'KS','2019-06-10','2019-06-12',null,'complete');
INSERT INTO INVOICECHARGE VALUES ('20190610KS3344670133111-ch00001','20190610KS3344670133111','2019-06-10',213.23,'Base room charge');
INSERT INTO PAYMENT VALUES ('20190610KS3344670133111-p00001','20190610KS3344670133111','2020-05-05','CC',84,'Kandra Kelty','3038497286788267',1,2024,457,'Mastercard');
-- ------- SAMPLE 1467 ----------
INSERT INTO GUEST VALUES(2467,'Leighann','Leith','LLeith@yahoo.com','1234 DaWrong Lane','Flonkerton','MD','12345','277-267-0324');
INSERT INTO RESERVATION VALUES ('20200421KJ9697466623689',2467,208,'KJ','2020-04-21','2020-04-25',null,'complete');
-- ------- SAMPLE 1468 ----------
INSERT INTO GUEST VALUES(2468,'Missy','Mcclintock','MMcclintock@yahoo.com','1234 DaWrong Lane','Flonkerton','MD','12345','162-939-7654');
INSERT INTO RESERVATION VALUES ('20200312KJ3230515798776',2468,109,'KJ','2020-03-12','2020-03-17',null,'complete');
-- ------- SAMPLE 1469 ----------
INSERT INTO GUEST VALUES(2469,'Boyce','Bate','BBate@yahoo.com','1234 DaWrong Lane','Flonkerton','MD','12345','842-291-0912');
INSERT INTO RESERVATION VALUES ('20210103KJ3611372959083',2469,null,'KJ','2021-01-03','2021-01-05',null,'active');
INSERT INTO INVOICECHARGE VALUES ('20210103KJ3611372959083-ch00001','20210103KJ3611372959083','2021-01-03',182.95,'Base room charge');
INSERT INTO INVOICECHARGE VALUES ('20210103KJ3611372959083-ch00002','20210103KJ3611372959083','2021-01-03',94.25,'Cleaning fee');
INSERT INTO PAYMENT VALUES ('20210103KJ3611372959083-p00001','20210103KJ3611372959083','2020-05-05','CC',277.2,'Boyce Bate','1627288131428629',8,2021,745,'Mastercard');
-- ------- SAMPLE 1470 ----------
INSERT INTO GUEST VALUES(2470,'Randal','Rohman','RRohman@hotmail.com','1234 DaWrong Lane','Flonkerton','MD','12345','303-821-7661');
INSERT INTO RESERVATION VALUES ('20200921QS3397235953313',2470,null,'QS','2020-09-21','2020-09-25',null,'active');
-- ------- SAMPLE 1471 ----------
INSERT INTO GUEST VALUES(2471,'Shawna','Schmit','SSchmit@yahoo.com','1234 DaWrong Lane','Flonkerton','MD','12345','702-542-1205');
INSERT INTO RESERVATION VALUES ('20200402KS5879069171292',2471,107,'KS','2020-04-02','2020-04-04',null,'complete');
INSERT INTO INVOICECHARGE VALUES ('20200402KS5879069171292-ch00001','20200402KS5879069171292','2020-04-02',140.73,'Base room charge');
INSERT INTO INVOICECHARGE VALUES ('20200402KS5879069171292-ch00002','20200402KS5879069171292','2020-04-02',72.5,'Cleaning fee');
INSERT INTO PAYMENT VALUES ('20200402KS5879069171292-p00001','20200402KS5879069171292','2020-05-05','CC',141,'Shawna Schmit','4188070252010289',7,2026,144,'Mastercard');
-- ------- SAMPLE 1472 ----------
INSERT INTO GUEST VALUES(2472,'Rossana','Running','RRunning@gmail.com','1234 DaWrong Lane','Flonkerton','MD','12345','868-605-1384');
INSERT INTO RESERVATION VALUES ('20201215KS2740188755901',2472,null,'KS','2020-12-15','2020-12-20',null,'active');
INSERT INTO INVOICECHARGE VALUES ('20201215KS2740188755901-ch00001','20201215KS2740188755901','2020-12-15',351.83,'Base room charge');
INSERT INTO INVOICECHARGE VALUES ('20201215KS2740188755901-ch00002','20201215KS2740188755901','2020-12-15',181.24,'Cleaning fee');
INSERT INTO PAYMENT VALUES ('20201215KS2740188755901-p00001','20201215KS2740188755901','2020-05-05','CC',533.07,'Rossana Running','9030522208745103',3,2024,704,'Mastercard');
-- ------- SAMPLE 1473 ----------
INSERT INTO GUEST VALUES(2473,'Shenna','Salmi','SSalmi@gmail.com','1234 DaWrong Lane','Flonkerton','MD','12345','128-985-8410');
INSERT INTO RESERVATION VALUES ('20190521QS4700609376846',2473,207,'QS','2019-05-21','2019-05-26',null,'complete');
INSERT INTO INVOICECHARGE VALUES ('20190521QS4700609376846-ch00001','20190521QS4700609376846','2019-05-21',586.38,'Base room charge');
INSERT INTO PAYMENT VALUES ('20190521QS4700609376846-p00001','20190521QS4700609376846','2020-05-05','CC',586.38,'Shenna Salmi','3351837400187517',3,2027,701,'Mastercard');
-- ------- SAMPLE 1474 ----------
INSERT INTO GUEST VALUES(2474,'Buffy','Beattie','BBeattie@hotmail.com','1234 DaWrong Lane','Flonkerton','MD','12345','316-386-0795');
INSERT INTO RESERVATION VALUES ('20190726KS5569435765973',2474,117,'KS','2019-07-26','2019-07-27',null,'complete');
-- ------- SAMPLE 1475 ----------
INSERT INTO GUEST VALUES(2475,'Kathey','Kingston','KKingston@yahoo.com','1234 DaWrong Lane','Flonkerton','MD','12345','289-874-7265');
INSERT INTO RESERVATION VALUES ('20200716KI4895788982476',2475,null,'KI','2020-07-16','2020-07-21',null,'active');
INSERT INTO INVOICECHARGE VALUES ('20200716KI4895788982476-ch00001','20200716KI4895788982476','2020-07-16',426.45,'Base room charge');
INSERT INTO PAYMENT VALUES ('20200716KI4895788982476-p00001','20200716KI4895788982476','2020-05-05','CC',426.45,'Kathey Kingston','5857867144356233',10,2027,392,'Mastercard');
-- ------- SAMPLE 1476 ----------
INSERT INTO GUEST VALUES(2476,'Danette','Dammann','DDammann@gmail.com','1234 DaWrong Lane','Flonkerton','MD','12345','495-421-9717');
INSERT INTO RESERVATION VALUES ('20200819KI8548632541721',2476,null,'KI','2020-08-19','2020-08-21',null,'active');
-- ------- SAMPLE 1477 ----------
INSERT INTO GUEST VALUES(2477,'Shawna','Schmit','SSchmit@gmail.com','1234 DaWrong Lane','Flonkerton','MD','12345','694-819-8455');
INSERT INTO RESERVATION VALUES ('20200822KJ7138226486196',2477,null,'KJ','2020-08-22','2020-08-27',null,'active');
INSERT INTO INVOICECHARGE VALUES ('20200822KJ7138226486196-ch00001','20200822KJ7138226486196','2020-08-22',457.39,'Base room charge');
INSERT INTO INVOICECHARGE VALUES ('20200822KJ7138226486196-ch00002','20200822KJ7138226486196','2020-08-22',235.62,'Room Service');
INSERT INTO PAYMENT VALUES ('20200822KJ7138226486196-p00001','20200822KJ7138226486196','2020-05-05','CC',99,'Shawna Schmit','9306045560110451',6,2026,393,'Mastercard');
-- ------- SAMPLE 1478 ----------
INSERT INTO GUEST VALUES(2478,'Erminia','Eckard','EEckard@hotmail.com','1234 DaWrong Lane','Flonkerton','MD','12345','156-022-7407');
INSERT INTO RESERVATION VALUES ('20200228KJ8807907336443',2478,119,'KJ','2020-02-28','2020-02-29',null,'complete');
INSERT INTO INVOICECHARGE VALUES ('20200228KJ8807907336443-ch00001','20200228KJ8807907336443','2020-02-28',91.48,'Base room charge');
INSERT INTO INVOICECHARGE VALUES ('20200228KJ8807907336443-ch00002','20200228KJ8807907336443','2020-02-28',47.12,'Room Service');
INSERT INTO PAYMENT (payment_id,invoice_id,payment_date,payment_type,payment_amount) VALUES ('20200228KJ8807907336443-p00001','20200228KJ8807907336443','2020-05-05','CA',138.6);
-- ------- SAMPLE 1479 ----------
INSERT INTO GUEST VALUES(2479,'Rachell','Riser','RRiser@hotmail.com','1234 DaWrong Lane','Flonkerton','MD','12345','291-558-7601');
INSERT INTO RESERVATION VALUES ('20190511KS4842250475362',2479,117,'KS','2019-05-11','2019-05-14',null,'complete');
INSERT INTO INVOICECHARGE VALUES ('20190511KS4842250475362-ch00001','20190511KS4842250475362','2019-05-11',319.84,'Base room charge');
INSERT INTO PAYMENT VALUES ('20190511KS4842250475362-p00001','20190511KS4842250475362','2020-05-05','CC',319.84,'Rachell Riser','9795455479395380',3,2022,628,'Mastercard');
-- ------- SAMPLE 1480 ----------
INSERT INTO GUEST VALUES(2480,'Katerine','Kawakami','KKawakami@hotmail.com','1234 DaWrong Lane','Flonkerton','MD','12345','101-738-8860');
INSERT INTO RESERVATION VALUES ('20191101QS1260476211606',2480,108,'QS','2019-11-01','2019-11-03',null,'complete');
-- ------- SAMPLE 1481 ----------
INSERT INTO GUEST VALUES(2481,'Eryn','Edenfield','EEdenfield@yahoo.com','1234 DaWrong Lane','Flonkerton','MD','12345','479-290-5551');
INSERT INTO RESERVATION VALUES ('20210411KJ9798894355708',2481,null,'KJ','2021-04-11','2021-04-14',null,'active');
INSERT INTO INVOICECHARGE VALUES ('20210411KJ9798894355708-ch00001','20210411KJ9798894355708','2021-04-11',415.81,'Base room charge');
INSERT INTO PAYMENT VALUES ('20210411KJ9798894355708-p00001','20210411KJ9798894355708','2020-05-05','CC',415.81,'Eryn Edenfield','8197471731033271',6,2024,373,'Mastercard');
-- ------- SAMPLE 1482 ----------
INSERT INTO GUEST VALUES(2482,'Leighann','Leith','LLeith@hotmail.com','1234 DaWrong Lane','Flonkerton','MD','12345','407-560-1624');
INSERT INTO RESERVATION VALUES ('20200503KI5749515171425',2482,null,'KI','2020-05-03','2020-05-08',null,'active');
INSERT INTO INVOICECHARGE VALUES ('20200503KI5749515171425-ch00001','20200503KI5749515171425','2020-05-03',281.45,'Base room charge');
INSERT INTO INVOICECHARGE VALUES ('20200503KI5749515171425-ch00002','20200503KI5749515171425','2020-05-03',144.99,'Room Service');
INSERT INTO PAYMENT (payment_id,invoice_id,payment_date,payment_type,payment_amount) VALUES ('20200503KI5749515171425-p00001','20200503KI5749515171425','2020-05-05','CA',426.45);
-- ------- SAMPLE 1483 ----------
INSERT INTO GUEST VALUES(2483,'Missy','Mcclintock','MMcclintock@yahoo.com','1234 DaWrong Lane','Flonkerton','MD','12345','740-308-9691');
INSERT INTO RESERVATION VALUES ('20190705KS6104696375059',2483,107,'KS','2019-07-05','2019-07-10',null,'complete');
-- ------- SAMPLE 1484 ----------
INSERT INTO GUEST VALUES(2484,'Leanora','Locke','LLocke@hotmail.com','1234 DaWrong Lane','Flonkerton','MD','12345','537-478-0411');
INSERT INTO RESERVATION VALUES ('20210409QD2604232621850',2484,null,'QD','2021-04-09','2021-04-13',null,'active');
INSERT INTO INVOICECHARGE VALUES ('20210409QD2604232621850-ch00001','20210409QD2604232621850','2021-04-09',253.31,'Base room charge');
INSERT INTO INVOICECHARGE VALUES ('20210409QD2604232621850-ch00002','20210409QD2604232621850','2021-04-09',130.49,'Cleaning fee');
INSERT INTO PAYMENT VALUES ('20210409QD2604232621850-p00001','20210409QD2604232621850','2020-05-05','CC',383.81,'Leanora Locke','3569704200924201',1,2022,747,'Mastercard');
-- ------- SAMPLE 1485 ----------
INSERT INTO GUEST VALUES(2485,'Dorothea','Dipaolo','DDipaolo@hotmail.com','1234 DaWrong Lane','Flonkerton','MD','12345','789-534-5736');
INSERT INTO RESERVATION VALUES ('20201025KJ5246039359965',2485,null,'KJ','2020-10-25','2020-10-26',null,'active');
-- ------- SAMPLE 1486 ----------
INSERT INTO GUEST VALUES(2486,'Floy','Feinstein','FFeinstein@gmail.com','1234 DaWrong Lane','Flonkerton','MD','12345','666-384-7685');
INSERT INTO RESERVATION VALUES ('20191110KI8128695684824',2486,204,'KI','2019-11-10','2019-11-11',null,'complete');
INSERT INTO INVOICECHARGE VALUES ('20191110KI8128695684824-ch00001','20191110KI8128695684824','2019-11-10',85.29,'Base room charge');
INSERT INTO PAYMENT VALUES ('20191110KI8128695684824-p00001','20191110KI8128695684824','2020-05-05','CC',85.29,'Floy Feinstein','3803797892489871',2,2026,876,'Mastercard');
-- ------- SAMPLE 1487 ----------
INSERT INTO GUEST VALUES(2487,'Liliana','Lueck','LLueck@yahoo.com','1234 DaWrong Lane','Flonkerton','MD','12345','007-116-6356');
INSERT INTO RESERVATION VALUES ('20190815QD4352154987690',2487,205,'QD','2019-08-15','2019-08-19',null,'cancelled');
INSERT INTO INVOICECHARGE VALUES ('20190815QD4352154987690-ch00001','20190815QD4352154987690','2019-08-15',253.31,'Base room charge');
INSERT INTO INVOICECHARGE VALUES ('20190815QD4352154987690-ch00002','20190815QD4352154987690','2019-08-15',130.49,'Cleaning fee');
INSERT INTO PAYMENT VALUES ('20190815QD4352154987690-p00001','20190815QD4352154987690','2020-05-05','CC',383.81,'Liliana Lueck','8466134757224819',7,2025,698,'Mastercard');
-- ------- SAMPLE 1488 ----------
INSERT INTO GUEST VALUES(2488,'Bell','Belizaire','BBelizaire@gmail.com','1234 DaWrong Lane','Flonkerton','MD','12345','748-561-4417');
INSERT INTO RESERVATION VALUES ('20200701QD9742127378781',2488,null,'QD','2020-07-01','2020-07-05',null,'active');
INSERT INTO INVOICECHARGE VALUES ('20200701QD9742127378781-ch00001','20200701QD9742127378781','2020-07-01',383.81,'Base room charge');
INSERT INTO PAYMENT VALUES ('20200701QD9742127378781-p00001','20200701QD9742127378781','2020-05-05','CC',383.81,'Bell Belizaire','2973385725275930',1,2023,351,'Mastercard');
-- ------- SAMPLE 1489 ----------
INSERT INTO GUEST VALUES(2489,'Dorothea','Dipaolo','DDipaolo@gmail.com','1234 DaWrong Lane','Flonkerton','MD','12345','098-202-4808');
INSERT INTO RESERVATION VALUES ('20201030KI9135373012288',2489,null,'KI','2020-10-30','2020-11-02',null,'active');
INSERT INTO INVOICECHARGE VALUES ('20201030KI9135373012288-ch00001','20201030KI9135373012288','2020-10-30',255.87,'Base room charge');
INSERT INTO PAYMENT (payment_id,invoice_id,payment_date,payment_type,payment_amount) VALUES ('20201030KI9135373012288-p00001','20201030KI9135373012288','2020-05-05','CA',255.87);
-- ------- SAMPLE 1490 ----------
INSERT INTO GUEST VALUES(2490,'Asa','Allan','AAllan@gmail.com','1234 DaWrong Lane','Flonkerton','MD','12345','669-328-4996');
INSERT INTO RESERVATION VALUES ('20190526KI1623135486015',2490,115,'KI','2019-05-26','2019-05-29',null,'complete');
INSERT INTO INVOICECHARGE VALUES ('20190526KI1623135486015-ch00001','20190526KI1623135486015','2019-05-26',255.87,'Base room charge');
INSERT INTO PAYMENT VALUES ('20190526KI1623135486015-p00001','20190526KI1623135486015','2020-05-05','CC',255.87,'Asa Allan','2352313200172776',6,2027,810,'Mastercard');
-- ------- SAMPLE 1491 ----------
INSERT INTO GUEST VALUES(2491,'Lynda','Linda','LLinda@gmail.com','1234 DaWrong Lane','Flonkerton','MD','12345','528-310-6532');
INSERT INTO RESERVATION VALUES ('20191008KI9658404027381',2491,204,'KI','2019-10-08','2019-10-09',null,'complete');
INSERT INTO INVOICECHARGE VALUES ('20191008KI9658404027381-ch00001','20191008KI9658404027381','2019-10-08',56.29,'Base room charge');
INSERT INTO INVOICECHARGE VALUES ('20191008KI9658404027381-ch00002','20191008KI9658404027381','2019-10-08',29,'Room Service');
INSERT INTO PAYMENT VALUES ('20191008KI9658404027381-p00001','20191008KI9658404027381','2020-05-05','CC',85.29,'Lynda Linda','2061201259858286',7,2022,885,'Mastercard');
-- ------- SAMPLE 1492 ----------
INSERT INTO GUEST VALUES(2492,'Delsie','Delong','DDelong@yahoo.com','1234 DaWrong Lane','Flonkerton','MD','12345','515-076-6492');
INSERT INTO RESERVATION VALUES ('20190801KJ8287253881581',2492,104,'KJ','2019-08-01','2019-08-02',null,'complete');
-- ------- SAMPLE 1493 ----------
INSERT INTO GUEST VALUES(2493,'Buffy','Beattie','BBeattie@gmail.com','1234 DaWrong Lane','Flonkerton','MD','12345','202-043-5606');
INSERT INTO RESERVATION VALUES ('20200803QS8354416065868',2493,null,'QS','2020-08-03','2020-08-05',null,'active');
-- ------- SAMPLE 1494 ----------
INSERT INTO GUEST VALUES(2494,'Stacie','Schupp','SSchupp@gmail.com','1234 DaWrong Lane','Flonkerton','MD','12345','989-920-7043');
INSERT INTO RESERVATION VALUES ('20201216KI7907335784216',2494,null,'KI','2020-12-16','2020-12-20',null,'active');
INSERT INTO INVOICECHARGE VALUES ('20201216KI7907335784216-ch00001','20201216KI7907335784216','2020-12-16',225.16,'Base room charge');
INSERT INTO INVOICECHARGE VALUES ('20201216KI7907335784216-ch00002','20201216KI7907335784216','2020-12-16',115.99,'Cleaning fee');
INSERT INTO PAYMENT VALUES ('20201216KI7907335784216-p00001','20201216KI7907335784216','2020-05-05','CC',42,'Stacie Schupp','5792806291087288',12,2023,39,'Mastercard');
-- ------- SAMPLE 1495 ----------
INSERT INTO GUEST VALUES(2495,'Danette','Dammann','DDammann@gmail.com','1234 DaWrong Lane','Flonkerton','MD','12345','775-692-8290');
INSERT INTO RESERVATION VALUES ('20190519QD6450969651175',2495,106,'QD','2019-05-19','2019-05-21',null,'complete');
INSERT INTO INVOICECHARGE VALUES ('20190519QD6450969651175-ch00001','20190519QD6450969651175','2019-05-19',191.9,'Base room charge');
INSERT INTO PAYMENT VALUES ('20190519QD6450969651175-p00001','20190519QD6450969651175','2020-05-05','CC',191.9,'Danette Dammann','2124210262742305',4,2021,253,'Mastercard');
-- ------- SAMPLE 1496 ----------
INSERT INTO GUEST VALUES(2496,'Erminia','Eckard','EEckard@yahoo.com','1234 DaWrong Lane','Flonkerton','MD','12345','782-839-8730');
INSERT INTO RESERVATION VALUES ('20200817KJ7524521767760',2496,null,'KJ','2020-08-17','2020-08-20',null,'active');
INSERT INTO INVOICECHARGE VALUES ('20200817KJ7524521767760-ch00001','20200817KJ7524521767760','2020-08-17',274.43,'Base room charge');
INSERT INTO INVOICECHARGE VALUES ('20200817KJ7524521767760-ch00002','20200817KJ7524521767760','2020-08-17',141.37,'Cleaning fee');
INSERT INTO PAYMENT (payment_id,invoice_id,payment_date,payment_type,payment_amount) VALUES ('20200817KJ7524521767760-p00001','20200817KJ7524521767760','2020-05-05','CA',415.81);
-- ------- SAMPLE 1497 ----------
INSERT INTO GUEST VALUES(2497,'Abdul','Ashe','AAshe@yahoo.com','1234 DaWrong Lane','Flonkerton','MD','12345','471-204-3848');
INSERT INTO RESERVATION VALUES ('20201018KS4953674738361',2497,null,'KS','2020-10-18','2020-10-19',null,'active');
INSERT INTO INVOICECHARGE VALUES ('20201018KS4953674738361-ch00001','20201018KS4953674738361','2020-10-18',106.61,'Base room charge');
INSERT INTO PAYMENT VALUES ('20201018KS4953674738361-p00001','20201018KS4953674738361','2020-05-05','CC',106.61,'Abdul Ashe','4535711923967611',3,2027,110,'Mastercard');
-- ------- SAMPLE 1498 ----------
INSERT INTO GUEST VALUES(2498,'Major','Meng','MMeng@yahoo.com','1234 DaWrong Lane','Flonkerton','MD','12345','699-280-3616');
INSERT INTO RESERVATION VALUES ('20201023KS2098101970008',2498,null,'KS','2020-10-23','2020-10-28',null,'active');
INSERT INTO INVOICECHARGE VALUES ('20201023KS2098101970008-ch00001','20201023KS2098101970008','2020-10-23',533.07,'Base room charge');
INSERT INTO PAYMENT VALUES ('20201023KS2098101970008-p00001','20201023KS2098101970008','2020-05-05','CC',533.07,'Major Meng','1935205176690870',10,2023,629,'Mastercard');
-- ------- SAMPLE 1499 ----------
INSERT INTO GUEST VALUES(2499,'Serafina','Singh','SSingh@yahoo.com','1234 DaWrong Lane','Flonkerton','MD','12345','761-476-6050');
INSERT INTO RESERVATION VALUES ('20210210KS7579562715010',2499,null,'KS','2021-02-10','2021-02-12',null,'active');
-- ------- SAMPLE 1500 ----------
INSERT INTO GUEST VALUES(2500,'Kenisha','Kane','KKane@yahoo.com','1234 DaWrong Lane','Flonkerton','MD','12345','297-482-2219');
INSERT INTO RESERVATION VALUES ('20200312QS2174982259527',2500,108,'QS','2020-03-12','2020-03-14',null,'complete');
INSERT INTO INVOICECHARGE VALUES ('20200312QS2174982259527-ch00001','20200312QS2174982259527','2020-03-12',234.55,'Base room charge');
INSERT INTO PAYMENT (payment_id,invoice_id,payment_date,payment_type,payment_amount) VALUES ('20200312QS2174982259527-p00001','20200312QS2174982259527','2020-05-05','CA',234.55);
-- ------- SAMPLE 1501 ----------
INSERT INTO GUEST VALUES(2501,'Shonda','Schult','SSchult@hotmail.com','1234 DaWrong Lane','Flonkerton','MD','12345','843-405-0549');
INSERT INTO RESERVATION VALUES ('20191214QS9118527948477',2501,108,'QS','2019-12-14','2019-12-17',null,'complete');
INSERT INTO INVOICECHARGE VALUES ('20191214QS9118527948477-ch00001','20191214QS9118527948477','2019-12-14',351.83,'Base room charge');
INSERT INTO PAYMENT VALUES ('20191214QS9118527948477-p00001','20191214QS9118527948477','2020-05-05','CC',203,'Shonda Schult','8393844483735904',9,2021,53,'Mastercard');
-- ------- SAMPLE 1502 ----------
INSERT INTO GUEST VALUES(2502,'Randal','Rohman','RRohman@yahoo.com','1234 DaWrong Lane','Flonkerton','MD','12345','306-425-0492');
INSERT INTO RESERVATION VALUES ('20210320QS1394575529758',2502,null,'QS','2021-03-20','2021-03-21',null,'active');
INSERT INTO INVOICECHARGE VALUES ('20210320QS1394575529758-ch00001','20210320QS1394575529758','2021-03-20',117.28,'Base room charge');
INSERT INTO PAYMENT VALUES ('20210320QS1394575529758-p00001','20210320QS1394575529758','2020-05-05','CC',117.28,'Randal Rohman','2841941441811175',3,2022,510,'Mastercard');
-- ------- SAMPLE 1503 ----------
INSERT INTO GUEST VALUES(2503,'Aretha','Acy','AAcy@gmail.com','1234 DaWrong Lane','Flonkerton','MD','12345','720-017-5533');
INSERT INTO RESERVATION VALUES ('20201005KS3980183126230',2503,null,'KS','2020-10-05','2020-10-09',null,'active');
-- ------- SAMPLE 1504 ----------
INSERT INTO GUEST VALUES(2504,'Sherrie','Stultz','SStultz@hotmail.com','1234 DaWrong Lane','Flonkerton','MD','12345','102-015-0813');
INSERT INTO RESERVATION VALUES ('20200218KJ9730710318867',2504,104,'KJ','2020-02-18','2020-02-19',null,'complete');
INSERT INTO INVOICECHARGE VALUES ('20200218KJ9730710318867-ch00001','20200218KJ9730710318867','2020-02-18',138.6,'Base room charge');
INSERT INTO PAYMENT VALUES ('20200218KJ9730710318867-p00001','20200218KJ9730710318867','2020-05-05','CC',138.6,'Sherrie Stultz','3519969294683850',1,2021,781,'Mastercard');
-- ------- SAMPLE 1505 ----------
INSERT INTO GUEST VALUES(2505,'Rossana','Running','RRunning@gmail.com','1234 DaWrong Lane','Flonkerton','MD','12345','872-670-9379');
INSERT INTO RESERVATION VALUES ('20190825KI4977814009939',2505,105,'KI','2019-08-25','2019-08-26',null,'complete');
-- ------- SAMPLE 1506 ----------
INSERT INTO GUEST VALUES(2506,'Clara','Crimmins','CCrimmins@yahoo.com','1234 DaWrong Lane','Flonkerton','MD','12345','076-859-5523');
INSERT INTO RESERVATION VALUES ('20200305KI8446890733611',2506,209,'KI','2020-03-05','2020-03-08',null,'complete');
INSERT INTO INVOICECHARGE VALUES ('20200305KI8446890733611-ch00001','20200305KI8446890733611','2020-03-05',170.58,'Base room charge');
INSERT INTO PAYMENT (payment_id,invoice_id,payment_date,payment_type,payment_amount) VALUES ('20200305KI8446890733611-p00001','20200305KI8446890733611','2020-05-05','CA',170.58);
-- ------- SAMPLE 1507 ----------
INSERT INTO GUEST VALUES(2507,'Boris','Berner','BBerner@gmail.com','1234 DaWrong Lane','Flonkerton','MD','12345','125-314-8552');
INSERT INTO RESERVATION VALUES ('20191221KJ2240863799245',2507,109,'KJ','2019-12-21','2019-12-23',null,'complete');
INSERT INTO INVOICECHARGE VALUES ('20191221KJ2240863799245-ch00001','20191221KJ2240863799245','2019-12-21',182.95,'Base room charge');
INSERT INTO INVOICECHARGE VALUES ('20191221KJ2240863799245-ch00002','20191221KJ2240863799245','2019-12-21',94.25,'Room Service');
INSERT INTO PAYMENT (payment_id,invoice_id,payment_date,payment_type,payment_amount) VALUES ('20191221KJ2240863799245-p00001','20191221KJ2240863799245','2020-05-05','CA',277.2);
-- ------- SAMPLE 1508 ----------
INSERT INTO GUEST VALUES(2508,'Marcelino','Meisner','MMeisner@gmail.com','1234 DaWrong Lane','Flonkerton','MD','12345','784-405-3789');
INSERT INTO RESERVATION VALUES ('20190505KS1491245028448',2508,117,'KS','2019-05-05','2019-05-10',null,'complete');
INSERT INTO INVOICECHARGE VALUES ('20190505KS1491245028448-ch00001','20190505KS1491245028448','2019-05-05',351.83,'Base room charge');
INSERT INTO INVOICECHARGE VALUES ('20190505KS1491245028448-ch00002','20190505KS1491245028448','2019-05-05',181.24,'Cleaning fee');
INSERT INTO PAYMENT VALUES ('20190505KS1491245028448-p00001','20190505KS1491245028448','2020-05-05','CC',533.07,'Marcelino Meisner','8926074002052019',12,2027,670,'Mastercard');
-- ------- SAMPLE 1509 ----------
INSERT INTO GUEST VALUES(2509,'Melaine','Miskell','MMiskell@yahoo.com','1234 DaWrong Lane','Flonkerton','MD','12345','602-831-2713');
INSERT INTO RESERVATION VALUES ('20201029QD5979859963241',2509,null,'QD','2020-10-29','2020-11-02',null,'active');
INSERT INTO INVOICECHARGE VALUES ('20201029QD5979859963241-ch00001','20201029QD5979859963241','2020-10-29',253.31,'Base room charge');
INSERT INTO INVOICECHARGE VALUES ('20201029QD5979859963241-ch00002','20201029QD5979859963241','2020-10-29',130.49,'Cleaning fee');
INSERT INTO PAYMENT VALUES ('20201029QD5979859963241-p00001','20201029QD5979859963241','2020-05-05','CC',383.81,'Melaine Miskell','4623197686767056',9,2026,803,'Mastercard');
-- ------- SAMPLE 1510 ----------
INSERT INTO GUEST VALUES(2510,'Bell','Belizaire','BBelizaire@yahoo.com','1234 DaWrong Lane','Flonkerton','MD','12345','636-575-4165');
INSERT INTO RESERVATION VALUES ('20200130QS6692075834966',2510,118,'QS','2020-01-30','2020-02-04',null,'complete');
-- ------- SAMPLE 1511 ----------
INSERT INTO GUEST VALUES(2511,'Shaneka','Stribling','SStribling@gmail.com','1234 DaWrong Lane','Flonkerton','MD','12345','180-096-3978');
INSERT INTO RESERVATION VALUES ('20210406KJ7091814842333',2511,null,'KJ','2021-04-06','2021-04-07',null,'cancelled');
-- ------- SAMPLE 1512 ----------
INSERT INTO GUEST VALUES(2512,'Buffy','Beattie','BBeattie@gmail.com','1234 DaWrong Lane','Flonkerton','MD','12345','145-549-1964');
INSERT INTO RESERVATION VALUES ('20200404KI9667582619718',2512,105,'KI','2020-04-04','2020-04-08',null,'complete');
INSERT INTO INVOICECHARGE VALUES ('20200404KI9667582619718-ch00001','20200404KI9667582619718','2020-04-04',225.16,'Base room charge');
INSERT INTO INVOICECHARGE VALUES ('20200404KI9667582619718-ch00002','20200404KI9667582619718','2020-04-04',115.99,'Cleaning fee');
INSERT INTO PAYMENT VALUES ('20200404KI9667582619718-p00001','20200404KI9667582619718','2020-05-05','CC',235,'Buffy Beattie','6119413788627137',6,2026,677,'Mastercard');
-- ------- SAMPLE 1513 ----------
INSERT INTO GUEST VALUES(2513,'Shena','Sandoz','SSandoz@hotmail.com','1234 DaWrong Lane','Flonkerton','MD','12345','739-890-8189');
INSERT INTO RESERVATION VALUES ('20210302QD3506573856957',2513,null,'QD','2021-03-02','2021-03-06',null,'active');
INSERT INTO INVOICECHARGE VALUES ('20210302QD3506573856957-ch00001','20210302QD3506573856957','2021-03-02',383.81,'Base room charge');
INSERT INTO PAYMENT VALUES ('20210302QD3506573856957-p00001','20210302QD3506573856957','2020-05-05','CC',383.81,'Shena Sandoz','7092651958812762',3,2027,593,'Mastercard');
-- ------- SAMPLE 1514 ----------
INSERT INTO GUEST VALUES(2514,'Raisa','Romito','RRomito@gmail.com','1234 DaWrong Lane','Flonkerton','MD','12345','500-629-8719');
INSERT INTO RESERVATION VALUES ('20191029QD4580062149989',2514,116,'QD','2019-10-29','2019-10-31',null,'complete');
-- ------- SAMPLE 1515 ----------
INSERT INTO GUEST VALUES(2515,'Abdul','Ashe','AAshe@hotmail.com','1234 DaWrong Lane','Flonkerton','MD','12345','103-155-5850');
INSERT INTO RESERVATION VALUES ('20200709KS2755097307015',2515,null,'KS','2020-07-09','2020-07-13',null,'active');
INSERT INTO INVOICECHARGE VALUES ('20200709KS2755097307015-ch00001','20200709KS2755097307015','2020-07-09',426.46,'Base room charge');
INSERT INTO PAYMENT (payment_id,invoice_id,payment_date,payment_type,payment_amount) VALUES ('20200709KS2755097307015-p00001','20200709KS2755097307015','2020-05-05','CA',426.46);
-- ------- SAMPLE 1516 ----------
INSERT INTO GUEST VALUES(2516,'Francie','Fairbank','FFairbank@hotmail.com','1234 DaWrong Lane','Flonkerton','MD','12345','899-872-7254');
INSERT INTO RESERVATION VALUES ('20200202KJ1611664300538',2516,104,'KJ','2020-02-02','2020-02-05',null,'complete');
-- ------- SAMPLE 1517 ----------
INSERT INTO GUEST VALUES(2517,'Jarrett','Janelle','JJanelle@gmail.com','1234 DaWrong Lane','Flonkerton','MD','12345','388-158-3238');
INSERT INTO RESERVATION VALUES ('20191013QD1162658869252',2517,111,'QD','2019-10-13','2019-10-15',null,'complete');
INSERT INTO INVOICECHARGE VALUES ('20191013QD1162658869252-ch00001','20191013QD1162658869252','2019-10-13',191.9,'Base room charge');
INSERT INTO PAYMENT VALUES ('20191013QD1162658869252-p00001','20191013QD1162658869252','2020-05-05','CC',191.9,'Jarrett Janelle','2882196815003940',5,2025,447,'Mastercard');
-- ------- SAMPLE 1518 ----------
INSERT INTO GUEST VALUES(2518,'Major','Meng','MMeng@gmail.com','1234 DaWrong Lane','Flonkerton','MD','12345','703-998-9105');
INSERT INTO RESERVATION VALUES ('20200314QD8634468659763',2518,106,'QD','2020-03-14','2020-03-15',null,'complete');
-- ------- SAMPLE 1519 ----------
INSERT INTO GUEST VALUES(2519,'Major','Meng','MMeng@yahoo.com','1234 DaWrong Lane','Flonkerton','MD','12345','408-341-6078');
INSERT INTO RESERVATION VALUES ('20190830KI6590896479952',2519,110,'KI','2019-08-30','2019-09-02',null,'complete');
INSERT INTO INVOICECHARGE VALUES ('20190830KI6590896479952-ch00001','20190830KI6590896479952','2019-08-30',255.87,'Base room charge');
INSERT INTO PAYMENT VALUES ('20190830KI6590896479952-p00001','20190830KI6590896479952','2020-05-05','CC',255.87,'Major Meng','5134988231487064',3,2024,399,'Mastercard');
-- ------- SAMPLE 1520 ----------
INSERT INTO GUEST VALUES(2520,'Linwood','Layden','LLayden@gmail.com','1234 DaWrong Lane','Flonkerton','MD','12345','946-333-6827');
INSERT INTO RESERVATION VALUES ('20191124KJ6895944436989',2520,109,'KJ','2019-11-24','2019-11-29',null,'complete');
INSERT INTO INVOICECHARGE VALUES ('20191124KJ6895944436989-ch00001','20191124KJ6895944436989','2019-11-24',457.39,'Base room charge');
INSERT INTO INVOICECHARGE VALUES ('20191124KJ6895944436989-ch00002','20191124KJ6895944436989','2019-11-24',235.62,'Room Service');
INSERT INTO PAYMENT VALUES ('20191124KJ6895944436989-p00001','20191124KJ6895944436989','2020-05-05','CC',693.01,'Linwood Layden','6848291692569276',7,2022,388,'Mastercard');
-- ------- SAMPLE 1521 ----------
INSERT INTO GUEST VALUES(2521,'Ella','Evanoff','EEvanoff@gmail.com','1234 DaWrong Lane','Flonkerton','MD','12345','234-149-7578');
INSERT INTO RESERVATION VALUES ('20210418KI2501641720615',2521,null,'KI','2021-04-18','2021-04-19',null,'active');
INSERT INTO INVOICECHARGE VALUES ('20210418KI2501641720615-ch00001','20210418KI2501641720615','2021-04-18',56.29,'Base room charge');
INSERT INTO INVOICECHARGE VALUES ('20210418KI2501641720615-ch00002','20210418KI2501641720615','2021-04-18',29,'Room Service');
INSERT INTO PAYMENT VALUES ('20210418KI2501641720615-p00001','20210418KI2501641720615','2020-05-05','CC',2,'Ella Evanoff','8851054624166917',1,2021,682,'Mastercard');
-- ------- SAMPLE 1522 ----------
INSERT INTO GUEST VALUES(2522,'Annie','Albrecht','AAlbrecht@gmail.com','1234 DaWrong Lane','Flonkerton','MD','12345','720-427-4793');
INSERT INTO RESERVATION VALUES ('20191215KJ5935722895801',2522,208,'KJ','2019-12-15','2019-12-17',null,'complete');
INSERT INTO INVOICECHARGE VALUES ('20191215KJ5935722895801-ch00001','20191215KJ5935722895801','2019-12-15',277.2,'Base room charge');
INSERT INTO PAYMENT VALUES ('20191215KJ5935722895801-p00001','20191215KJ5935722895801','2020-05-05','CC',277.2,'Annie Albrecht','4258463588575570',2,2026,277,'Mastercard');
-- ------- SAMPLE 1523 ----------
INSERT INTO GUEST VALUES(2523,'Raven','Rybicki','RRybicki@yahoo.com','1234 DaWrong Lane','Flonkerton','MD','12345','146-733-7260');
INSERT INTO RESERVATION VALUES ('20210323KI4467642599557',2523,null,'KI','2021-03-23','2021-03-24',null,'active');
INSERT INTO INVOICECHARGE VALUES ('20210323KI4467642599557-ch00001','20210323KI4467642599557','2021-03-23',56.29,'Base room charge');
INSERT INTO INVOICECHARGE VALUES ('20210323KI4467642599557-ch00002','20210323KI4467642599557','2021-03-23',29,'Room Service');
INSERT INTO PAYMENT VALUES ('20210323KI4467642599557-p00001','20210323KI4467642599557','2020-05-05','CC',85.29,'Raven Rybicki','5344238547247183',5,2021,652,'Mastercard');
-- ------- SAMPLE 1524 ----------
INSERT INTO GUEST VALUES(2524,'Raven','Rybicki','RRybicki@hotmail.com','1234 DaWrong Lane','Flonkerton','MD','12345','527-807-6345');
INSERT INTO RESERVATION VALUES ('20210213KI2392111301966',2524,null,'KI','2021-02-13','2021-02-16',null,'active');
-- ------- SAMPLE 1525 ----------
INSERT INTO GUEST VALUES(2525,'Piedad','Proctor','PProctor@gmail.com','1234 DaWrong Lane','Flonkerton','MD','12345','045-678-1072');
INSERT INTO RESERVATION VALUES ('20210116QS6606729653106',2525,null,'QS','2021-01-16','2021-01-20',null,'active');
INSERT INTO INVOICECHARGE VALUES ('20210116QS6606729653106-ch00001','20210116QS6606729653106','2021-01-16',469.11,'Base room charge');
INSERT INTO PAYMENT VALUES ('20210116QS6606729653106-p00001','20210116QS6606729653106','2020-05-05','CC',396,'Piedad Proctor','1117516097386681',11,2022,833,'Mastercard');
-- ------- SAMPLE 1526 ----------
INSERT INTO GUEST VALUES(2526,'Keturah','Kagawa','KKagawa@gmail.com','1234 DaWrong Lane','Flonkerton','MD','12345','320-723-6581');
INSERT INTO RESERVATION VALUES ('20200601KS9315192797945',2526,null,'KS','2020-06-01','2020-06-02',null,'active');
INSERT INTO INVOICECHARGE VALUES ('20200601KS9315192797945-ch00001','20200601KS9315192797945','2020-06-01',106.61,'Base room charge');
INSERT INTO PAYMENT (payment_id,invoice_id,payment_date,payment_type,payment_amount) VALUES ('20200601KS9315192797945-p00001','20200601KS9315192797945','2020-05-05','CA',106.61);
-- ------- SAMPLE 1527 ----------
INSERT INTO GUEST VALUES(2527,'Lillia','Linen','LLinen@gmail.com','1234 DaWrong Lane','Flonkerton','MD','12345','080-284-7452');
INSERT INTO RESERVATION VALUES ('20200312KS8308585655486',2527,102,'KS','2020-03-12','2020-03-13',null,'complete');
INSERT INTO INVOICECHARGE VALUES ('20200312KS8308585655486-ch00001','20200312KS8308585655486','2020-03-12',70.37,'Base room charge');
INSERT INTO INVOICECHARGE VALUES ('20200312KS8308585655486-ch00002','20200312KS8308585655486','2020-03-12',36.25,'Room Service');
INSERT INTO PAYMENT (payment_id,invoice_id,payment_date,payment_type,payment_amount) VALUES ('20200312KS8308585655486-p00001','20200312KS8308585655486','2020-05-05','CA',106.61);
-- ------- SAMPLE 1528 ----------
INSERT INTO GUEST VALUES(2528,'Kerstin','Khalaf','KKhalaf@yahoo.com','1234 DaWrong Lane','Flonkerton','MD','12345','821-588-9727');
INSERT INTO RESERVATION VALUES ('20190523KS2996986054772',2528,117,'KS','2019-05-23','2019-05-27',null,'complete');
INSERT INTO INVOICECHARGE VALUES ('20190523KS2996986054772-ch00001','20190523KS2996986054772','2019-05-23',426.46,'Base room charge');
INSERT INTO PAYMENT VALUES ('20190523KS2996986054772-p00001','20190523KS2996986054772','2020-05-05','CC',27,'Kerstin Khalaf','4003899804594090',11,2026,132,'Mastercard');
-- ------- SAMPLE 1529 ----------
INSERT INTO GUEST VALUES(2529,'Raven','Rybicki','RRybicki@hotmail.com','1234 DaWrong Lane','Flonkerton','MD','12345','026-067-7951');
INSERT INTO RESERVATION VALUES ('20200101KI8286504482222',2529,204,'KI','2020-01-01','2020-01-06',null,'complete');
INSERT INTO INVOICECHARGE VALUES ('20200101KI8286504482222-ch00001','20200101KI8286504482222','2020-01-01',281.45,'Base room charge');
INSERT INTO INVOICECHARGE VALUES ('20200101KI8286504482222-ch00002','20200101KI8286504482222','2020-01-01',144.99,'Cleaning fee');
INSERT INTO PAYMENT VALUES ('20200101KI8286504482222-p00001','20200101KI8286504482222','2020-05-05','CC',25,'Raven Rybicki','9601988356991977',1,2023,552,'Mastercard');
-- ------- SAMPLE 1530 ----------
INSERT INTO GUEST VALUES(2530,'Missy','Mcclintock','MMcclintock@gmail.com','1234 DaWrong Lane','Flonkerton','MD','12345','187-688-0628');
INSERT INTO RESERVATION VALUES ('20190828KS6710322766820',2530,117,'KS','2019-08-28','2019-08-30',null,'complete');
INSERT INTO INVOICECHARGE VALUES ('20190828KS6710322766820-ch00001','20190828KS6710322766820','2019-08-28',140.73,'Base room charge');
INSERT INTO INVOICECHARGE VALUES ('20190828KS6710322766820-ch00002','20190828KS6710322766820','2019-08-28',72.5,'Cleaning fee');
INSERT INTO PAYMENT (payment_id,invoice_id,payment_date,payment_type,payment_amount) VALUES ('20190828KS6710322766820-p00001','20190828KS6710322766820','2020-05-05','CA',213.23);
-- ------- SAMPLE 1531 ----------
INSERT INTO GUEST VALUES(2531,'Mandi','Mcwain','MMcwain@hotmail.com','1234 DaWrong Lane','Flonkerton','MD','12345','628-314-8819');
INSERT INTO RESERVATION VALUES ('20201220KJ8978396547099',2531,null,'KJ','2020-12-20','2020-12-21',null,'active');
INSERT INTO INVOICECHARGE VALUES ('20201220KJ8978396547099-ch00001','20201220KJ8978396547099','2020-12-20',138.6,'Base room charge');
INSERT INTO PAYMENT VALUES ('20201220KJ8978396547099-p00001','20201220KJ8978396547099','2020-05-05','CC',138.6,'Mandi Mcwain','6852219917933040',11,2021,246,'Mastercard');
-- ------- SAMPLE 1532 ----------
INSERT INTO GUEST VALUES(2532,'Tai','Tookes','TTookes@yahoo.com','1234 DaWrong Lane','Flonkerton','MD','12345','103-182-9195');
INSERT INTO RESERVATION VALUES ('20200102QS8676026624924',2532,118,'QS','2020-01-02','2020-01-05',null,'complete');
INSERT INTO INVOICECHARGE VALUES ('20200102QS8676026624924-ch00001','20200102QS8676026624924','2020-01-02',232.21,'Base room charge');
INSERT INTO INVOICECHARGE VALUES ('20200102QS8676026624924-ch00002','20200102QS8676026624924','2020-01-02',119.62,'Room Service');
INSERT INTO PAYMENT VALUES ('20200102QS8676026624924-p00001','20200102QS8676026624924','2020-05-05','CC',351.83,'Tai Tookes','3486696434320573',2,2027,402,'Mastercard');
-- ------- SAMPLE 1533 ----------
INSERT INTO GUEST VALUES(2533,'Clara','Crimmins','CCrimmins@hotmail.com','1234 DaWrong Lane','Flonkerton','MD','12345','322-099-8380');
INSERT INTO RESERVATION VALUES ('20210123QD7591279081726',2533,null,'QD','2021-01-23','2021-01-26',null,'active');
INSERT INTO INVOICECHARGE VALUES ('20210123QD7591279081726-ch00001','20210123QD7591279081726','2021-01-23',189.98,'Base room charge');
INSERT INTO INVOICECHARGE VALUES ('20210123QD7591279081726-ch00002','20210123QD7591279081726','2021-01-23',97.87,'Room Service');
INSERT INTO PAYMENT VALUES ('20210123QD7591279081726-p00001','20210123QD7591279081726','2020-05-05','CC',287.86,'Clara Crimmins','9585933129780026',3,2025,406,'Mastercard');
-- ------- SAMPLE 1534 ----------
INSERT INTO GUEST VALUES(2534,'Lakenya','Langston','LLangston@hotmail.com','1234 DaWrong Lane','Flonkerton','MD','12345','299-489-0645');
INSERT INTO RESERVATION VALUES ('20210217KS6351194630433',2534,null,'KS','2021-02-17','2021-02-20',null,'active');
INSERT INTO INVOICECHARGE VALUES ('20210217KS6351194630433-ch00001','20210217KS6351194630433','2021-02-17',211.1,'Base room charge');
INSERT INTO INVOICECHARGE VALUES ('20210217KS6351194630433-ch00002','20210217KS6351194630433','2021-02-17',108.75,'Room Service');
INSERT INTO PAYMENT VALUES ('20210217KS6351194630433-p00001','20210217KS6351194630433','2020-05-05','CC',319.84,'Lakenya Langston','3689370306254145',5,2024,569,'Mastercard');
-- ------- SAMPLE 1535 ----------
INSERT INTO GUEST VALUES(2535,'Claribel','Catanzaro','CCatanzaro@gmail.com','1234 DaWrong Lane','Flonkerton','MD','12345','616-760-6680');
INSERT INTO RESERVATION VALUES ('20210123KJ8070752758298',2535,null,'KJ','2021-01-23','2021-01-24',null,'active');
INSERT INTO INVOICECHARGE VALUES ('20210123KJ8070752758298-ch00001','20210123KJ8070752758298','2021-01-23',138.6,'Base room charge');
INSERT INTO PAYMENT VALUES ('20210123KJ8070752758298-p00001','20210123KJ8070752758298','2020-05-05','CC',138.6,'Claribel Catanzaro','8509710069529794',2,2025,543,'Mastercard');
-- ------- SAMPLE 1536 ----------
INSERT INTO GUEST VALUES(2536,'Kathern','Korn','KKorn@gmail.com','1234 DaWrong Lane','Flonkerton','MD','12345','263-781-0940');
INSERT INTO RESERVATION VALUES ('20201104QD8646711333192',2536,null,'QD','2020-11-04','2020-11-08',null,'active');
INSERT INTO INVOICECHARGE VALUES ('20201104QD8646711333192-ch00001','20201104QD8646711333192','2020-11-04',253.31,'Base room charge');
INSERT INTO INVOICECHARGE VALUES ('20201104QD8646711333192-ch00002','20201104QD8646711333192','2020-11-04',130.49,'Room Service');
INSERT INTO PAYMENT (payment_id,invoice_id,payment_date,payment_type,payment_amount) VALUES ('20201104QD8646711333192-p00001','20201104QD8646711333192','2020-05-05','CA',75);
-- ------- SAMPLE 1537 ----------
INSERT INTO GUEST VALUES(2537,'Shae','Sansom','SSansom@hotmail.com','1234 DaWrong Lane','Flonkerton','MD','12345','095-743-6558');
INSERT INTO RESERVATION VALUES ('20201202KJ2719465755874',2537,null,'KJ','2020-12-02','2020-12-03',null,'active');
INSERT INTO INVOICECHARGE VALUES ('20201202KJ2719465755874-ch00001','20201202KJ2719465755874','2020-12-02',138.6,'Base room charge');
INSERT INTO PAYMENT VALUES ('20201202KJ2719465755874-p00001','20201202KJ2719465755874','2020-05-05','CC',90,'Shae Sansom','1989072482823895',1,2027,813,'Mastercard');
-- ------- SAMPLE 1538 ----------
INSERT INTO GUEST VALUES(2538,'Danette','Dammann','DDammann@yahoo.com','1234 DaWrong Lane','Flonkerton','MD','12345','378-368-2614');
INSERT INTO RESERVATION VALUES ('20200210QD4434750980933',2538,116,'QD','2020-02-10','2020-02-11',null,'complete');
-- ------- SAMPLE 1539 ----------
INSERT INTO GUEST VALUES(2539,'Adrianna','Aungst','AAungst@gmail.com','1234 DaWrong Lane','Flonkerton','MD','12345','271-967-4449');
INSERT INTO RESERVATION VALUES ('20201220KS8113166528493',2539,null,'KS','2020-12-20','2020-12-21',null,'active');
-- ------- SAMPLE 1540 ----------
INSERT INTO GUEST VALUES(2540,'Dane','Dumond','DDumond@yahoo.com','1234 DaWrong Lane','Flonkerton','MD','12345','096-978-5904');
INSERT INTO RESERVATION VALUES ('20200511KS7000654445577',2540,null,'KS','2020-05-11','2020-05-15',null,'active');
INSERT INTO INVOICECHARGE VALUES ('20200511KS7000654445577-ch00001','20200511KS7000654445577','2020-05-11',281.46,'Base room charge');
INSERT INTO INVOICECHARGE VALUES ('20200511KS7000654445577-ch00002','20200511KS7000654445577','2020-05-11',145,'Room Service');
INSERT INTO PAYMENT VALUES ('20200511KS7000654445577-p00001','20200511KS7000654445577','2020-05-05','CC',426.46,'Dane Dumond','1017753747511648',8,2021,244,'Mastercard');
-- ------- SAMPLE 1541 ----------
INSERT INTO GUEST VALUES(2541,'Lucius','Liles','LLiles@gmail.com','1234 DaWrong Lane','Flonkerton','MD','12345','261-864-1788');
INSERT INTO RESERVATION VALUES ('20200223QD9292749052040',2541,200,'QD','2020-02-23','2020-02-26',null,'complete');
INSERT INTO INVOICECHARGE VALUES ('20200223QD9292749052040-ch00001','20200223QD9292749052040','2020-02-23',287.86,'Base room charge');
INSERT INTO PAYMENT VALUES ('20200223QD9292749052040-p00001','20200223QD9292749052040','2020-05-05','CC',69,'Lucius Liles','4578963675773023',6,2025,335,'Mastercard');
-- ------- SAMPLE 1542 ----------
INSERT INTO GUEST VALUES(2542,'Shera','Shorter','SShorter@gmail.com','1234 DaWrong Lane','Flonkerton','MD','12345','050-788-4100');
INSERT INTO RESERVATION VALUES ('20191012KS6623014069256',2542,112,'KS','2019-10-12','2019-10-14',null,'complete');
INSERT INTO INVOICECHARGE VALUES ('20191012KS6623014069256-ch00001','20191012KS6623014069256','2019-10-12',140.73,'Base room charge');
INSERT INTO INVOICECHARGE VALUES ('20191012KS6623014069256-ch00002','20191012KS6623014069256','2019-10-12',72.5,'Cleaning fee');
INSERT INTO PAYMENT VALUES ('20191012KS6623014069256-p00001','20191012KS6623014069256','2020-05-05','CC',52,'Shera Shorter','6282706284312343',9,2024,850,'Mastercard');
-- ------- SAMPLE 1543 ----------
INSERT INTO GUEST VALUES(2543,'Maryann','Mccutcheon','MMccutcheon@hotmail.com','1234 DaWrong Lane','Flonkerton','MD','12345','652-670-8086');
INSERT INTO RESERVATION VALUES ('20191021KJ2286083330423',2543,203,'KJ','2019-10-21','2019-10-24',null,'complete');
INSERT INTO INVOICECHARGE VALUES ('20191021KJ2286083330423-ch00001','20191021KJ2286083330423','2019-10-21',415.81,'Base room charge');
INSERT INTO PAYMENT VALUES ('20191021KJ2286083330423-p00001','20191021KJ2286083330423','2020-05-05','CC',253,'Maryann Mccutcheon','2177598621011880',8,2025,432,'Mastercard');
-- ------- SAMPLE 1544 ----------
INSERT INTO GUEST VALUES(2544,'Hanna','Hastie','HHastie@hotmail.com','1234 DaWrong Lane','Flonkerton','MD','12345','580-732-9062');
INSERT INTO RESERVATION VALUES ('20191203KS1354407278295',2544,112,'KS','2019-12-03','2019-12-04',null,'complete');
INSERT INTO INVOICECHARGE VALUES ('20191203KS1354407278295-ch00001','20191203KS1354407278295','2019-12-03',106.61,'Base room charge');
INSERT INTO PAYMENT (payment_id,invoice_id,payment_date,payment_type,payment_amount) VALUES ('20191203KS1354407278295-p00001','20191203KS1354407278295','2020-05-05','CA',106.61);
-- ------- SAMPLE 1545 ----------
INSERT INTO GUEST VALUES(2545,'Theodora','Trickey','TTrickey@hotmail.com','1234 DaWrong Lane','Flonkerton','MD','12345','269-006-5293');
INSERT INTO RESERVATION VALUES ('20210214QD9931390990071',2545,null,'QD','2021-02-14','2021-02-16',null,'active');
INSERT INTO INVOICECHARGE VALUES ('20210214QD9931390990071-ch00001','20210214QD9931390990071','2021-02-14',126.66,'Base room charge');
INSERT INTO INVOICECHARGE VALUES ('20210214QD9931390990071-ch00002','20210214QD9931390990071','2021-02-14',65.25,'Room Service');
INSERT INTO PAYMENT VALUES ('20210214QD9931390990071-p00001','20210214QD9931390990071','2020-05-05','CC',82,'Theodora Trickey','8958077903332198',5,2021,130,'Mastercard');
-- ------- SAMPLE 1546 ----------
INSERT INTO GUEST VALUES(2546,'Ella','Evanoff','EEvanoff@hotmail.com','1234 DaWrong Lane','Flonkerton','MD','12345','432-151-9888');
INSERT INTO RESERVATION VALUES ('20210412KJ9866334129595',2546,null,'KJ','2021-04-12','2021-04-17',null,'active');
-- ------- SAMPLE 1547 ----------
INSERT INTO GUEST VALUES(2547,'Delsie','Dunstan','DDunstan@yahoo.com','1234 DaWrong Lane','Flonkerton','MD','12345','017-807-6700');
INSERT INTO RESERVATION VALUES ('20190705KS3131389371517',2547,102,'KS','2019-07-05','2019-07-10',null,'complete');
INSERT INTO INVOICECHARGE VALUES ('20190705KS3131389371517-ch00001','20190705KS3131389371517','2019-07-05',533.07,'Base room charge');
INSERT INTO PAYMENT VALUES ('20190705KS3131389371517-p00001','20190705KS3131389371517','2020-05-05','CC',533.07,'Delsie Dunstan','5861128724422068',7,2027,568,'Mastercard');
-- ------- SAMPLE 1548 ----------
INSERT INTO GUEST VALUES(2548,'Rosemarie','Roeser','RRoeser@gmail.com','1234 DaWrong Lane','Flonkerton','MD','12345','845-126-9467');
INSERT INTO RESERVATION VALUES ('20190717KJ5504613445868',2548,109,'KJ','2019-07-17','2019-07-19',null,'complete');
INSERT INTO INVOICECHARGE VALUES ('20190717KJ5504613445868-ch00001','20190717KJ5504613445868','2019-07-17',182.95,'Base room charge');
INSERT INTO INVOICECHARGE VALUES ('20190717KJ5504613445868-ch00002','20190717KJ5504613445868','2019-07-17',94.25,'Room Service');
INSERT INTO PAYMENT VALUES ('20190717KJ5504613445868-p00001','20190717KJ5504613445868','2020-05-05','CC',17,'Rosemarie Roeser','9016366813665972',2,2021,237,'Mastercard');
-- ------- SAMPLE 1549 ----------
INSERT INTO GUEST VALUES(2549,'Abdul','Ashe','AAshe@yahoo.com','1234 DaWrong Lane','Flonkerton','MD','12345','346-010-4822');
INSERT INTO RESERVATION VALUES ('20210418QD7858818040614',2549,null,'QD','2021-04-18','2021-04-21',null,'active');
INSERT INTO INVOICECHARGE VALUES ('20210418QD7858818040614-ch00001','20210418QD7858818040614','2021-04-18',287.86,'Base room charge');
INSERT INTO PAYMENT VALUES ('20210418QD7858818040614-p00001','20210418QD7858818040614','2020-05-05','CC',287.86,'Abdul Ashe','7752092673072700',12,2022,600,'Mastercard');
-- ------- SAMPLE 1550 ----------
INSERT INTO GUEST VALUES(2550,'Natalia','Nowacki','NNowacki@hotmail.com','1234 DaWrong Lane','Flonkerton','MD','12345','308-177-2536');
INSERT INTO RESERVATION VALUES ('20191124QS3739324635063',2550,103,'QS','2019-11-24','2019-11-27',null,'complete');
INSERT INTO INVOICECHARGE VALUES ('20191124QS3739324635063-ch00001','20191124QS3739324635063','2019-11-24',351.83,'Base room charge');
INSERT INTO PAYMENT VALUES ('20191124QS3739324635063-p00001','20191124QS3739324635063','2020-05-05','CC',207,'Natalia Nowacki','2549485392082795',1,2022,950,'Mastercard');
-- ------- SAMPLE 1551 ----------
INSERT INTO GUEST VALUES(2551,'Deangelo','Deloera','DDeloera@yahoo.com','1234 DaWrong Lane','Flonkerton','MD','12345','336-322-4746');
INSERT INTO RESERVATION VALUES ('20190727QD7639541671513',2551,111,'QD','2019-07-27','2019-07-29',null,'complete');
INSERT INTO INVOICECHARGE VALUES ('20190727QD7639541671513-ch00001','20190727QD7639541671513','2019-07-27',191.9,'Base room charge');
INSERT INTO PAYMENT VALUES ('20190727QD7639541671513-p00001','20190727QD7639541671513','2020-05-05','CC',191.9,'Deangelo Deloera','9727787188048410',5,2024,744,'Mastercard');
-- ------- SAMPLE 1552 ----------
INSERT INTO GUEST VALUES(2552,'Kandra','Kelty','KKelty@gmail.com','1234 DaWrong Lane','Flonkerton','MD','12345','454-742-2496');
INSERT INTO RESERVATION VALUES ('20200425KS1359815131645',2552,107,'KS','2020-04-25','2020-04-29',null,'complete');
INSERT INTO INVOICECHARGE VALUES ('20200425KS1359815131645-ch00001','20200425KS1359815131645','2020-04-25',281.46,'Base room charge');
INSERT INTO INVOICECHARGE VALUES ('20200425KS1359815131645-ch00002','20200425KS1359815131645','2020-04-25',145,'Room Service');
INSERT INTO PAYMENT (payment_id,invoice_id,payment_date,payment_type,payment_amount) VALUES ('20200425KS1359815131645-p00001','20200425KS1359815131645','2020-05-05','CA',408);
-- ------- SAMPLE 1553 ----------
INSERT INTO GUEST VALUES(2553,'Romaine','Reck','RReck@hotmail.com','1234 DaWrong Lane','Flonkerton','MD','12345','736-812-5983');
INSERT INTO RESERVATION VALUES ('20200325KS9903277885082',2553,107,'KS','2020-03-25','2020-03-26',null,'complete');
INSERT INTO INVOICECHARGE VALUES ('20200325KS9903277885082-ch00001','20200325KS9903277885082','2020-03-25',70.37,'Base room charge');
INSERT INTO INVOICECHARGE VALUES ('20200325KS9903277885082-ch00002','20200325KS9903277885082','2020-03-25',36.25,'Room Service');
INSERT INTO PAYMENT VALUES ('20200325KS9903277885082-p00001','20200325KS9903277885082','2020-05-05','CC',106.61,'Romaine Reck','8412684338377616',7,2026,880,'Mastercard');
-- ------- SAMPLE 1554 ----------
INSERT INTO GUEST VALUES(2554,'Tai','Tookes','TTookes@gmail.com','1234 DaWrong Lane','Flonkerton','MD','12345','753-378-7385');
INSERT INTO RESERVATION VALUES ('20191114QD8607048290630',2554,205,'QD','2019-11-14','2019-11-18',null,'cancelled');
INSERT INTO INVOICECHARGE VALUES ('20191114QD8607048290630-ch00001','20191114QD8607048290630','2019-11-14',253.31,'Base room charge');
INSERT INTO INVOICECHARGE VALUES ('20191114QD8607048290630-ch00002','20191114QD8607048290630','2019-11-14',130.49,'Room Service');
INSERT INTO PAYMENT VALUES ('20191114QD8607048290630-p00001','20191114QD8607048290630','2020-05-05','CC',383.81,'Tai Tookes','2476611482294343',1,2026,388,'Mastercard');
-- ------- SAMPLE 1555 ----------
INSERT INTO GUEST VALUES(2555,'Yuette','Yetman','YYetman@hotmail.com','1234 DaWrong Lane','Flonkerton','MD','12345','604-544-0375');
INSERT INTO RESERVATION VALUES ('20210302KS5361783081352',2555,null,'KS','2021-03-02','2021-03-06',null,'active');
INSERT INTO INVOICECHARGE VALUES ('20210302KS5361783081352-ch00001','20210302KS5361783081352','2021-03-02',281.46,'Base room charge');
INSERT INTO INVOICECHARGE VALUES ('20210302KS5361783081352-ch00002','20210302KS5361783081352','2021-03-02',145,'Cleaning fee');
INSERT INTO PAYMENT VALUES ('20210302KS5361783081352-p00001','20210302KS5361783081352','2020-05-05','CC',222,'Yuette Yetman','6955178769353757',8,2024,136,'Mastercard');
-- ------- SAMPLE 1556 ----------
INSERT INTO GUEST VALUES(2556,'Rose','Royall','RRoyall@hotmail.com','1234 DaWrong Lane','Flonkerton','MD','12345','530-038-6737');
INSERT INTO RESERVATION VALUES ('20210422KS7188186658111',2556,null,'KS','2021-04-22','2021-04-23',null,'active');
-- ------- SAMPLE 1557 ----------
INSERT INTO GUEST VALUES(2557,'Doyle','Dykema','DDykema@yahoo.com','1234 DaWrong Lane','Flonkerton','MD','12345','127-805-1581');
INSERT INTO RESERVATION VALUES ('20210227QS6819751913426',2557,null,'QS','2021-02-27','2021-03-03',null,'active');
-- ------- SAMPLE 1558 ----------
INSERT INTO GUEST VALUES(2558,'Kathey','Kingston','KKingston@gmail.com','1234 DaWrong Lane','Flonkerton','MD','12345','178-203-5538');
INSERT INTO RESERVATION VALUES ('20190627QS6550998864731',2558,103,'QS','2019-06-27','2019-06-30',null,'complete');
INSERT INTO INVOICECHARGE VALUES ('20190627QS6550998864731-ch00001','20190627QS6550998864731','2019-06-27',351.83,'Base room charge');
INSERT INTO PAYMENT (payment_id,invoice_id,payment_date,payment_type,payment_amount) VALUES ('20190627QS6550998864731-p00001','20190627QS6550998864731','2020-05-05','CA',185);
-- ------- SAMPLE 1559 ----------
INSERT INTO GUEST VALUES(2559,'Buford','Biddy','BBiddy@gmail.com','1234 DaWrong Lane','Flonkerton','MD','12345','887-536-7448');
INSERT INTO RESERVATION VALUES ('20210308QD8003133531375',2559,null,'QD','2021-03-08','2021-03-12',null,'cancelled');
-- ------- SAMPLE 1560 ----------
INSERT INTO GUEST VALUES(2560,'Florentino','Feth','FFeth@yahoo.com','1234 DaWrong Lane','Flonkerton','MD','12345','827-846-5151');
INSERT INTO RESERVATION VALUES ('20200507KS2598361050113',2560,null,'KS','2020-05-07','2020-05-10',null,'cancelled');
-- ------- SAMPLE 1561 ----------
INSERT INTO GUEST VALUES(2561,'Cherry','Chiarello','CChiarello@gmail.com','1234 DaWrong Lane','Flonkerton','MD','12345','228-269-7848');
INSERT INTO RESERVATION VALUES ('20190728KS4580678521424',2561,107,'KS','2019-07-28','2019-08-01',null,'complete');
INSERT INTO INVOICECHARGE VALUES ('20190728KS4580678521424-ch00001','20190728KS4580678521424','2019-07-28',281.46,'Base room charge');
INSERT INTO INVOICECHARGE VALUES ('20190728KS4580678521424-ch00002','20190728KS4580678521424','2019-07-28',145,'Cleaning fee');
INSERT INTO PAYMENT VALUES ('20190728KS4580678521424-p00001','20190728KS4580678521424','2020-05-05','CC',91,'Cherry Chiarello','5564014907459254',11,2025,123,'Mastercard');
-- ------- SAMPLE 1562 ----------
INSERT INTO GUEST VALUES(2562,'Shera','Shorter','SShorter@hotmail.com','1234 DaWrong Lane','Flonkerton','MD','12345','634-668-8723');
INSERT INTO RESERVATION VALUES ('20200329QS2023634085157',2562,118,'QS','2020-03-29','2020-04-01',null,'complete');
INSERT INTO INVOICECHARGE VALUES ('20200329QS2023634085157-ch00001','20200329QS2023634085157','2020-03-29',351.83,'Base room charge');
INSERT INTO PAYMENT VALUES ('20200329QS2023634085157-p00001','20200329QS2023634085157','2020-05-05','CC',351.83,'Shera Shorter','6493484592768607',5,2022,968,'Mastercard');
-- ------- SAMPLE 1563 ----------
INSERT INTO GUEST VALUES(2563,'Marylynn','Musson','MMusson@hotmail.com','1234 DaWrong Lane','Flonkerton','MD','12345','925-356-1142');
INSERT INTO RESERVATION VALUES ('20191020KJ3382937016995',2563,119,'KJ','2019-10-20','2019-10-24',null,'complete');
INSERT INTO INVOICECHARGE VALUES ('20191020KJ3382937016995-ch00001','20191020KJ3382937016995','2019-10-20',365.91,'Base room charge');
INSERT INTO INVOICECHARGE VALUES ('20191020KJ3382937016995-ch00002','20191020KJ3382937016995','2019-10-20',188.5,'Room Service');
INSERT INTO PAYMENT VALUES ('20191020KJ3382937016995-p00001','20191020KJ3382937016995','2020-05-05','CC',288,'Marylynn Musson','1868353994490049',7,2022,42,'Mastercard');
-- ------- SAMPLE 1564 ----------
INSERT INTO GUEST VALUES(2564,'Lynda','Linda','LLinda@gmail.com','1234 DaWrong Lane','Flonkerton','MD','12345','964-582-8150');
INSERT INTO RESERVATION VALUES ('20200621QS8396655410315',2564,null,'QS','2020-06-21','2020-06-26',null,'active');
INSERT INTO INVOICECHARGE VALUES ('20200621QS8396655410315-ch00001','20200621QS8396655410315','2020-06-21',387.01,'Base room charge');
INSERT INTO INVOICECHARGE VALUES ('20200621QS8396655410315-ch00002','20200621QS8396655410315','2020-06-21',199.37,'Cleaning fee');
INSERT INTO PAYMENT VALUES ('20200621QS8396655410315-p00001','20200621QS8396655410315','2020-05-05','CC',586.38,'Lynda Linda','4878423866376823',12,2021,301,'Mastercard');
-- ------- SAMPLE 1565 ----------
INSERT INTO GUEST VALUES(2565,'Kathey','Kingston','KKingston@gmail.com','1234 DaWrong Lane','Flonkerton','MD','12345','127-909-4309');
INSERT INTO RESERVATION VALUES ('20200317KS7553788689909',2565,107,'KS','2020-03-17','2020-03-20',null,'complete');
INSERT INTO INVOICECHARGE VALUES ('20200317KS7553788689909-ch00001','20200317KS7553788689909','2020-03-17',319.84,'Base room charge');
INSERT INTO PAYMENT VALUES ('20200317KS7553788689909-p00001','20200317KS7553788689909','2020-05-05','CC',319.84,'Kathey Kingston','1351371894835140',6,2024,719,'Mastercard');
-- ------- SAMPLE 1566 ----------
INSERT INTO GUEST VALUES(2566,'Reita','Rudder','RRudder@gmail.com','1234 DaWrong Lane','Flonkerton','MD','12345','674-718-9497');
INSERT INTO RESERVATION VALUES ('20191203QS4496164497524',2566,202,'QS','2019-12-03','2019-12-08',null,'complete');
INSERT INTO INVOICECHARGE VALUES ('20191203QS4496164497524-ch00001','20191203QS4496164497524','2019-12-03',586.38,'Base room charge');
INSERT INTO PAYMENT VALUES ('20191203QS4496164497524-p00001','20191203QS4496164497524','2020-05-05','CC',486,'Reita Rudder','7045708174553032',7,2025,31,'Mastercard');
-- ------- SAMPLE 1567 ----------
INSERT INTO GUEST VALUES(2567,'Jeanene','Jacobo','JJacobo@hotmail.com','1234 DaWrong Lane','Flonkerton','MD','12345','095-388-1045');
INSERT INTO RESERVATION VALUES ('20200407KS4279393437313',2567,102,'KS','2020-04-07','2020-04-09',null,'complete');
INSERT INTO INVOICECHARGE VALUES ('20200407KS4279393437313-ch00001','20200407KS4279393437313','2020-04-07',213.23,'Base room charge');
INSERT INTO PAYMENT VALUES ('20200407KS4279393437313-p00001','20200407KS4279393437313','2020-05-05','CC',56,'Jeanene Jacobo','1555383564177750',9,2021,653,'Mastercard');
-- ------- SAMPLE 1568 ----------
INSERT INTO GUEST VALUES(2568,'Kenisha','Kane','KKane@gmail.com','1234 DaWrong Lane','Flonkerton','MD','12345','767-152-1254');
INSERT INTO RESERVATION VALUES ('20200313KI7640688744124',2568,120,'KI','2020-03-13','2020-03-18',null,'complete');
-- ------- SAMPLE 1569 ----------
INSERT INTO GUEST VALUES(2569,'Floy','Feinstein','FFeinstein@gmail.com','1234 DaWrong Lane','Flonkerton','MD','12345','884-701-4348');
INSERT INTO RESERVATION VALUES ('20201026QS6962203069473',2569,null,'QS','2020-10-26','2020-10-30',null,'active');
INSERT INTO INVOICECHARGE VALUES ('20201026QS6962203069473-ch00001','20201026QS6962203069473','2020-10-26',309.61,'Base room charge');
INSERT INTO INVOICECHARGE VALUES ('20201026QS6962203069473-ch00002','20201026QS6962203069473','2020-10-26',159.5,'Room Service');
INSERT INTO PAYMENT VALUES ('20201026QS6962203069473-p00001','20201026QS6962203069473','2020-05-05','CC',222,'Floy Feinstein','1771387129548458',4,2022,616,'Mastercard');
-- ------- SAMPLE 1570 ----------
INSERT INTO GUEST VALUES(2570,'Deandre','Defore','DDefore@yahoo.com','1234 DaWrong Lane','Flonkerton','MD','12345','486-489-2675');
INSERT INTO RESERVATION VALUES ('20190529KI9423973988374',2570,115,'KI','2019-05-29','2019-06-02',null,'cancelled');
INSERT INTO INVOICECHARGE VALUES ('20190529KI9423973988374-ch00001','20190529KI9423973988374','2019-05-29',225.16,'Base room charge');
INSERT INTO INVOICECHARGE VALUES ('20190529KI9423973988374-ch00002','20190529KI9423973988374','2019-05-29',115.99,'Room Service');
INSERT INTO PAYMENT (payment_id,invoice_id,payment_date,payment_type,payment_amount) VALUES ('20190529KI9423973988374-p00001','20190529KI9423973988374','2020-05-05','CA',70);
-- ------- SAMPLE 1571 ----------
INSERT INTO GUEST VALUES(2571,'Melony','Mcmartin','MMcmartin@gmail.com','1234 DaWrong Lane','Flonkerton','MD','12345','760-848-1629');
INSERT INTO RESERVATION VALUES ('20200828QD4388053107172',2571,null,'QD','2020-08-28','2020-09-02',null,'active');
INSERT INTO INVOICECHARGE VALUES ('20200828QD4388053107172-ch00001','20200828QD4388053107172','2020-08-28',479.76,'Base room charge');
INSERT INTO PAYMENT (payment_id,invoice_id,payment_date,payment_type,payment_amount) VALUES ('20200828QD4388053107172-p00001','20200828QD4388053107172','2020-05-05','CA',479.76);
-- ------- SAMPLE 1572 ----------
INSERT INTO GUEST VALUES(2572,'Reita','Rudder','RRudder@hotmail.com','1234 DaWrong Lane','Flonkerton','MD','12345','158-755-3837');
INSERT INTO RESERVATION VALUES ('20200205KS9621155300172',2572,201,'KS','2020-02-05','2020-02-08',null,'complete');
INSERT INTO INVOICECHARGE VALUES ('20200205KS9621155300172-ch00001','20200205KS9621155300172','2020-02-05',211.1,'Base room charge');
INSERT INTO INVOICECHARGE VALUES ('20200205KS9621155300172-ch00002','20200205KS9621155300172','2020-02-05',108.75,'Cleaning fee');
INSERT INTO PAYMENT (payment_id,invoice_id,payment_date,payment_type,payment_amount) VALUES ('20200205KS9621155300172-p00001','20200205KS9621155300172','2020-05-05','CA',147);
-- ------- SAMPLE 1573 ----------
INSERT INTO GUEST VALUES(2573,'Fleta','Fickel','FFickel@gmail.com','1234 DaWrong Lane','Flonkerton','MD','12345','758-150-0451');
INSERT INTO RESERVATION VALUES ('20210101KI4207033066593',2573,null,'KI','2021-01-01','2021-01-05',null,'active');
-- ------- SAMPLE 1574 ----------
INSERT INTO GUEST VALUES(2574,'Kathern','Korn','KKorn@yahoo.com','1234 DaWrong Lane','Flonkerton','MD','12345','224-695-5823');
INSERT INTO RESERVATION VALUES ('20200110QD3276170004680',2574,101,'QD','2020-01-10','2020-01-14',null,'complete');
INSERT INTO INVOICECHARGE VALUES ('20200110QD3276170004680-ch00001','20200110QD3276170004680','2020-01-10',253.31,'Base room charge');
INSERT INTO INVOICECHARGE VALUES ('20200110QD3276170004680-ch00002','20200110QD3276170004680','2020-01-10',130.49,'Room Service');
INSERT INTO PAYMENT (payment_id,invoice_id,payment_date,payment_type,payment_amount) VALUES ('20200110QD3276170004680-p00001','20200110QD3276170004680','2020-05-05','CA',374);
-- ------- SAMPLE 1575 ----------
INSERT INTO GUEST VALUES(2575,'Nena','Nunez','NNunez@hotmail.com','1234 DaWrong Lane','Flonkerton','MD','12345','202-065-2164');
INSERT INTO RESERVATION VALUES ('20200918KI9453340911754',2575,null,'KI','2020-09-18','2020-09-23',null,'active');
INSERT INTO INVOICECHARGE VALUES ('20200918KI9453340911754-ch00001','20200918KI9453340911754','2020-09-18',426.45,'Base room charge');
INSERT INTO PAYMENT VALUES ('20200918KI9453340911754-p00001','20200918KI9453340911754','2020-05-05','CC',426.45,'Nena Nunez','5414249316410777',10,2022,592,'Mastercard');
-- ------- SAMPLE 1576 ----------
INSERT INTO GUEST VALUES(2576,'Mario','Macdowell','MMacdowell@gmail.com','1234 DaWrong Lane','Flonkerton','MD','12345','309-360-0858');
INSERT INTO RESERVATION VALUES ('20201122QS3268056169855',2576,null,'QS','2020-11-22','2020-11-26',null,'active');
INSERT INTO INVOICECHARGE VALUES ('20201122QS3268056169855-ch00001','20201122QS3268056169855','2020-11-22',309.61,'Base room charge');
INSERT INTO INVOICECHARGE VALUES ('20201122QS3268056169855-ch00002','20201122QS3268056169855','2020-11-22',159.5,'Cleaning fee');
INSERT INTO PAYMENT VALUES ('20201122QS3268056169855-p00001','20201122QS3268056169855','2020-05-05','CC',252,'Mario Macdowell','4044790649867581',8,2022,611,'Mastercard');
-- ------- SAMPLE 1577 ----------
INSERT INTO GUEST VALUES(2577,'Collin','Chaparro','CChaparro@hotmail.com','1234 DaWrong Lane','Flonkerton','MD','12345','790-223-2191');
INSERT INTO RESERVATION VALUES ('20200922QD7810560011496',2577,null,'QD','2020-09-22','2020-09-23',null,'active');
INSERT INTO INVOICECHARGE VALUES ('20200922QD7810560011496-ch00001','20200922QD7810560011496','2020-09-22',95.95,'Base room charge');
INSERT INTO PAYMENT VALUES ('20200922QD7810560011496-p00001','20200922QD7810560011496','2020-05-05','CC',95.95,'Collin Chaparro','4228829752936480',5,2021,517,'Mastercard');
-- ------- SAMPLE 1578 ----------
INSERT INTO GUEST VALUES(2578,'Fiona','Figgs','FFiggs@hotmail.com','1234 DaWrong Lane','Flonkerton','MD','12345','154-326-7596');
INSERT INTO RESERVATION VALUES ('20200411QD6181769691382',2578,101,'QD','2020-04-11','2020-04-15',null,'complete');
INSERT INTO INVOICECHARGE VALUES ('20200411QD6181769691382-ch00001','20200411QD6181769691382','2020-04-11',383.81,'Base room charge');
INSERT INTO PAYMENT VALUES ('20200411QD6181769691382-p00001','20200411QD6181769691382','2020-05-05','CC',278,'Fiona Figgs','2758932941111432',2,2026,474,'Mastercard');
-- ------- SAMPLE 1579 ----------
INSERT INTO GUEST VALUES(2579,'Kathern','Korn','KKorn@hotmail.com','1234 DaWrong Lane','Flonkerton','MD','12345','633-024-7904');
INSERT INTO RESERVATION VALUES ('20210222KJ1989961198358',2579,null,'KJ','2021-02-22','2021-02-25',null,'active');
INSERT INTO INVOICECHARGE VALUES ('20210222KJ1989961198358-ch00001','20210222KJ1989961198358','2021-02-22',274.43,'Base room charge');
INSERT INTO INVOICECHARGE VALUES ('20210222KJ1989961198358-ch00002','20210222KJ1989961198358','2021-02-22',141.37,'Room Service');
INSERT INTO PAYMENT VALUES ('20210222KJ1989961198358-p00001','20210222KJ1989961198358','2020-05-05','CC',369,'Kathern Korn','5662268705316769',6,2027,216,'Mastercard');
-- ------- SAMPLE 1580 ----------
INSERT INTO GUEST VALUES(2580,'Heather','Hartin','HHartin@yahoo.com','1234 DaWrong Lane','Flonkerton','MD','12345','901-280-6747');
INSERT INTO RESERVATION VALUES ('20200628QD8653214430389',2580,null,'QD','2020-06-28','2020-07-03',null,'active');
-- ------- SAMPLE 1581 ----------
INSERT INTO GUEST VALUES(2581,'Delsie','Dunstan','DDunstan@gmail.com','1234 DaWrong Lane','Flonkerton','MD','12345','999-059-9945');
INSERT INTO RESERVATION VALUES ('20190508QS6962136043675',2581,113,'QS','2019-05-08','2019-05-13',null,'complete');
INSERT INTO INVOICECHARGE VALUES ('20190508QS6962136043675-ch00001','20190508QS6962136043675','2019-05-08',586.38,'Base room charge');
INSERT INTO PAYMENT (payment_id,invoice_id,payment_date,payment_type,payment_amount) VALUES ('20190508QS6962136043675-p00001','20190508QS6962136043675','2020-05-05','CA',586.38);
-- ------- SAMPLE 1582 ----------
INSERT INTO GUEST VALUES(2582,'Audrey','Aikens','AAikens@yahoo.com','1234 DaWrong Lane','Flonkerton','MD','12345','710-536-6169');
INSERT INTO RESERVATION VALUES ('20210125QS6680701852935',2582,null,'QS','2021-01-25','2021-01-26',null,'active');
INSERT INTO INVOICECHARGE VALUES ('20210125QS6680701852935-ch00001','20210125QS6680701852935','2021-01-25',77.4,'Base room charge');
INSERT INTO INVOICECHARGE VALUES ('20210125QS6680701852935-ch00002','20210125QS6680701852935','2021-01-25',39.87,'Room Service');
INSERT INTO PAYMENT VALUES ('20210125QS6680701852935-p00001','20210125QS6680701852935','2020-05-05','CC',9,'Audrey Aikens','5912835089211980',9,2021,975,'Mastercard');
-- ------- SAMPLE 1583 ----------
INSERT INTO GUEST VALUES(2583,'Nena','Nunez','NNunez@yahoo.com','1234 DaWrong Lane','Flonkerton','MD','12345','254-012-4440');
INSERT INTO RESERVATION VALUES ('20190813QS5120437797875',2583,113,'QS','2019-08-13','2019-08-14',null,'complete');
-- ------- SAMPLE 1584 ----------
INSERT INTO GUEST VALUES(2584,'Louisa','Laroque','LLaroque@gmail.com','1234 DaWrong Lane','Flonkerton','MD','12345','865-195-8799');
INSERT INTO RESERVATION VALUES ('20201229KS9421015611250',2584,null,'KS','2020-12-29','2021-01-01',null,'cancelled');
INSERT INTO INVOICECHARGE VALUES ('20201229KS9421015611250-ch00001','20201229KS9421015611250','2020-12-29',319.84,'Base room charge');
INSERT INTO PAYMENT VALUES ('20201229KS9421015611250-p00001','20201229KS9421015611250','2020-05-05','CC',319.84,'Louisa Laroque','2260452651492607',10,2025,256,'Mastercard');
-- ------- SAMPLE 1585 ----------
INSERT INTO GUEST VALUES(2585,'Tai','Tookes','TTookes@yahoo.com','1234 DaWrong Lane','Flonkerton','MD','12345','540-825-6086');
INSERT INTO RESERVATION VALUES ('20201102KI6411054872021',2585,null,'KI','2020-11-02','2020-11-07',null,'active');
-- ------- SAMPLE 1586 ----------
INSERT INTO GUEST VALUES(2586,'Kaley','Kilmon','KKilmon@yahoo.com','1234 DaWrong Lane','Flonkerton','MD','12345','369-830-3891');
INSERT INTO RESERVATION VALUES ('20200221QS7861948748418',2586,118,'QS','2020-02-21','2020-02-26',null,'complete');
INSERT INTO INVOICECHARGE VALUES ('20200221QS7861948748418-ch00001','20200221QS7861948748418','2020-02-21',586.38,'Base room charge');
INSERT INTO PAYMENT VALUES ('20200221QS7861948748418-p00001','20200221QS7861948748418','2020-05-05','CC',586.38,'Kaley Kilmon','5483023241393250',10,2022,922,'Mastercard');
-- ------- SAMPLE 1587 ----------
INSERT INTO GUEST VALUES(2587,'Dewey','Dye','DDye@gmail.com','1234 DaWrong Lane','Flonkerton','MD','12345','684-055-5331');
INSERT INTO RESERVATION VALUES ('20190731KI8954952902234',2587,115,'KI','2019-07-31','2019-08-03',null,'complete');
INSERT INTO INVOICECHARGE VALUES ('20190731KI8954952902234-ch00001','20190731KI8954952902234','2019-07-31',255.87,'Base room charge');
INSERT INTO PAYMENT VALUES ('20190731KI8954952902234-p00001','20190731KI8954952902234','2020-05-05','CC',255.87,'Dewey Dye','7754852635934326',9,2022,382,'Mastercard');
-- ------- SAMPLE 1588 ----------
INSERT INTO GUEST VALUES(2588,'Kathern','Korn','KKorn@yahoo.com','1234 DaWrong Lane','Flonkerton','MD','12345','980-609-5668');
INSERT INTO RESERVATION VALUES ('20210323QD7015292272322',2588,null,'QD','2021-03-23','2021-03-24',null,'active');
INSERT INTO INVOICECHARGE VALUES ('20210323QD7015292272322-ch00001','20210323QD7015292272322','2021-03-23',63.33,'Base room charge');
INSERT INTO INVOICECHARGE VALUES ('20210323QD7015292272322-ch00002','20210323QD7015292272322','2021-03-23',32.62,'Room Service');
INSERT INTO PAYMENT VALUES ('20210323QD7015292272322-p00001','20210323QD7015292272322','2020-05-05','CC',95.95,'Kathern Korn','2510821569848928',2,2027,736,'Mastercard');
-- ------- SAMPLE 1589 ----------
INSERT INTO GUEST VALUES(2589,'Walter','Wellington','WWellington@gmail.com','1234 DaWrong Lane','Flonkerton','MD','12345','544-601-4717');
INSERT INTO RESERVATION VALUES ('20200314KJ7503831545913',2589,104,'KJ','2020-03-14','2020-03-19',null,'complete');
-- ------- SAMPLE 1590 ----------
INSERT INTO GUEST VALUES(2590,'Kathlyn','Kinser','KKinser@gmail.com','1234 DaWrong Lane','Flonkerton','MD','12345','147-839-6714');
INSERT INTO RESERVATION VALUES ('20200117QD8600181434428',2590,200,'QD','2020-01-17','2020-01-22',null,'complete');
INSERT INTO INVOICECHARGE VALUES ('20200117QD8600181434428-ch00001','20200117QD8600181434428','2020-01-17',479.76,'Base room charge');
INSERT INTO PAYMENT VALUES ('20200117QD8600181434428-p00001','20200117QD8600181434428','2020-05-05','CC',479.76,'Kathlyn Kinser','4990770035385221',4,2024,12,'Mastercard');
-- ------- SAMPLE 1591 ----------
INSERT INTO GUEST VALUES(2591,'Rose','Royall','RRoyall@yahoo.com','1234 DaWrong Lane','Flonkerton','MD','12345','717-185-7687');
INSERT INTO RESERVATION VALUES ('20210227KI4745629816983',2591,null,'KI','2021-02-27','2021-03-04',null,'active');
-- ------- SAMPLE 1592 ----------
INSERT INTO GUEST VALUES(2592,'Romelia','Rigdon','RRigdon@yahoo.com','1234 DaWrong Lane','Flonkerton','MD','12345','376-836-2712');
INSERT INTO RESERVATION VALUES ('20200803KJ6367271823904',2592,null,'KJ','2020-08-03','2020-08-05',null,'active');
-- ------- SAMPLE 1593 ----------
INSERT INTO GUEST VALUES(2593,'Shaneka','Stribling','SStribling@gmail.com','1234 DaWrong Lane','Flonkerton','MD','12345','484-309-1060');
INSERT INTO RESERVATION VALUES ('20190606KS7774442683618',2593,206,'KS','2019-06-06','2019-06-07',null,'complete');
INSERT INTO INVOICECHARGE VALUES ('20190606KS7774442683618-ch00001','20190606KS7774442683618','2019-06-06',106.61,'Base room charge');
INSERT INTO PAYMENT (payment_id,invoice_id,payment_date,payment_type,payment_amount) VALUES ('20190606KS7774442683618-p00001','20190606KS7774442683618','2020-05-05','CA',106.61);
-- ------- SAMPLE 1594 ----------
INSERT INTO GUEST VALUES(2594,'Laraine','Lazar','LLazar@hotmail.com','1234 DaWrong Lane','Flonkerton','MD','12345','455-405-8220');
INSERT INTO RESERVATION VALUES ('20201125KS8720752611314',2594,null,'KS','2020-11-25','2020-11-29',null,'cancelled');
INSERT INTO INVOICECHARGE VALUES ('20201125KS8720752611314-ch00001','20201125KS8720752611314','2020-11-25',281.46,'Base room charge');
INSERT INTO INVOICECHARGE VALUES ('20201125KS8720752611314-ch00002','20201125KS8720752611314','2020-11-25',145,'Cleaning fee');
INSERT INTO PAYMENT VALUES ('20201125KS8720752611314-p00001','20201125KS8720752611314','2020-05-05','CC',254,'Laraine Lazar','8842423657574719',1,2025,833,'Mastercard');
-- ------- SAMPLE 1595 ----------
INSERT INTO GUEST VALUES(2595,'Katerine','Kawakami','KKawakami@hotmail.com','1234 DaWrong Lane','Flonkerton','MD','12345','325-779-9275');
INSERT INTO RESERVATION VALUES ('20200616KJ6478359284905',2595,null,'KJ','2020-06-16','2020-06-19',null,'active');
INSERT INTO INVOICECHARGE VALUES ('20200616KJ6478359284905-ch00001','20200616KJ6478359284905','2020-06-16',274.43,'Base room charge');
INSERT INTO INVOICECHARGE VALUES ('20200616KJ6478359284905-ch00002','20200616KJ6478359284905','2020-06-16',141.37,'Cleaning fee');
INSERT INTO PAYMENT VALUES ('20200616KJ6478359284905-p00001','20200616KJ6478359284905','2020-05-05','CC',47,'Katerine Kawakami','9284297074634733',3,2022,601,'Mastercard');
-- ------- SAMPLE 1596 ----------
INSERT INTO GUEST VALUES(2596,'Deandra','Dimauro','DDimauro@hotmail.com','1234 DaWrong Lane','Flonkerton','MD','12345','599-259-9979');
INSERT INTO RESERVATION VALUES ('20190708KJ6026578513934',2596,119,'KJ','2019-07-08','2019-07-10',null,'complete');
INSERT INTO INVOICECHARGE VALUES ('20190708KJ6026578513934-ch00001','20190708KJ6026578513934','2019-07-08',277.2,'Base room charge');
INSERT INTO PAYMENT VALUES ('20190708KJ6026578513934-p00001','20190708KJ6026578513934','2020-05-05','CC',277.2,'Deandra Dimauro','1143101817243472',5,2026,119,'Mastercard');
-- ------- SAMPLE 1597 ----------
INSERT INTO GUEST VALUES(2597,'Natalya','Neathery','NNeathery@hotmail.com','1234 DaWrong Lane','Flonkerton','MD','12345','651-140-5697');
INSERT INTO RESERVATION VALUES ('20201204QS1187619909998',2597,null,'QS','2020-12-04','2020-12-07',null,'active');
INSERT INTO INVOICECHARGE VALUES ('20201204QS1187619909998-ch00001','20201204QS1187619909998','2020-12-04',232.21,'Base room charge');
INSERT INTO INVOICECHARGE VALUES ('20201204QS1187619909998-ch00002','20201204QS1187619909998','2020-12-04',119.62,'Cleaning fee');
INSERT INTO PAYMENT VALUES ('20201204QS1187619909998-p00001','20201204QS1187619909998','2020-05-05','CC',351.83,'Natalya Neathery','9565905980798930',6,2025,750,'Mastercard');
-- ------- SAMPLE 1598 ----------
INSERT INTO GUEST VALUES(2598,'Rachell','Riser','RRiser@yahoo.com','1234 DaWrong Lane','Flonkerton','MD','12345','816-240-8631');
INSERT INTO RESERVATION VALUES ('20200509KJ1850360475574',2598,null,'KJ','2020-05-09','2020-05-12',null,'active');
INSERT INTO INVOICECHARGE VALUES ('20200509KJ1850360475574-ch00001','20200509KJ1850360475574','2020-05-09',415.81,'Base room charge');
INSERT INTO PAYMENT VALUES ('20200509KJ1850360475574-p00001','20200509KJ1850360475574','2020-05-05','CC',415.81,'Rachell Riser','9746571188981380',5,2027,890,'Mastercard');
-- ------- SAMPLE 1599 ----------
INSERT INTO GUEST VALUES(2599,'Leighann','Leith','LLeith@hotmail.com','1234 DaWrong Lane','Flonkerton','MD','12345','916-596-4709');
INSERT INTO RESERVATION VALUES ('20200804KS1652343099481',2599,null,'KS','2020-08-04','2020-08-09',null,'active');
INSERT INTO INVOICECHARGE VALUES ('20200804KS1652343099481-ch00001','20200804KS1652343099481','2020-08-04',533.07,'Base room charge');
INSERT INTO PAYMENT VALUES ('20200804KS1652343099481-p00001','20200804KS1652343099481','2020-05-05','CC',533.07,'Leighann Leith','4040596926087553',1,2026,902,'Mastercard');
-- ------- SAMPLE 1600 ----------
INSERT INTO GUEST VALUES(2600,'Fleta','Fickel','FFickel@hotmail.com','1234 DaWrong Lane','Flonkerton','MD','12345','141-559-6267');
INSERT INTO RESERVATION VALUES ('20200607QS2002866415530',2600,null,'QS','2020-06-07','2020-06-10',null,'active');
-- ------- SAMPLE 1601 ----------
INSERT INTO GUEST VALUES(2601,'Reita','Rudder','RRudder@gmail.com','1234 DaWrong Lane','Flonkerton','MD','12345','528-984-2412');
INSERT INTO RESERVATION VALUES ('20200521KJ9489744709838',2601,null,'KJ','2020-05-21','2020-05-23',null,'active');
INSERT INTO INVOICECHARGE VALUES ('20200521KJ9489744709838-ch00001','20200521KJ9489744709838','2020-05-21',277.2,'Base room charge');
INSERT INTO PAYMENT (payment_id,invoice_id,payment_date,payment_type,payment_amount) VALUES ('20200521KJ9489744709838-p00001','20200521KJ9489744709838','2020-05-05','CA',240);
-- ------- SAMPLE 1602 ----------
INSERT INTO GUEST VALUES(2602,'Deandre','Defore','DDefore@gmail.com','1234 DaWrong Lane','Flonkerton','MD','12345','769-775-8442');
INSERT INTO RESERVATION VALUES ('20190524KS7319536476874',2602,201,'KS','2019-05-24','2019-05-29',null,'complete');
INSERT INTO INVOICECHARGE VALUES ('20190524KS7319536476874-ch00001','20190524KS7319536476874','2019-05-24',533.07,'Base room charge');
INSERT INTO PAYMENT VALUES ('20190524KS7319536476874-p00001','20190524KS7319536476874','2020-05-05','CC',533.07,'Deandre Defore','4951610849454963',11,2027,545,'Mastercard');
-- ------- SAMPLE 1603 ----------
INSERT INTO GUEST VALUES(2603,'Leanora','Locke','LLocke@hotmail.com','1234 DaWrong Lane','Flonkerton','MD','12345','431-094-6123');
INSERT INTO RESERVATION VALUES ('20210315KJ9730461112806',2603,null,'KJ','2021-03-15','2021-03-18',null,'cancelled');
INSERT INTO INVOICECHARGE VALUES ('20210315KJ9730461112806-ch00001','20210315KJ9730461112806','2021-03-15',415.81,'Base room charge');
INSERT INTO PAYMENT VALUES ('20210315KJ9730461112806-p00001','20210315KJ9730461112806','2020-05-05','CC',403,'Leanora Locke','4560595394536023',1,2023,421,'Mastercard');
-- ------- SAMPLE 1604 ----------
INSERT INTO GUEST VALUES(2604,'Floy','Feinstein','FFeinstein@yahoo.com','1234 DaWrong Lane','Flonkerton','MD','12345','499-193-0533');
INSERT INTO RESERVATION VALUES ('20191112KJ7954285626722',2604,114,'KJ','2019-11-12','2019-11-15',null,'complete');
-- ------- SAMPLE 1605 ----------
INSERT INTO GUEST VALUES(2605,'Leighann','Leith','LLeith@hotmail.com','1234 DaWrong Lane','Flonkerton','MD','12345','117-952-3803');
INSERT INTO RESERVATION VALUES ('20200119QD4489747159147',2605,106,'QD','2020-01-19','2020-01-23',null,'complete');
INSERT INTO INVOICECHARGE VALUES ('20200119QD4489747159147-ch00001','20200119QD4489747159147','2020-01-19',383.81,'Base room charge');
INSERT INTO PAYMENT VALUES ('20200119QD4489747159147-p00001','20200119QD4489747159147','2020-05-05','CC',383.81,'Leighann Leith','6212705959912683',4,2024,5,'Mastercard');
-- ------- SAMPLE 1606 ----------
INSERT INTO GUEST VALUES(2606,'Kasey','Kipp','KKipp@yahoo.com','1234 DaWrong Lane','Flonkerton','MD','12345','051-525-6548');
INSERT INTO RESERVATION VALUES ('20201217KS4275811009666',2606,null,'KS','2020-12-17','2020-12-21',null,'active');
-- ------- SAMPLE 1607 ----------
INSERT INTO GUEST VALUES(2607,'Romelia','Rigdon','RRigdon@yahoo.com','1234 DaWrong Lane','Flonkerton','MD','12345','151-376-8404');
INSERT INTO RESERVATION VALUES ('20200207KI3678337509159',2607,115,'KI','2020-02-07','2020-02-11',null,'complete');
INSERT INTO INVOICECHARGE VALUES ('20200207KI3678337509159-ch00001','20200207KI3678337509159','2020-02-07',341.16,'Base room charge');
INSERT INTO PAYMENT VALUES ('20200207KI3678337509159-p00001','20200207KI3678337509159','2020-05-05','CC',156,'Romelia Rigdon','4121610777064063',6,2027,212,'Mastercard');
-- ------- SAMPLE 1608 ----------
INSERT INTO GUEST VALUES(2608,'Tanner','Tomasello','TTomasello@yahoo.com','1234 DaWrong Lane','Flonkerton','MD','12345','396-321-9561');
INSERT INTO RESERVATION VALUES ('20210418KI3569520227724',2608,null,'KI','2021-04-18','2021-04-20',null,'active');
INSERT INTO INVOICECHARGE VALUES ('20210418KI3569520227724-ch00001','20210418KI3569520227724','2021-04-18',112.58,'Base room charge');
INSERT INTO INVOICECHARGE VALUES ('20210418KI3569520227724-ch00002','20210418KI3569520227724','2021-04-18',58,'Room Service');
INSERT INTO PAYMENT VALUES ('20210418KI3569520227724-p00001','20210418KI3569520227724','2020-05-05','CC',8,'Tanner Tomasello','3419623952616806',7,2026,672,'Mastercard');
-- ------- SAMPLE 1609 ----------
INSERT INTO GUEST VALUES(2609,'Anita','Amezcua','AAmezcua@yahoo.com','1234 DaWrong Lane','Flonkerton','MD','12345','549-621-3236');
INSERT INTO RESERVATION VALUES ('20210130QD9334034493208',2609,null,'QD','2021-01-30','2021-02-04',null,'active');
INSERT INTO INVOICECHARGE VALUES ('20210130QD9334034493208-ch00001','20210130QD9334034493208','2021-01-30',316.64,'Base room charge');
INSERT INTO INVOICECHARGE VALUES ('20210130QD9334034493208-ch00002','20210130QD9334034493208','2021-01-30',163.12,'Cleaning fee');
INSERT INTO PAYMENT (payment_id,invoice_id,payment_date,payment_type,payment_amount) VALUES ('20210130QD9334034493208-p00001','20210130QD9334034493208','2020-05-05','CA',81);
-- ------- SAMPLE 1610 ----------
INSERT INTO GUEST VALUES(2610,'Serafina','Singh','SSingh@gmail.com','1234 DaWrong Lane','Flonkerton','MD','12345','274-745-3826');
INSERT INTO RESERVATION VALUES ('20200518QS7326113898261',2610,null,'QS','2020-05-18','2020-05-23',null,'active');
INSERT INTO INVOICECHARGE VALUES ('20200518QS7326113898261-ch00001','20200518QS7326113898261','2020-05-18',586.38,'Base room charge');
INSERT INTO PAYMENT VALUES ('20200518QS7326113898261-p00001','20200518QS7326113898261','2020-05-05','CC',586.38,'Serafina Singh','3151277954849972',11,2027,211,'Mastercard');
-- ------- SAMPLE 1611 ----------
INSERT INTO GUEST VALUES(2611,'Tanner','Tomasello','TTomasello@hotmail.com','1234 DaWrong Lane','Flonkerton','MD','12345','208-037-0103');
INSERT INTO RESERVATION VALUES ('20201221QS2971422515809',2611,null,'QS','2020-12-21','2020-12-22',null,'active');
-- ------- SAMPLE 1612 ----------
INSERT INTO GUEST VALUES(2612,'Gwyneth','Gamber','GGamber@gmail.com','1234 DaWrong Lane','Flonkerton','MD','12345','971-487-8614');
INSERT INTO RESERVATION VALUES ('20190720QD4580940824736',2612,205,'QD','2019-07-20','2019-07-24',null,'complete');
INSERT INTO INVOICECHARGE VALUES ('20190720QD4580940824736-ch00001','20190720QD4580940824736','2019-07-20',253.31,'Base room charge');
INSERT INTO INVOICECHARGE VALUES ('20190720QD4580940824736-ch00002','20190720QD4580940824736','2019-07-20',130.49,'Room Service');
INSERT INTO PAYMENT VALUES ('20190720QD4580940824736-p00001','20190720QD4580940824736','2020-05-05','CC',383.81,'Gwyneth Gamber','4990665104163055',8,2024,897,'Mastercard');
-- ------- SAMPLE 1613 ----------
INSERT INTO GUEST VALUES(2613,'Kenisha','Kane','KKane@hotmail.com','1234 DaWrong Lane','Flonkerton','MD','12345','362-088-1278');
INSERT INTO RESERVATION VALUES ('20200416QS7066721760924',2613,108,'QS','2020-04-16','2020-04-17',null,'complete');
INSERT INTO INVOICECHARGE VALUES ('20200416QS7066721760924-ch00001','20200416QS7066721760924','2020-04-16',117.28,'Base room charge');
INSERT INTO PAYMENT VALUES ('20200416QS7066721760924-p00001','20200416QS7066721760924','2020-05-05','CC',2,'Kenisha Kane','3267440928572253',10,2021,949,'Mastercard');
-- ------- SAMPLE 1614 ----------
INSERT INTO GUEST VALUES(2614,'Shandi','Scharf','SScharf@yahoo.com','1234 DaWrong Lane','Flonkerton','MD','12345','648-428-3316');
INSERT INTO RESERVATION VALUES ('20200215KJ7317771631400',2614,203,'KJ','2020-02-15','2020-02-16',null,'complete');
INSERT INTO INVOICECHARGE VALUES ('20200215KJ7317771631400-ch00001','20200215KJ7317771631400','2020-02-15',91.48,'Base room charge');
INSERT INTO INVOICECHARGE VALUES ('20200215KJ7317771631400-ch00002','20200215KJ7317771631400','2020-02-15',47.12,'Cleaning fee');
INSERT INTO PAYMENT VALUES ('20200215KJ7317771631400-p00001','20200215KJ7317771631400','2020-05-05','CC',1,'Shandi Scharf','1247766185884698',4,2024,503,'Mastercard');
-- ------- SAMPLE 1615 ----------
INSERT INTO GUEST VALUES(2615,'Kathlyn','Kinser','KKinser@yahoo.com','1234 DaWrong Lane','Flonkerton','MD','12345','458-907-9097');
INSERT INTO RESERVATION VALUES ('20191214KJ9845732991931',2615,119,'KJ','2019-12-14','2019-12-15',null,'complete');
INSERT INTO INVOICECHARGE VALUES ('20191214KJ9845732991931-ch00001','20191214KJ9845732991931','2019-12-14',138.6,'Base room charge');
INSERT INTO PAYMENT VALUES ('20191214KJ9845732991931-p00001','20191214KJ9845732991931','2020-05-05','CC',138.6,'Kathlyn Kinser','5172249581148650',2,2023,147,'Mastercard');
-- ------- SAMPLE 1616 ----------
INSERT INTO GUEST VALUES(2616,'Missy','Mcclintock','MMcclintock@gmail.com','1234 DaWrong Lane','Flonkerton','MD','12345','810-660-3929');
INSERT INTO RESERVATION VALUES ('20200905KS5017164415779',2616,null,'KS','2020-09-05','2020-09-07',null,'active');
-- ------- SAMPLE 1617 ----------
INSERT INTO GUEST VALUES(2617,'Margorie','Mcnish','MMcnish@hotmail.com','1234 DaWrong Lane','Flonkerton','MD','12345','791-457-6736');
INSERT INTO RESERVATION VALUES ('20190528KJ7946825260998',2617,109,'KJ','2019-05-28','2019-06-01',null,'cancelled');
INSERT INTO INVOICECHARGE VALUES ('20190528KJ7946825260998-ch00001','20190528KJ7946825260998','2019-05-28',365.91,'Base room charge');
INSERT INTO INVOICECHARGE VALUES ('20190528KJ7946825260998-ch00002','20190528KJ7946825260998','2019-05-28',188.5,'Room Service');
INSERT INTO PAYMENT (payment_id,invoice_id,payment_date,payment_type,payment_amount) VALUES ('20190528KJ7946825260998-p00001','20190528KJ7946825260998','2020-05-05','CA',554.41);
-- ------- SAMPLE 1618 ----------
INSERT INTO GUEST VALUES(2618,'Delsie','Dunstan','DDunstan@gmail.com','1234 DaWrong Lane','Flonkerton','MD','12345','727-126-5176');
INSERT INTO RESERVATION VALUES ('20190819KI4790531812510',2618,115,'KI','2019-08-19','2019-08-24',null,'complete');
INSERT INTO INVOICECHARGE VALUES ('20190819KI4790531812510-ch00001','20190819KI4790531812510','2019-08-19',281.45,'Base room charge');
INSERT INTO INVOICECHARGE VALUES ('20190819KI4790531812510-ch00002','20190819KI4790531812510','2019-08-19',144.99,'Cleaning fee');
INSERT INTO PAYMENT VALUES ('20190819KI4790531812510-p00001','20190819KI4790531812510','2020-05-05','CC',324,'Delsie Dunstan','8999827469293961',6,2024,468,'Mastercard');
-- ------- SAMPLE 1619 ----------
INSERT INTO GUEST VALUES(2619,'Clara','Crimmins','CCrimmins@yahoo.com','1234 DaWrong Lane','Flonkerton','MD','12345','698-107-2179');
INSERT INTO RESERVATION VALUES ('20200804QD1164204799848',2619,null,'QD','2020-08-04','2020-08-05',null,'active');
-- ------- SAMPLE 1620 ----------
INSERT INTO GUEST VALUES(2620,'Ngan','Nalley','NNalley@gmail.com','1234 DaWrong Lane','Flonkerton','MD','12345','524-041-1153');
INSERT INTO RESERVATION VALUES ('20200528KJ8858751748504',2620,null,'KJ','2020-05-28','2020-05-29',null,'cancelled');
INSERT INTO INVOICECHARGE VALUES ('20200528KJ8858751748504-ch00001','20200528KJ8858751748504','2020-05-28',91.48,'Base room charge');
INSERT INTO INVOICECHARGE VALUES ('20200528KJ8858751748504-ch00002','20200528KJ8858751748504','2020-05-28',47.12,'Room Service');
INSERT INTO PAYMENT VALUES ('20200528KJ8858751748504-p00001','20200528KJ8858751748504','2020-05-05','CC',93,'Ngan Nalley','3741588716509006',7,2023,366,'Mastercard');
-- ------- SAMPLE 1621 ----------
INSERT INTO GUEST VALUES(2621,'Kenisha','Kane','KKane@hotmail.com','1234 DaWrong Lane','Flonkerton','MD','12345','870-321-1455');
INSERT INTO RESERVATION VALUES ('20201010KI7106919947037',2621,null,'KI','2020-10-10','2020-10-11',null,'active');
-- ------- SAMPLE 1622 ----------
INSERT INTO GUEST VALUES(2622,'Rose','Royall','RRoyall@gmail.com','1234 DaWrong Lane','Flonkerton','MD','12345','338-624-2780');
INSERT INTO RESERVATION VALUES ('20210112KI4200308199879',2622,null,'KI','2021-01-12','2021-01-16',null,'active');
INSERT INTO INVOICECHARGE VALUES ('20210112KI4200308199879-ch00001','20210112KI4200308199879','2021-01-12',225.16,'Base room charge');
INSERT INTO INVOICECHARGE VALUES ('20210112KI4200308199879-ch00002','20210112KI4200308199879','2021-01-12',115.99,'Room Service');
INSERT INTO PAYMENT VALUES ('20210112KI4200308199879-p00001','20210112KI4200308199879','2020-05-05','CC',341.16,'Rose Royall','4938631208948205',3,2023,588,'Mastercard');
-- ------- SAMPLE 1623 ----------
INSERT INTO GUEST VALUES(2623,'Stacie','Schupp','SSchupp@gmail.com','1234 DaWrong Lane','Flonkerton','MD','12345','225-743-4169');
INSERT INTO RESERVATION VALUES ('20200128QD2159253753854',2623,101,'QD','2020-01-28','2020-01-29',null,'complete');
INSERT INTO INVOICECHARGE VALUES ('20200128QD2159253753854-ch00001','20200128QD2159253753854','2020-01-28',63.33,'Base room charge');
INSERT INTO INVOICECHARGE VALUES ('20200128QD2159253753854-ch00002','20200128QD2159253753854','2020-01-28',32.62,'Cleaning fee');
INSERT INTO PAYMENT VALUES ('20200128QD2159253753854-p00001','20200128QD2159253753854','2020-05-05','CC',95.95,'Stacie Schupp','9358687983960103',10,2024,307,'Mastercard');
-- ------- SAMPLE 1624 ----------
INSERT INTO GUEST VALUES(2624,'Annie','Albrecht','AAlbrecht@gmail.com','1234 DaWrong Lane','Flonkerton','MD','12345','426-382-3901');
INSERT INTO RESERVATION VALUES ('20191125KS7264593360556',2624,201,'KS','2019-11-25','2019-11-27',null,'complete');
INSERT INTO INVOICECHARGE VALUES ('20191125KS7264593360556-ch00001','20191125KS7264593360556','2019-11-25',140.73,'Base room charge');
INSERT INTO INVOICECHARGE VALUES ('20191125KS7264593360556-ch00002','20191125KS7264593360556','2019-11-25',72.5,'Cleaning fee');
INSERT INTO PAYMENT (payment_id,invoice_id,payment_date,payment_type,payment_amount) VALUES ('20191125KS7264593360556-p00001','20191125KS7264593360556','2020-05-05','CA',213.23);
-- ------- SAMPLE 1625 ----------
INSERT INTO GUEST VALUES(2625,'Eda','Elmendorf','EElmendorf@gmail.com','1234 DaWrong Lane','Flonkerton','MD','12345','978-817-6242');
INSERT INTO RESERVATION VALUES ('20210420KS1022261913580',2625,null,'KS','2021-04-20','2021-04-23',null,'active');
-- ------- SAMPLE 1626 ----------
INSERT INTO GUEST VALUES(2626,'Shae','Sansom','SSansom@gmail.com','1234 DaWrong Lane','Flonkerton','MD','12345','883-026-4815');
INSERT INTO RESERVATION VALUES ('20200123QS4779398951543',2626,202,'QS','2020-01-23','2020-01-28',null,'complete');
INSERT INTO INVOICECHARGE VALUES ('20200123QS4779398951543-ch00001','20200123QS4779398951543','2020-01-23',586.38,'Base room charge');
INSERT INTO PAYMENT VALUES ('20200123QS4779398951543-p00001','20200123QS4779398951543','2020-05-05','CC',586.38,'Shae Sansom','2212611826696870',6,2023,837,'Mastercard');
-- ------- SAMPLE 1627 ----------
INSERT INTO GUEST VALUES(2627,'Kathern','Korn','KKorn@yahoo.com','1234 DaWrong Lane','Flonkerton','MD','12345','323-454-5683');
INSERT INTO RESERVATION VALUES ('20190726KI5287460432868',2627,120,'KI','2019-07-26','2019-07-29',null,'complete');
INSERT INTO INVOICECHARGE VALUES ('20190726KI5287460432868-ch00001','20190726KI5287460432868','2019-07-26',168.87,'Base room charge');
INSERT INTO INVOICECHARGE VALUES ('20190726KI5287460432868-ch00002','20190726KI5287460432868','2019-07-26',87,'Room Service');
INSERT INTO PAYMENT VALUES ('20190726KI5287460432868-p00001','20190726KI5287460432868','2020-05-05','CC',255.87,'Kathern Korn','7743025529813216',10,2021,527,'Mastercard');
-- ------- SAMPLE 1628 ----------
INSERT INTO GUEST VALUES(2628,'Fleta','Fickel','FFickel@gmail.com','1234 DaWrong Lane','Flonkerton','MD','12345','385-684-4843');
INSERT INTO RESERVATION VALUES ('20191119KS4125491450430',2628,107,'KS','2019-11-19','2019-11-21',null,'complete');
-- ------- SAMPLE 1629 ----------
INSERT INTO GUEST VALUES(2629,'Hanna','Hastie','HHastie@yahoo.com','1234 DaWrong Lane','Flonkerton','MD','12345','509-495-2528');
INSERT INTO RESERVATION VALUES ('20200627KI8086005258101',2629,null,'KI','2020-06-27','2020-07-01',null,'cancelled');
INSERT INTO INVOICECHARGE VALUES ('20200627KI8086005258101-ch00001','20200627KI8086005258101','2020-06-27',341.16,'Base room charge');
INSERT INTO PAYMENT VALUES ('20200627KI8086005258101-p00001','20200627KI8086005258101','2020-05-05','CC',334,'Hanna Hastie','4444851245867156',3,2023,17,'Mastercard');
-- ------- SAMPLE 1630 ----------
INSERT INTO GUEST VALUES(2630,'Shera','Shorter','SShorter@hotmail.com','1234 DaWrong Lane','Flonkerton','MD','12345','365-229-7776');
INSERT INTO RESERVATION VALUES ('20200902KI1584860028963',2630,null,'KI','2020-09-02','2020-09-03',null,'active');
-- ------- SAMPLE 1631 ----------
INSERT INTO GUEST VALUES(2631,'Ella','Evanoff','EEvanoff@gmail.com','1234 DaWrong Lane','Flonkerton','MD','12345','152-497-6023');
INSERT INTO RESERVATION VALUES ('20190719KJ9014550593402',2631,119,'KJ','2019-07-19','2019-07-23',null,'complete');
INSERT INTO INVOICECHARGE VALUES ('20190719KJ9014550593402-ch00001','20190719KJ9014550593402','2019-07-19',365.91,'Base room charge');
INSERT INTO INVOICECHARGE VALUES ('20190719KJ9014550593402-ch00002','20190719KJ9014550593402','2019-07-19',188.5,'Room Service');
INSERT INTO PAYMENT (payment_id,invoice_id,payment_date,payment_type,payment_amount) VALUES ('20190719KJ9014550593402-p00001','20190719KJ9014550593402','2020-05-05','CA',554.41);
-- ------- SAMPLE 1632 ----------
INSERT INTO GUEST VALUES(2632,'Natalia','Nowacki','NNowacki@hotmail.com','1234 DaWrong Lane','Flonkerton','MD','12345','345-075-0745');
INSERT INTO RESERVATION VALUES ('20200506KJ8799288199490',2632,null,'KJ','2020-05-06','2020-05-11',null,'cancelled');
INSERT INTO INVOICECHARGE VALUES ('20200506KJ8799288199490-ch00001','20200506KJ8799288199490','2020-05-06',457.39,'Base room charge');
INSERT INTO INVOICECHARGE VALUES ('20200506KJ8799288199490-ch00002','20200506KJ8799288199490','2020-05-06',235.62,'Cleaning fee');
INSERT INTO PAYMENT (payment_id,invoice_id,payment_date,payment_type,payment_amount) VALUES ('20200506KJ8799288199490-p00001','20200506KJ8799288199490','2020-05-05','CA',386);
-- ------- SAMPLE 1633 ----------
INSERT INTO GUEST VALUES(2633,'Jammie','Jo','JJo@gmail.com','1234 DaWrong Lane','Flonkerton','MD','12345','770-015-4495');
INSERT INTO RESERVATION VALUES ('20190517KI5672770935757',2633,209,'KI','2019-05-17','2019-05-22',null,'complete');
INSERT INTO INVOICECHARGE VALUES ('20190517KI5672770935757-ch00001','20190517KI5672770935757','2019-05-17',281.45,'Base room charge');
INSERT INTO INVOICECHARGE VALUES ('20190517KI5672770935757-ch00002','20190517KI5672770935757','2019-05-17',144.99,'Cleaning fee');
INSERT INTO PAYMENT (payment_id,invoice_id,payment_date,payment_type,payment_amount) VALUES ('20190517KI5672770935757-p00001','20190517KI5672770935757','2020-05-05','CA',370);
-- ------- SAMPLE 1634 ----------
INSERT INTO GUEST VALUES(2634,'Antwan','Albury','AAlbury@gmail.com','1234 DaWrong Lane','Flonkerton','MD','12345','258-138-6364');
INSERT INTO RESERVATION VALUES ('20201023QS6874600308673',2634,null,'QS','2020-10-23','2020-10-25',null,'active');
INSERT INTO INVOICECHARGE VALUES ('20201023QS6874600308673-ch00001','20201023QS6874600308673','2020-10-23',234.55,'Base room charge');
INSERT INTO PAYMENT VALUES ('20201023QS6874600308673-p00001','20201023QS6874600308673','2020-05-05','CC',234.55,'Antwan Albury','1022997105962534',8,2023,113,'Mastercard');
-- ------- SAMPLE 1635 ----------
INSERT INTO GUEST VALUES(2635,'Hedwig','Hinz','HHinz@yahoo.com','1234 DaWrong Lane','Flonkerton','MD','12345','485-888-6731');
INSERT INTO RESERVATION VALUES ('20200217KJ6786174934382',2635,203,'KJ','2020-02-17','2020-02-19',null,'complete');
INSERT INTO INVOICECHARGE VALUES ('20200217KJ6786174934382-ch00001','20200217KJ6786174934382','2020-02-17',277.2,'Base room charge');
INSERT INTO PAYMENT VALUES ('20200217KJ6786174934382-p00001','20200217KJ6786174934382','2020-05-05','CC',277.2,'Hedwig Hinz','3863598049161388',7,2024,471,'Mastercard');
-- ------- SAMPLE 1636 ----------
INSERT INTO GUEST VALUES(2636,'Christine','Ciampa','CCiampa@gmail.com','1234 DaWrong Lane','Flonkerton','MD','12345','174-211-6503');
INSERT INTO RESERVATION VALUES ('20200412KI6225740812179',2636,115,'KI','2020-04-12','2020-04-15',null,'complete');
-- ------- SAMPLE 1637 ----------
INSERT INTO GUEST VALUES(2637,'Tifany','Temple','TTemple@gmail.com','1234 DaWrong Lane','Flonkerton','MD','12345','443-366-7046');
INSERT INTO RESERVATION VALUES ('20200320QD2497456456042',2637,111,'QD','2020-03-20','2020-03-21',null,'complete');
INSERT INTO INVOICECHARGE VALUES ('20200320QD2497456456042-ch00001','20200320QD2497456456042','2020-03-20',95.95,'Base room charge');
INSERT INTO PAYMENT (payment_id,invoice_id,payment_date,payment_type,payment_amount) VALUES ('20200320QD2497456456042-p00001','20200320QD2497456456042','2020-05-05','CA',95.95);
-- ------- SAMPLE 1638 ----------
INSERT INTO GUEST VALUES(2638,'Elfriede','Esslinger','EEsslinger@hotmail.com','1234 DaWrong Lane','Flonkerton','MD','12345','821-336-8147');
INSERT INTO RESERVATION VALUES ('20200913KS2600141691740',2638,null,'KS','2020-09-13','2020-09-15',null,'active');
INSERT INTO INVOICECHARGE VALUES ('20200913KS2600141691740-ch00001','20200913KS2600141691740','2020-09-13',213.23,'Base room charge');
INSERT INTO PAYMENT VALUES ('20200913KS2600141691740-p00001','20200913KS2600141691740','2020-05-05','CC',213.23,'Elfriede Esslinger','2388170027917393',1,2023,620,'Mastercard');
-- ------- SAMPLE 1639 ----------
INSERT INTO GUEST VALUES(2639,'Bessie','Buhler','BBuhler@yahoo.com','1234 DaWrong Lane','Flonkerton','MD','12345','435-348-9527');
INSERT INTO RESERVATION VALUES ('20201003KS3750176929825',2639,null,'KS','2020-10-03','2020-10-04',null,'cancelled');
-- ------- SAMPLE 1640 ----------
INSERT INTO GUEST VALUES(2640,'Shae','Sansom','SSansom@yahoo.com','1234 DaWrong Lane','Flonkerton','MD','12345','626-941-6947');
INSERT INTO RESERVATION VALUES ('20200614KS5489550332943',2640,null,'KS','2020-06-14','2020-06-18',null,'active');
INSERT INTO INVOICECHARGE VALUES ('20200614KS5489550332943-ch00001','20200614KS5489550332943','2020-06-14',426.46,'Base room charge');
INSERT INTO PAYMENT VALUES ('20200614KS5489550332943-p00001','20200614KS5489550332943','2020-05-05','CC',277,'Shae Sansom','4816186815085605',9,2025,966,'Mastercard');
-- ------- SAMPLE 1641 ----------
INSERT INTO GUEST VALUES(2641,'Irma','Irby','IIrby@hotmail.com','1234 DaWrong Lane','Flonkerton','MD','12345','115-759-2508');
INSERT INTO RESERVATION VALUES ('20210307QS7066286717307',2641,null,'QS','2021-03-07','2021-03-08',null,'active');
INSERT INTO INVOICECHARGE VALUES ('20210307QS7066286717307-ch00001','20210307QS7066286717307','2021-03-07',77.4,'Base room charge');
INSERT INTO INVOICECHARGE VALUES ('20210307QS7066286717307-ch00002','20210307QS7066286717307','2021-03-07',39.87,'Room Service');
INSERT INTO PAYMENT VALUES ('20210307QS7066286717307-p00001','20210307QS7066286717307','2020-05-05','CC',117.28,'Irma Irby','3477193330467005',2,2026,145,'Mastercard');
-- ------- SAMPLE 1642 ----------
INSERT INTO GUEST VALUES(2642,'Shaneka','Stribling','SStribling@yahoo.com','1234 DaWrong Lane','Flonkerton','MD','12345','377-553-0851');
INSERT INTO RESERVATION VALUES ('20201115QD4508569777321',2642,null,'QD','2020-11-15','2020-11-17',null,'active');
-- ------- SAMPLE 1643 ----------
INSERT INTO GUEST VALUES(2643,'Deandra','Dimauro','DDimauro@hotmail.com','1234 DaWrong Lane','Flonkerton','MD','12345','485-294-2320');
INSERT INTO RESERVATION VALUES ('20200819KJ2631868705696',2643,null,'KJ','2020-08-19','2020-08-23',null,'active');
INSERT INTO INVOICECHARGE VALUES ('20200819KJ2631868705696-ch00001','20200819KJ2631868705696','2020-08-19',554.41,'Base room charge');
INSERT INTO PAYMENT VALUES ('20200819KJ2631868705696-p00001','20200819KJ2631868705696','2020-05-05','CC',115,'Deandra Dimauro','1241583733915402',7,2023,749,'Mastercard');
-- ------- SAMPLE 1644 ----------
INSERT INTO GUEST VALUES(2644,'Collin','Chaparro','CChaparro@hotmail.com','1234 DaWrong Lane','Flonkerton','MD','12345','248-522-6939');
INSERT INTO RESERVATION VALUES ('20210430KI3846322227486',2644,null,'KI','2021-04-30','2021-05-03',null,'active');
INSERT INTO INVOICECHARGE VALUES ('20210430KI3846322227486-ch00001','20210430KI3846322227486','2021-04-30',255.87,'Base room charge');
INSERT INTO PAYMENT (payment_id,invoice_id,payment_date,payment_type,payment_amount) VALUES ('20210430KI3846322227486-p00001','20210430KI3846322227486','2020-05-05','CA',252);
-- ------- SAMPLE 1645 ----------
INSERT INTO GUEST VALUES(2645,'Tish','Tusing','TTusing@hotmail.com','1234 DaWrong Lane','Flonkerton','MD','12345','980-274-8118');
INSERT INTO RESERVATION VALUES ('20210226QD7788632399222',2645,null,'QD','2021-02-26','2021-03-02',null,'active');
INSERT INTO INVOICECHARGE VALUES ('20210226QD7788632399222-ch00001','20210226QD7788632399222','2021-02-26',383.81,'Base room charge');
INSERT INTO PAYMENT (payment_id,invoice_id,payment_date,payment_type,payment_amount) VALUES ('20210226QD7788632399222-p00001','20210226QD7788632399222','2020-05-05','CA',383.81);
-- ------- SAMPLE 1646 ----------
INSERT INTO GUEST VALUES(2646,'Margorie','Mcnish','MMcnish@gmail.com','1234 DaWrong Lane','Flonkerton','MD','12345','975-100-0346');
INSERT INTO RESERVATION VALUES ('20201028KS7938103604394',2646,null,'KS','2020-10-28','2020-11-01',null,'active');
INSERT INTO INVOICECHARGE VALUES ('20201028KS7938103604394-ch00001','20201028KS7938103604394','2020-10-28',426.46,'Base room charge');
INSERT INTO PAYMENT VALUES ('20201028KS7938103604394-p00001','20201028KS7938103604394','2020-05-05','CC',426.46,'Margorie Mcnish','8637116080641249',2,2022,78,'Mastercard');
-- ------- SAMPLE 1647 ----------
INSERT INTO GUEST VALUES(2647,'Deandra','Dimauro','DDimauro@yahoo.com','1234 DaWrong Lane','Flonkerton','MD','12345','630-494-6157');
INSERT INTO RESERVATION VALUES ('20190704KS7983010704015',2647,117,'KS','2019-07-04','2019-07-05',null,'complete');
-- ------- SAMPLE 1648 ----------
INSERT INTO GUEST VALUES(2648,'Annie','Albrecht','AAlbrecht@hotmail.com','1234 DaWrong Lane','Flonkerton','MD','12345','394-882-5773');
INSERT INTO RESERVATION VALUES ('20200815QS4615046858011',2648,null,'QS','2020-08-15','2020-08-17',null,'active');
INSERT INTO INVOICECHARGE VALUES ('20200815QS4615046858011-ch00001','20200815QS4615046858011','2020-08-15',234.55,'Base room charge');
INSERT INTO PAYMENT VALUES ('20200815QS4615046858011-p00001','20200815QS4615046858011','2020-05-05','CC',54,'Annie Albrecht','3137899033886574',4,2025,250,'Mastercard');
-- ------- SAMPLE 1649 ----------
INSERT INTO GUEST VALUES(2649,'Fonda','Foreman','FForeman@hotmail.com','1234 DaWrong Lane','Flonkerton','MD','12345','577-015-3100');
INSERT INTO RESERVATION VALUES ('20200219KS4048582443075',2649,117,'KS','2020-02-19','2020-02-22',null,'complete');
-- ------- SAMPLE 1650 ----------
INSERT INTO GUEST VALUES(2650,'Bradley','Bently','BBently@hotmail.com','1234 DaWrong Lane','Flonkerton','MD','12345','515-819-0727');
INSERT INTO RESERVATION VALUES ('20210222QD2004799550234',2650,null,'QD','2021-02-22','2021-02-25',null,'cancelled');
INSERT INTO INVOICECHARGE VALUES ('20210222QD2004799550234-ch00001','20210222QD2004799550234','2021-02-22',287.86,'Base room charge');
INSERT INTO PAYMENT (payment_id,invoice_id,payment_date,payment_type,payment_amount) VALUES ('20210222QD2004799550234-p00001','20210222QD2004799550234','2020-05-05','CA',287.86);
-- ------- SAMPLE 1651 ----------
INSERT INTO GUEST VALUES(2651,'Kathey','Kingston','KKingston@gmail.com','1234 DaWrong Lane','Flonkerton','MD','12345','095-164-5908');
INSERT INTO RESERVATION VALUES ('20201114QS3834359376935',2651,null,'QS','2020-11-14','2020-11-18',null,'active');
INSERT INTO INVOICECHARGE VALUES ('20201114QS3834359376935-ch00001','20201114QS3834359376935','2020-11-14',309.61,'Base room charge');
INSERT INTO INVOICECHARGE VALUES ('20201114QS3834359376935-ch00002','20201114QS3834359376935','2020-11-14',159.5,'Cleaning fee');
INSERT INTO PAYMENT VALUES ('20201114QS3834359376935-p00001','20201114QS3834359376935','2020-05-05','CC',52,'Kathey Kingston','1694669146507076',9,2024,922,'Mastercard');
-- ------- SAMPLE 1652 ----------
INSERT INTO GUEST VALUES(2652,'Raven','Rybicki','RRybicki@gmail.com','1234 DaWrong Lane','Flonkerton','MD','12345','562-342-1864');
INSERT INTO RESERVATION VALUES ('20191016QS4003320632383',2652,108,'QS','2019-10-16','2019-10-20',null,'cancelled');
-- ------- SAMPLE 1653 ----------
INSERT INTO GUEST VALUES(2653,'Jeanene','Jacobo','JJacobo@gmail.com','1234 DaWrong Lane','Flonkerton','MD','12345','364-342-2275');
INSERT INTO RESERVATION VALUES ('20200807QS8795881633200',2653,null,'QS','2020-08-07','2020-08-08',null,'active');
INSERT INTO INVOICECHARGE VALUES ('20200807QS8795881633200-ch00001','20200807QS8795881633200','2020-08-07',117.28,'Base room charge');
INSERT INTO PAYMENT VALUES ('20200807QS8795881633200-p00001','20200807QS8795881633200','2020-05-05','CC',78,'Jeanene Jacobo','6495861022966318',7,2025,325,'Mastercard');
-- ------- SAMPLE 1654 ----------
INSERT INTO GUEST VALUES(2654,'Jarrett','Janelle','JJanelle@gmail.com','1234 DaWrong Lane','Flonkerton','MD','12345','767-629-5033');
INSERT INTO RESERVATION VALUES ('20201019KS7949134641752',2654,null,'KS','2020-10-19','2020-10-22',null,'active');
INSERT INTO INVOICECHARGE VALUES ('20201019KS7949134641752-ch00001','20201019KS7949134641752','2020-10-19',211.1,'Base room charge');
INSERT INTO INVOICECHARGE VALUES ('20201019KS7949134641752-ch00002','20201019KS7949134641752','2020-10-19',108.75,'Cleaning fee');
INSERT INTO PAYMENT VALUES ('20201019KS7949134641752-p00001','20201019KS7949134641752','2020-05-05','CC',319.84,'Jarrett Janelle','8085863912972301',1,2027,966,'Mastercard');
-- ------- SAMPLE 1655 ----------
INSERT INTO GUEST VALUES(2655,'Fonda','Foreman','FForeman@hotmail.com','1234 DaWrong Lane','Flonkerton','MD','12345','220-353-0189');
INSERT INTO RESERVATION VALUES ('20210324QS2249232574964',2655,null,'QS','2021-03-24','2021-03-28',null,'active');
-- ------- SAMPLE 1656 ----------
INSERT INTO GUEST VALUES(2656,'Nena','Nunez','NNunez@yahoo.com','1234 DaWrong Lane','Flonkerton','MD','12345','108-829-6380');
INSERT INTO RESERVATION VALUES ('20191204KI4048325955084',2656,120,'KI','2019-12-04','2019-12-07',null,'complete');
INSERT INTO INVOICECHARGE VALUES ('20191204KI4048325955084-ch00001','20191204KI4048325955084','2019-12-04',255.87,'Base room charge');
INSERT INTO PAYMENT VALUES ('20191204KI4048325955084-p00001','20191204KI4048325955084','2020-05-05','CC',153,'Nena Nunez','5005629916337986',4,2026,616,'Mastercard');
-- ------- SAMPLE 1657 ----------
INSERT INTO GUEST VALUES(2657,'Floy','Feinstein','FFeinstein@yahoo.com','1234 DaWrong Lane','Flonkerton','MD','12345','167-305-2131');
INSERT INTO RESERVATION VALUES ('20190629QD9795702572585',2657,106,'QD','2019-06-29','2019-06-30',null,'complete');
INSERT INTO INVOICECHARGE VALUES ('20190629QD9795702572585-ch00001','20190629QD9795702572585','2019-06-29',63.33,'Base room charge');
INSERT INTO INVOICECHARGE VALUES ('20190629QD9795702572585-ch00002','20190629QD9795702572585','2019-06-29',32.62,'Cleaning fee');
INSERT INTO PAYMENT VALUES ('20190629QD9795702572585-p00001','20190629QD9795702572585','2020-05-05','CC',95.95,'Floy Feinstein','5086735841477409',12,2025,734,'Mastercard');
-- ------- SAMPLE 1658 ----------
INSERT INTO GUEST VALUES(2658,'Irma','Irby','IIrby@hotmail.com','1234 DaWrong Lane','Flonkerton','MD','12345','229-116-6573');
INSERT INTO RESERVATION VALUES ('20200229KS7148964252003',2658,102,'KS','2020-02-29','2020-03-02',null,'cancelled');
-- ------- SAMPLE 1659 ----------
INSERT INTO GUEST VALUES(2659,'Annie','Albrecht','AAlbrecht@hotmail.com','1234 DaWrong Lane','Flonkerton','MD','12345','975-989-3389');
INSERT INTO RESERVATION VALUES ('20200720QS2793815776520',2659,null,'QS','2020-07-20','2020-07-21',null,'cancelled');
-- ------- SAMPLE 1660 ----------
INSERT INTO GUEST VALUES(2660,'Bessie','Buhler','BBuhler@gmail.com','1234 DaWrong Lane','Flonkerton','MD','12345','321-330-3749');
INSERT INTO RESERVATION VALUES ('20190927KS9483410856339',2660,206,'KS','2019-09-27','2019-10-01',null,'complete');
INSERT INTO INVOICECHARGE VALUES ('20190927KS9483410856339-ch00001','20190927KS9483410856339','2019-09-27',281.46,'Base room charge');
INSERT INTO INVOICECHARGE VALUES ('20190927KS9483410856339-ch00002','20190927KS9483410856339','2019-09-27',145,'Room Service');
INSERT INTO PAYMENT VALUES ('20190927KS9483410856339-p00001','20190927KS9483410856339','2020-05-05','CC',426.46,'Bessie Buhler','4309181807428307',7,2026,420,'Mastercard');
-- ------- SAMPLE 1661 ----------
INSERT INTO GUEST VALUES(2661,'Natalia','Nowacki','NNowacki@yahoo.com','1234 DaWrong Lane','Flonkerton','MD','12345','798-527-4465');
INSERT INTO RESERVATION VALUES ('20190701KI8923660555640',2661,115,'KI','2019-07-01','2019-07-04',null,'complete');
INSERT INTO INVOICECHARGE VALUES ('20190701KI8923660555640-ch00001','20190701KI8923660555640','2019-07-01',255.87,'Base room charge');
INSERT INTO PAYMENT VALUES ('20190701KI8923660555640-p00001','20190701KI8923660555640','2020-05-05','CC',255.87,'Natalia Nowacki','5567006908284914',1,2021,537,'Mastercard');
-- ------- SAMPLE 1662 ----------
INSERT INTO GUEST VALUES(2662,'Delsie','Delong','DDelong@yahoo.com','1234 DaWrong Lane','Flonkerton','MD','12345','296-368-4627');
INSERT INTO RESERVATION VALUES ('20200215KI5486526147986',2662,204,'KI','2020-02-15','2020-02-17',null,'complete');
INSERT INTO INVOICECHARGE VALUES ('20200215KI5486526147986-ch00001','20200215KI5486526147986','2020-02-15',170.58,'Base room charge');
INSERT INTO PAYMENT VALUES ('20200215KI5486526147986-p00001','20200215KI5486526147986','2020-05-05','CC',170.58,'Delsie Delong','4992649865743970',12,2023,837,'Mastercard');
-- ------- SAMPLE 1663 ----------
INSERT INTO GUEST VALUES(2663,'Hanna','Hastie','HHastie@gmail.com','1234 DaWrong Lane','Flonkerton','MD','12345','627-658-9836');
INSERT INTO RESERVATION VALUES ('20210125QS3354602582062',2663,null,'QS','2021-01-25','2021-01-28',null,'active');
INSERT INTO INVOICECHARGE VALUES ('20210125QS3354602582062-ch00001','20210125QS3354602582062','2021-01-25',232.21,'Base room charge');
INSERT INTO INVOICECHARGE VALUES ('20210125QS3354602582062-ch00002','20210125QS3354602582062','2021-01-25',119.62,'Cleaning fee');
INSERT INTO PAYMENT VALUES ('20210125QS3354602582062-p00001','20210125QS3354602582062','2020-05-05','CC',351.83,'Hanna Hastie','1149158910912597',4,2026,156,'Mastercard');
-- ------- SAMPLE 1664 ----------
INSERT INTO GUEST VALUES(2664,'Hanna','Hastie','HHastie@yahoo.com','1234 DaWrong Lane','Flonkerton','MD','12345','092-331-2243');
INSERT INTO RESERVATION VALUES ('20191009KI7854393287827',2664,209,'KI','2019-10-09','2019-10-11',null,'cancelled');
INSERT INTO INVOICECHARGE VALUES ('20191009KI7854393287827-ch00001','20191009KI7854393287827','2019-10-09',170.58,'Base room charge');
INSERT INTO PAYMENT (payment_id,invoice_id,payment_date,payment_type,payment_amount) VALUES ('20191009KI7854393287827-p00001','20191009KI7854393287827','2020-05-05','CA',170.58);
-- ------- SAMPLE 1665 ----------
INSERT INTO GUEST VALUES(2665,'Lucius','Liles','LLiles@hotmail.com','1234 DaWrong Lane','Flonkerton','MD','12345','491-298-5477');
INSERT INTO RESERVATION VALUES ('20200628QD6229871791731',2665,null,'QD','2020-06-28','2020-07-01',null,'active');
INSERT INTO INVOICECHARGE VALUES ('20200628QD6229871791731-ch00001','20200628QD6229871791731','2020-06-28',287.86,'Base room charge');
INSERT INTO PAYMENT VALUES ('20200628QD6229871791731-p00001','20200628QD6229871791731','2020-05-05','CC',287.86,'Lucius Liles','6731289008677367',3,2027,13,'Mastercard');
-- ------- SAMPLE 1666 ----------
INSERT INTO GUEST VALUES(2666,'Dorothea','Dipaolo','DDipaolo@yahoo.com','1234 DaWrong Lane','Flonkerton','MD','12345','378-545-8185');
INSERT INTO RESERVATION VALUES ('20210309KS5211986914476',2666,null,'KS','2021-03-09','2021-03-14',null,'active');
INSERT INTO INVOICECHARGE VALUES ('20210309KS5211986914476-ch00001','20210309KS5211986914476','2021-03-09',426.46,'Base room charge');
INSERT INTO PAYMENT (payment_id,invoice_id,payment_date,payment_type,payment_amount) VALUES ('20210309KS5211986914476-p00001','20210309KS5211986914476','2020-05-05','CA',134);
-- ------- SAMPLE 1667 ----------
INSERT INTO GUEST VALUES(2667,'Lakenya','Langston','LLangston@yahoo.com','1234 DaWrong Lane','Flonkerton','MD','12345','273-911-8430');
INSERT INTO RESERVATION VALUES ('20200608KS4232743811015',2667,null,'KS','2020-06-08','2020-06-11',null,'active');
INSERT INTO INVOICECHARGE VALUES ('20200608KS4232743811015-ch00001','20200608KS4232743811015','2020-06-08',211.1,'Base room charge');
INSERT INTO INVOICECHARGE VALUES ('20200608KS4232743811015-ch00002','20200608KS4232743811015','2020-06-08',108.75,'Room Service');
INSERT INTO PAYMENT (payment_id,invoice_id,payment_date,payment_type,payment_amount) VALUES ('20200608KS4232743811015-p00001','20200608KS4232743811015','2020-05-05','CA',52);
-- ------- SAMPLE 1668 ----------
INSERT INTO GUEST VALUES(2668,'Joann','Joplin','JJoplin@hotmail.com','1234 DaWrong Lane','Flonkerton','MD','12345','976-002-4244');
INSERT INTO RESERVATION VALUES ('20210413KI7630605349386',2668,null,'KI','2021-04-13','2021-04-15',null,'active');
-- ------- SAMPLE 1669 ----------
INSERT INTO GUEST VALUES(2669,'Reita','Rudder','RRudder@gmail.com','1234 DaWrong Lane','Flonkerton','MD','12345','416-249-0644');
INSERT INTO RESERVATION VALUES ('20201022KS2082154650132',2669,null,'KS','2020-10-22','2020-10-27',null,'active');
INSERT INTO INVOICECHARGE VALUES ('20201022KS2082154650132-ch00001','20201022KS2082154650132','2020-10-22',351.83,'Base room charge');
INSERT INTO INVOICECHARGE VALUES ('20201022KS2082154650132-ch00002','20201022KS2082154650132','2020-10-22',181.24,'Room Service');
INSERT INTO PAYMENT VALUES ('20201022KS2082154650132-p00001','20201022KS2082154650132','2020-05-05','CC',24,'Reita Rudder','5040774968790660',11,2025,90,'Mastercard');
-- ------- SAMPLE 1670 ----------
INSERT INTO GUEST VALUES(2670,'Ella','Evanoff','EEvanoff@yahoo.com','1234 DaWrong Lane','Flonkerton','MD','12345','830-168-5213');
INSERT INTO RESERVATION VALUES ('20210106KS9956184103212',2670,null,'KS','2021-01-06','2021-01-11',null,'active');
INSERT INTO INVOICECHARGE VALUES ('20210106KS9956184103212-ch00001','20210106KS9956184103212','2021-01-06',533.07,'Base room charge');
INSERT INTO PAYMENT VALUES ('20210106KS9956184103212-p00001','20210106KS9956184103212','2020-05-05','CC',533.07,'Ella Evanoff','4017323500780463',2,2024,234,'Mastercard');
-- ------- SAMPLE 1671 ----------
INSERT INTO GUEST VALUES(2671,'Tai','Tookes','TTookes@gmail.com','1234 DaWrong Lane','Flonkerton','MD','12345','861-525-1372');
INSERT INTO RESERVATION VALUES ('20200214QS7574930620443',2671,118,'QS','2020-02-14','2020-02-17',null,'complete');
-- ------- SAMPLE 1672 ----------
INSERT INTO GUEST VALUES(2672,'Dewey','Dye','DDye@hotmail.com','1234 DaWrong Lane','Flonkerton','MD','12345','231-151-7703');
INSERT INTO RESERVATION VALUES ('20190723KI9769258379973',2672,105,'KI','2019-07-23','2019-07-28',null,'complete');
INSERT INTO INVOICECHARGE VALUES ('20190723KI9769258379973-ch00001','20190723KI9769258379973','2019-07-23',426.45,'Base room charge');
INSERT INTO PAYMENT (payment_id,invoice_id,payment_date,payment_type,payment_amount) VALUES ('20190723KI9769258379973-p00001','20190723KI9769258379973','2020-05-05','CA',426.45);
-- ------- SAMPLE 1673 ----------
INSERT INTO GUEST VALUES(2673,'Missy','Mcclintock','MMcclintock@gmail.com','1234 DaWrong Lane','Flonkerton','MD','12345','279-422-3574');
INSERT INTO RESERVATION VALUES ('20201104QD2631281435374',2673,null,'QD','2020-11-04','2020-11-08',null,'active');
-- ------- SAMPLE 1674 ----------
INSERT INTO GUEST VALUES(2674,'Shena','Sandoz','SSandoz@gmail.com','1234 DaWrong Lane','Flonkerton','MD','12345','990-309-0926');
INSERT INTO RESERVATION VALUES ('20200422KJ3951003781204',2674,119,'KJ','2020-04-22','2020-04-25',null,'complete');
INSERT INTO INVOICECHARGE VALUES ('20200422KJ3951003781204-ch00001','20200422KJ3951003781204','2020-04-22',274.43,'Base room charge');
INSERT INTO INVOICECHARGE VALUES ('20200422KJ3951003781204-ch00002','20200422KJ3951003781204','2020-04-22',141.37,'Cleaning fee');
INSERT INTO PAYMENT VALUES ('20200422KJ3951003781204-p00001','20200422KJ3951003781204','2020-05-05','CC',415.81,'Shena Sandoz','7727372625635594',11,2024,903,'Mastercard');
-- ------- SAMPLE 1675 ----------
INSERT INTO GUEST VALUES(2675,'Eda','Elmendorf','EElmendorf@yahoo.com','1234 DaWrong Lane','Flonkerton','MD','12345','249-796-9019');
INSERT INTO RESERVATION VALUES ('20201218KS2642551963247',2675,null,'KS','2020-12-18','2020-12-23',null,'active');
-- ------- SAMPLE 1676 ----------
INSERT INTO GUEST VALUES(2676,'Lucius','Liles','LLiles@yahoo.com','1234 DaWrong Lane','Flonkerton','MD','12345','531-354-6586');
INSERT INTO RESERVATION VALUES ('20190531QD9700615754371',2676,106,'QD','2019-05-31','2019-06-02',null,'complete');
INSERT INTO INVOICECHARGE VALUES ('20190531QD9700615754371-ch00001','20190531QD9700615754371','2019-05-31',126.66,'Base room charge');
INSERT INTO INVOICECHARGE VALUES ('20190531QD9700615754371-ch00002','20190531QD9700615754371','2019-05-31',65.25,'Cleaning fee');
INSERT INTO PAYMENT VALUES ('20190531QD9700615754371-p00001','20190531QD9700615754371','2020-05-05','CC',191.9,'Lucius Liles','8325903798504291',6,2025,763,'Mastercard');
-- ------- SAMPLE 1677 ----------
INSERT INTO GUEST VALUES(2677,'Shawn','Stefanski','SStefanski@gmail.com','1234 DaWrong Lane','Flonkerton','MD','12345','772-688-8849');
INSERT INTO RESERVATION VALUES ('20210204KI5529635110764',2677,null,'KI','2021-02-04','2021-02-05',null,'active');
-- ------- SAMPLE 1678 ----------
INSERT INTO GUEST VALUES(2678,'Claribel','Catanzaro','CCatanzaro@hotmail.com','1234 DaWrong Lane','Flonkerton','MD','12345','990-617-1915');
INSERT INTO RESERVATION VALUES ('20210129QS9148073100783',2678,null,'QS','2021-01-29','2021-01-31',null,'active');
-- ------- SAMPLE 1679 ----------
INSERT INTO GUEST VALUES(2679,'Laraine','Lazar','LLazar@yahoo.com','1234 DaWrong Lane','Flonkerton','MD','12345','919-237-5379');
INSERT INTO RESERVATION VALUES ('20201212KI2995491895767',2679,null,'KI','2020-12-12','2020-12-14',null,'active');
INSERT INTO INVOICECHARGE VALUES ('20201212KI2995491895767-ch00001','20201212KI2995491895767','2020-12-12',170.58,'Base room charge');
INSERT INTO PAYMENT VALUES ('20201212KI2995491895767-p00001','20201212KI2995491895767','2020-05-05','CC',170.58,'Laraine Lazar','3967478507103400',4,2021,424,'Mastercard');
-- ------- SAMPLE 1680 ----------
INSERT INTO GUEST VALUES(2680,'Leonore','Losh','LLosh@yahoo.com','1234 DaWrong Lane','Flonkerton','MD','12345','456-301-3500');
INSERT INTO RESERVATION VALUES ('20210113QD5558615930654',2680,null,'QD','2021-01-13','2021-01-16',null,'active');
INSERT INTO INVOICECHARGE VALUES ('20210113QD5558615930654-ch00001','20210113QD5558615930654','2021-01-13',189.98,'Base room charge');
INSERT INTO INVOICECHARGE VALUES ('20210113QD5558615930654-ch00002','20210113QD5558615930654','2021-01-13',97.87,'Cleaning fee');
INSERT INTO PAYMENT VALUES ('20210113QD5558615930654-p00001','20210113QD5558615930654','2020-05-05','CC',287.86,'Leonore Losh','6409935170294466',11,2026,994,'Mastercard');
-- ------- SAMPLE 1681 ----------
INSERT INTO GUEST VALUES(2681,'Malia','Molden','MMolden@hotmail.com','1234 DaWrong Lane','Flonkerton','MD','12345','073-816-3594');
INSERT INTO RESERVATION VALUES ('20200223KI2272300920671',2681,120,'KI','2020-02-23','2020-02-26',null,'complete');
INSERT INTO INVOICECHARGE VALUES ('20200223KI2272300920671-ch00001','20200223KI2272300920671','2020-02-23',255.87,'Base room charge');
INSERT INTO PAYMENT VALUES ('20200223KI2272300920671-p00001','20200223KI2272300920671','2020-05-05','CC',255.87,'Malia Molden','3999085176507967',11,2021,240,'Mastercard');
-- ------- SAMPLE 1682 ----------
INSERT INTO GUEST VALUES(2682,'Corene','Carmody','CCarmody@hotmail.com','1234 DaWrong Lane','Flonkerton','MD','12345','326-476-8353');
INSERT INTO RESERVATION VALUES ('20191130KJ4978334905504',2682,104,'KJ','2019-11-30','2019-12-01',null,'complete');
-- ------- SAMPLE 1683 ----------
INSERT INTO GUEST VALUES(2683,'Kenisha','Kane','KKane@yahoo.com','1234 DaWrong Lane','Flonkerton','MD','12345','491-409-8921');
INSERT INTO RESERVATION VALUES ('20201208KI8099058807274',2683,null,'KI','2020-12-08','2020-12-09',null,'active');
INSERT INTO INVOICECHARGE VALUES ('20201208KI8099058807274-ch00001','20201208KI8099058807274','2020-12-08',85.29,'Base room charge');
INSERT INTO PAYMENT VALUES ('20201208KI8099058807274-p00001','20201208KI8099058807274','2020-05-05','CC',69,'Kenisha Kane','5673185274025370',1,2025,68,'Mastercard');
-- ------- SAMPLE 1684 ----------
INSERT INTO GUEST VALUES(2684,'Ginger','Gordillo','GGordillo@gmail.com','1234 DaWrong Lane','Flonkerton','MD','12345','327-223-0602');
INSERT INTO RESERVATION VALUES ('20210415KI1652155642979',2684,null,'KI','2021-04-15','2021-04-20',null,'active');
INSERT INTO INVOICECHARGE VALUES ('20210415KI1652155642979-ch00001','20210415KI1652155642979','2021-04-15',281.45,'Base room charge');
INSERT INTO INVOICECHARGE VALUES ('20210415KI1652155642979-ch00002','20210415KI1652155642979','2021-04-15',144.99,'Cleaning fee');
INSERT INTO PAYMENT VALUES ('20210415KI1652155642979-p00001','20210415KI1652155642979','2020-05-05','CC',426.45,'Ginger Gordillo','1926733057076922',5,2024,951,'Mastercard');
-- ------- SAMPLE 1685 ----------
INSERT INTO GUEST VALUES(2685,'Rosemarie','Roeser','RRoeser@gmail.com','1234 DaWrong Lane','Flonkerton','MD','12345','752-904-6922');
INSERT INTO RESERVATION VALUES ('20201104QD9996116490668',2685,null,'QD','2020-11-04','2020-11-07',null,'cancelled');
-- ------- SAMPLE 1686 ----------
INSERT INTO GUEST VALUES(2686,'Demarcus','Dearborn','DDearborn@yahoo.com','1234 DaWrong Lane','Flonkerton','MD','12345','619-519-5104');
INSERT INTO RESERVATION VALUES ('20200106QD5272217042925',2686,116,'QD','2020-01-06','2020-01-09',null,'complete');
INSERT INTO INVOICECHARGE VALUES ('20200106QD5272217042925-ch00001','20200106QD5272217042925','2020-01-06',287.86,'Base room charge');
INSERT INTO PAYMENT VALUES ('20200106QD5272217042925-p00001','20200106QD5272217042925','2020-05-05','CC',287.86,'Demarcus Dearborn','7002855417540219',1,2025,12,'Mastercard');
-- ------- SAMPLE 1687 ----------
INSERT INTO GUEST VALUES(2687,'Lakenya','Langston','LLangston@yahoo.com','1234 DaWrong Lane','Flonkerton','MD','12345','637-663-6100');
INSERT INTO RESERVATION VALUES ('20190610QS9933378719988',2687,103,'QS','2019-06-10','2019-06-14',null,'complete');
INSERT INTO INVOICECHARGE VALUES ('20190610QS9933378719988-ch00001','20190610QS9933378719988','2019-06-10',469.11,'Base room charge');
INSERT INTO PAYMENT (payment_id,invoice_id,payment_date,payment_type,payment_amount) VALUES ('20190610QS9933378719988-p00001','20190610QS9933378719988','2020-05-05','CA',16);
-- ------- SAMPLE 1688 ----------
INSERT INTO GUEST VALUES(2688,'Collin','Chaparro','CChaparro@gmail.com','1234 DaWrong Lane','Flonkerton','MD','12345','924-905-4757');
INSERT INTO RESERVATION VALUES ('20201118KJ4791750234826',2688,null,'KJ','2020-11-18','2020-11-22',null,'active');
INSERT INTO INVOICECHARGE VALUES ('20201118KJ4791750234826-ch00001','20201118KJ4791750234826','2020-11-18',554.41,'Base room charge');
INSERT INTO PAYMENT VALUES ('20201118KJ4791750234826-p00001','20201118KJ4791750234826','2020-05-05','CC',554.41,'Collin Chaparro','9319053050975271',4,2026,84,'Mastercard');
-- ------- SAMPLE 1689 ----------
INSERT INTO GUEST VALUES(2689,'Georgianne','Guadarrama','GGuadarrama@gmail.com','1234 DaWrong Lane','Flonkerton','MD','12345','571-150-3654');
INSERT INTO RESERVATION VALUES ('20210301KI5478671774099',2689,null,'KI','2021-03-01','2021-03-06',null,'active');
-- ------- SAMPLE 1690 ----------
INSERT INTO GUEST VALUES(2690,'Fleta','Fickel','FFickel@yahoo.com','1234 DaWrong Lane','Flonkerton','MD','12345','318-043-1046');
INSERT INTO RESERVATION VALUES ('20200329QS3847724344213',2690,103,'QS','2020-03-29','2020-03-31',null,'complete');
INSERT INTO INVOICECHARGE VALUES ('20200329QS3847724344213-ch00001','20200329QS3847724344213','2020-03-29',154.81,'Base room charge');
INSERT INTO INVOICECHARGE VALUES ('20200329QS3847724344213-ch00002','20200329QS3847724344213','2020-03-29',79.75,'Room Service');
INSERT INTO PAYMENT (payment_id,invoice_id,payment_date,payment_type,payment_amount) VALUES ('20200329QS3847724344213-p00001','20200329QS3847724344213','2020-05-05','CA',112);
-- ------- SAMPLE 1691 ----------
INSERT INTO GUEST VALUES(2691,'Buford','Biddy','BBiddy@gmail.com','1234 DaWrong Lane','Flonkerton','MD','12345','506-066-3034');
INSERT INTO RESERVATION VALUES ('20191013KS3190246007718',2691,102,'KS','2019-10-13','2019-10-18',null,'complete');
-- ------- SAMPLE 1692 ----------
INSERT INTO GUEST VALUES(2692,'Rossana','Running','RRunning@gmail.com','1234 DaWrong Lane','Flonkerton','MD','12345','703-996-3786');
INSERT INTO RESERVATION VALUES ('20200402KJ6921876019169',2692,109,'KJ','2020-04-02','2020-04-04',null,'complete');
INSERT INTO INVOICECHARGE VALUES ('20200402KJ6921876019169-ch00001','20200402KJ6921876019169','2020-04-02',182.95,'Base room charge');
INSERT INTO INVOICECHARGE VALUES ('20200402KJ6921876019169-ch00002','20200402KJ6921876019169','2020-04-02',94.25,'Room Service');
INSERT INTO PAYMENT VALUES ('20200402KJ6921876019169-p00001','20200402KJ6921876019169','2020-05-05','CC',277.2,'Rossana Running','3464740422880040',11,2026,848,'Mastercard');
-- ------- SAMPLE 1693 ----------
INSERT INTO GUEST VALUES(2693,'Rosemarie','Roeser','RRoeser@yahoo.com','1234 DaWrong Lane','Flonkerton','MD','12345','886-620-7909');
INSERT INTO RESERVATION VALUES ('20190831QD4719579389859',2693,205,'QD','2019-08-31','2019-09-02',null,'complete');
INSERT INTO INVOICECHARGE VALUES ('20190831QD4719579389859-ch00001','20190831QD4719579389859','2019-08-31',191.9,'Base room charge');
INSERT INTO PAYMENT VALUES ('20190831QD4719579389859-p00001','20190831QD4719579389859','2020-05-05','CC',191.9,'Rosemarie Roeser','1968946087003417',2,2027,940,'Mastercard');
-- ------- SAMPLE 1694 ----------
INSERT INTO GUEST VALUES(2694,'Bell','Belizaire','BBelizaire@yahoo.com','1234 DaWrong Lane','Flonkerton','MD','12345','537-055-0081');
INSERT INTO RESERVATION VALUES ('20200624KI6304230785579',2694,null,'KI','2020-06-24','2020-06-25',null,'cancelled');
-- ------- SAMPLE 1695 ----------
INSERT INTO GUEST VALUES(2695,'Shena','Sandoz','SSandoz@hotmail.com','1234 DaWrong Lane','Flonkerton','MD','12345','707-848-7379');
INSERT INTO RESERVATION VALUES ('20210125KS3876424710287',2695,null,'KS','2021-01-25','2021-01-28',null,'active');
-- ------- SAMPLE 1696 ----------
INSERT INTO GUEST VALUES(2696,'Raven','Rybicki','RRybicki@hotmail.com','1234 DaWrong Lane','Flonkerton','MD','12345','870-736-0791');
INSERT INTO RESERVATION VALUES ('20191209QS4739874482672',2696,202,'QS','2019-12-09','2019-12-12',null,'complete');
-- ------- SAMPLE 1697 ----------
INSERT INTO GUEST VALUES(2697,'Boyce','Bate','BBate@yahoo.com','1234 DaWrong Lane','Flonkerton','MD','12345','666-642-7485');
INSERT INTO RESERVATION VALUES ('20210217KS8087777387803',2697,null,'KS','2021-02-17','2021-02-22',null,'active');
INSERT INTO INVOICECHARGE VALUES ('20210217KS8087777387803-ch00001','20210217KS8087777387803','2021-02-17',351.83,'Base room charge');
INSERT INTO INVOICECHARGE VALUES ('20210217KS8087777387803-ch00002','20210217KS8087777387803','2021-02-17',181.24,'Cleaning fee');
INSERT INTO PAYMENT VALUES ('20210217KS8087777387803-p00001','20210217KS8087777387803','2020-05-05','CC',533.07,'Boyce Bate','1874499571094085',3,2025,648,'Mastercard');
-- ------- SAMPLE 1698 ----------
INSERT INTO GUEST VALUES(2698,'Gwyneth','Gamber','GGamber@hotmail.com','1234 DaWrong Lane','Flonkerton','MD','12345','912-348-6176');
INSERT INTO RESERVATION VALUES ('20190608KI1664861370477',2698,120,'KI','2019-06-08','2019-06-09',null,'complete');
INSERT INTO INVOICECHARGE VALUES ('20190608KI1664861370477-ch00001','20190608KI1664861370477','2019-06-08',85.29,'Base room charge');
INSERT INTO PAYMENT (payment_id,invoice_id,payment_date,payment_type,payment_amount) VALUES ('20190608KI1664861370477-p00001','20190608KI1664861370477','2020-05-05','CA',85.29);
-- ------- SAMPLE 1699 ----------
INSERT INTO GUEST VALUES(2699,'Abel','Alire','AAlire@hotmail.com','1234 DaWrong Lane','Flonkerton','MD','12345','796-378-5780');
INSERT INTO RESERVATION VALUES ('20210304KJ6591259995042',2699,null,'KJ','2021-03-04','2021-03-08',null,'active');
INSERT INTO INVOICECHARGE VALUES ('20210304KJ6591259995042-ch00001','20210304KJ6591259995042','2021-03-04',365.91,'Base room charge');
INSERT INTO INVOICECHARGE VALUES ('20210304KJ6591259995042-ch00002','20210304KJ6591259995042','2021-03-04',188.5,'Room Service');
INSERT INTO PAYMENT VALUES ('20210304KJ6591259995042-p00001','20210304KJ6591259995042','2020-05-05','CC',101,'Abel Alire','8086290793079135',5,2023,537,'Mastercard');
-- ------- SAMPLE 1700 ----------
INSERT INTO GUEST VALUES(2700,'Theodora','Trickey','TTrickey@gmail.com','1234 DaWrong Lane','Flonkerton','MD','12345','216-189-0635');
INSERT INTO RESERVATION VALUES ('20200626KJ4090755003180',2700,null,'KJ','2020-06-26','2020-06-27',null,'active');
INSERT INTO INVOICECHARGE VALUES ('20200626KJ4090755003180-ch00001','20200626KJ4090755003180','2020-06-26',138.6,'Base room charge');
INSERT INTO PAYMENT (payment_id,invoice_id,payment_date,payment_type,payment_amount) VALUES ('20200626KJ4090755003180-p00001','20200626KJ4090755003180','2020-05-05','CA',128);
-- ------- SAMPLE 1701 ----------
INSERT INTO GUEST VALUES(2701,'Pearlene','Priestly','PPriestly@hotmail.com','1234 DaWrong Lane','Flonkerton','MD','12345','083-017-2916');
INSERT INTO RESERVATION VALUES ('20191107QD4564112674145',2701,200,'QD','2019-11-07','2019-11-11',null,'complete');
INSERT INTO INVOICECHARGE VALUES ('20191107QD4564112674145-ch00001','20191107QD4564112674145','2019-11-07',383.81,'Base room charge');
INSERT INTO PAYMENT VALUES ('20191107QD4564112674145-p00001','20191107QD4564112674145','2020-05-05','CC',383.81,'Pearlene Priestly','4778297506118424',3,2025,978,'Mastercard');
-- ------- SAMPLE 1702 ----------
INSERT INTO GUEST VALUES(2702,'Jenna','Jesse','JJesse@gmail.com','1234 DaWrong Lane','Flonkerton','MD','12345','757-908-3810');
INSERT INTO RESERVATION VALUES ('20200911QS9735784801723',2702,null,'QS','2020-09-11','2020-09-15',null,'active');
-- ------- SAMPLE 1703 ----------
INSERT INTO GUEST VALUES(2703,'Tomika','Teran','TTeran@yahoo.com','1234 DaWrong Lane','Flonkerton','MD','12345','437-825-8068');
INSERT INTO RESERVATION VALUES ('20200325QD1649411643899',2703,111,'QD','2020-03-25','2020-03-26',null,'complete');
INSERT INTO INVOICECHARGE VALUES ('20200325QD1649411643899-ch00001','20200325QD1649411643899','2020-03-25',63.33,'Base room charge');
INSERT INTO INVOICECHARGE VALUES ('20200325QD1649411643899-ch00002','20200325QD1649411643899','2020-03-25',32.62,'Room Service');
INSERT INTO PAYMENT VALUES ('20200325QD1649411643899-p00001','20200325QD1649411643899','2020-05-05','CC',78,'Tomika Teran','5164286407077278',9,2022,263,'Mastercard');
-- ------- SAMPLE 1704 ----------
INSERT INTO GUEST VALUES(2704,'Leonore','Losh','LLosh@hotmail.com','1234 DaWrong Lane','Flonkerton','MD','12345','506-285-5606');
INSERT INTO RESERVATION VALUES ('20200428QS8898857373432',2704,118,'QS','2020-04-28','2020-05-02',null,'complete');
INSERT INTO INVOICECHARGE VALUES ('20200428QS8898857373432-ch00001','20200428QS8898857373432','2020-04-28',309.61,'Base room charge');
INSERT INTO INVOICECHARGE VALUES ('20200428QS8898857373432-ch00002','20200428QS8898857373432','2020-04-28',159.5,'Room Service');
INSERT INTO PAYMENT VALUES ('20200428QS8898857373432-p00001','20200428QS8898857373432','2020-05-05','CC',469.11,'Leonore Losh','3467436114308588',9,2027,186,'Mastercard');
-- ------- SAMPLE 1705 ----------
INSERT INTO GUEST VALUES(2705,'Georgianne','Guadarrama','GGuadarrama@gmail.com','1234 DaWrong Lane','Flonkerton','MD','12345','090-249-9251');
INSERT INTO RESERVATION VALUES ('20200714KJ5915536860451',2705,null,'KJ','2020-07-14','2020-07-18',null,'active');
INSERT INTO INVOICECHARGE VALUES ('20200714KJ5915536860451-ch00001','20200714KJ5915536860451','2020-07-14',365.91,'Base room charge');
INSERT INTO INVOICECHARGE VALUES ('20200714KJ5915536860451-ch00002','20200714KJ5915536860451','2020-07-14',188.5,'Room Service');
INSERT INTO PAYMENT (payment_id,invoice_id,payment_date,payment_type,payment_amount) VALUES ('20200714KJ5915536860451-p00001','20200714KJ5915536860451','2020-05-05','CA',520);
-- ------- SAMPLE 1706 ----------
INSERT INTO GUEST VALUES(2706,'Dane','Dumond','DDumond@gmail.com','1234 DaWrong Lane','Flonkerton','MD','12345','906-557-9764');
INSERT INTO RESERVATION VALUES ('20200507KS7419731296896',2706,null,'KS','2020-05-07','2020-05-10',null,'active');
INSERT INTO INVOICECHARGE VALUES ('20200507KS7419731296896-ch00001','20200507KS7419731296896','2020-05-07',319.84,'Base room charge');
INSERT INTO PAYMENT VALUES ('20200507KS7419731296896-p00001','20200507KS7419731296896','2020-05-05','CC',202,'Dane Dumond','5730821070928293',6,2026,622,'Mastercard');
-- ------- SAMPLE 1707 ----------
INSERT INTO GUEST VALUES(2707,'Hedwig','Hinz','HHinz@gmail.com','1234 DaWrong Lane','Flonkerton','MD','12345','819-134-0810');
INSERT INTO RESERVATION VALUES ('20200423QS9489006373307',2707,103,'QS','2020-04-23','2020-04-26',null,'complete');
INSERT INTO INVOICECHARGE VALUES ('20200423QS9489006373307-ch00001','20200423QS9489006373307','2020-04-23',232.21,'Base room charge');
INSERT INTO INVOICECHARGE VALUES ('20200423QS9489006373307-ch00002','20200423QS9489006373307','2020-04-23',119.62,'Room Service');
INSERT INTO PAYMENT VALUES ('20200423QS9489006373307-p00001','20200423QS9489006373307','2020-05-05','CC',351.83,'Hedwig Hinz','9151274209939634',3,2024,408,'Mastercard');
-- ------- SAMPLE 1708 ----------
INSERT INTO GUEST VALUES(2708,'Leanora','Locke','LLocke@hotmail.com','1234 DaWrong Lane','Flonkerton','MD','12345','253-951-8884');
INSERT INTO RESERVATION VALUES ('20201108QS1387664504547',2708,null,'QS','2020-11-08','2020-11-10',null,'active');
INSERT INTO INVOICECHARGE VALUES ('20201108QS1387664504547-ch00001','20201108QS1387664504547','2020-11-08',154.81,'Base room charge');
INSERT INTO INVOICECHARGE VALUES ('20201108QS1387664504547-ch00002','20201108QS1387664504547','2020-11-08',79.75,'Cleaning fee');
INSERT INTO PAYMENT VALUES ('20201108QS1387664504547-p00001','20201108QS1387664504547','2020-05-05','CC',136,'Leanora Locke','8762453905416412',3,2024,179,'Mastercard');
-- ------- SAMPLE 1709 ----------
INSERT INTO GUEST VALUES(2709,'Boris','Berner','BBerner@yahoo.com','1234 DaWrong Lane','Flonkerton','MD','12345','827-875-2589');
INSERT INTO RESERVATION VALUES ('20210430QS1931005514338',2709,null,'QS','2021-04-30','2021-05-01',null,'active');
INSERT INTO INVOICECHARGE VALUES ('20210430QS1931005514338-ch00001','20210430QS1931005514338','2021-04-30',77.4,'Base room charge');
INSERT INTO INVOICECHARGE VALUES ('20210430QS1931005514338-ch00002','20210430QS1931005514338','2021-04-30',39.87,'Cleaning fee');
INSERT INTO PAYMENT VALUES ('20210430QS1931005514338-p00001','20210430QS1931005514338','2020-05-05','CC',107,'Boris Berner','5635173823207080',9,2025,943,'Mastercard');
-- ------- SAMPLE 1710 ----------
INSERT INTO GUEST VALUES(2710,'Melony','Mcmartin','MMcmartin@hotmail.com','1234 DaWrong Lane','Flonkerton','MD','12345','451-370-5254');
INSERT INTO RESERVATION VALUES ('20191023KS2770710040009',2710,102,'KS','2019-10-23','2019-10-25',null,'cancelled');
INSERT INTO INVOICECHARGE VALUES ('20191023KS2770710040009-ch00001','20191023KS2770710040009','2019-10-23',140.73,'Base room charge');
INSERT INTO INVOICECHARGE VALUES ('20191023KS2770710040009-ch00002','20191023KS2770710040009','2019-10-23',72.5,'Cleaning fee');
INSERT INTO PAYMENT VALUES ('20191023KS2770710040009-p00001','20191023KS2770710040009','2020-05-05','CC',213.23,'Melony Mcmartin','4933026345952153',7,2022,770,'Mastercard');
-- ------- SAMPLE 1711 ----------
INSERT INTO GUEST VALUES(2711,'Linwood','Layden','LLayden@gmail.com','1234 DaWrong Lane','Flonkerton','MD','12345','855-265-6843');
INSERT INTO RESERVATION VALUES ('20191015KS7103344559218',2711,112,'KS','2019-10-15','2019-10-16',null,'complete');
-- ------- SAMPLE 1712 ----------
INSERT INTO GUEST VALUES(2712,'Deandra','Dimauro','DDimauro@hotmail.com','1234 DaWrong Lane','Flonkerton','MD','12345','597-452-2789');
INSERT INTO RESERVATION VALUES ('20191004KJ4842188093374',2712,208,'KJ','2019-10-04','2019-10-06',null,'complete');
-- ------- SAMPLE 1713 ----------
INSERT INTO GUEST VALUES(2713,'Shawn','Stefanski','SStefanski@gmail.com','1234 DaWrong Lane','Flonkerton','MD','12345','447-535-7884');
INSERT INTO RESERVATION VALUES ('20190809KJ8612071477606',2713,109,'KJ','2019-08-09','2019-08-14',null,'complete');
INSERT INTO INVOICECHARGE VALUES ('20190809KJ8612071477606-ch00001','20190809KJ8612071477606','2019-08-09',457.39,'Base room charge');
INSERT INTO INVOICECHARGE VALUES ('20190809KJ8612071477606-ch00002','20190809KJ8612071477606','2019-08-09',235.62,'Cleaning fee');
INSERT INTO PAYMENT VALUES ('20190809KJ8612071477606-p00001','20190809KJ8612071477606','2020-05-05','CC',575,'Shawn Stefanski','1649175901437241',3,2027,435,'Mastercard');
-- ------- SAMPLE 1714 ----------
INSERT INTO GUEST VALUES(2714,'Bradley','Bently','BBently@gmail.com','1234 DaWrong Lane','Flonkerton','MD','12345','216-658-8598');
INSERT INTO RESERVATION VALUES ('20201009QD3478273944336',2714,null,'QD','2020-10-09','2020-10-14',null,'active');
-- ------- SAMPLE 1715 ----------
INSERT INTO GUEST VALUES(2715,'Missy','Mcclintock','MMcclintock@hotmail.com','1234 DaWrong Lane','Flonkerton','MD','12345','276-970-2672');
INSERT INTO RESERVATION VALUES ('20190628KI4810052301372',2715,110,'KI','2019-06-28','2019-07-02',null,'complete');
-- ------- SAMPLE 1716 ----------
INSERT INTO GUEST VALUES(2716,'Yuette','Yetman','YYetman@hotmail.com','1234 DaWrong Lane','Flonkerton','MD','12345','851-020-1287');
INSERT INTO RESERVATION VALUES ('20190827KS5414116142328',2716,102,'KS','2019-08-27','2019-08-30',null,'complete');
INSERT INTO INVOICECHARGE VALUES ('20190827KS5414116142328-ch00001','20190827KS5414116142328','2019-08-27',319.84,'Base room charge');
INSERT INTO PAYMENT (payment_id,invoice_id,payment_date,payment_type,payment_amount) VALUES ('20190827KS5414116142328-p00001','20190827KS5414116142328','2020-05-05','CA',319.84);
-- ------- SAMPLE 1717 ----------
INSERT INTO GUEST VALUES(2717,'Tifany','Temple','TTemple@gmail.com','1234 DaWrong Lane','Flonkerton','MD','12345','378-093-9699');
INSERT INTO RESERVATION VALUES ('20190621QD9352521765159',2717,111,'QD','2019-06-21','2019-06-22',null,'complete');
INSERT INTO INVOICECHARGE VALUES ('20190621QD9352521765159-ch00001','20190621QD9352521765159','2019-06-21',95.95,'Base room charge');
INSERT INTO PAYMENT (payment_id,invoice_id,payment_date,payment_type,payment_amount) VALUES ('20190621QD9352521765159-p00001','20190621QD9352521765159','2020-05-05','CA',95.95);
-- ------- SAMPLE 1718 ----------
INSERT INTO GUEST VALUES(2718,'Stacie','Schupp','SSchupp@hotmail.com','1234 DaWrong Lane','Flonkerton','MD','12345','621-710-7362');
INSERT INTO RESERVATION VALUES ('20210223KS9777009991076',2718,null,'KS','2021-02-23','2021-02-27',null,'active');
INSERT INTO INVOICECHARGE VALUES ('20210223KS9777009991076-ch00001','20210223KS9777009991076','2021-02-23',426.46,'Base room charge');
INSERT INTO PAYMENT (payment_id,invoice_id,payment_date,payment_type,payment_amount) VALUES ('20210223KS9777009991076-p00001','20210223KS9777009991076','2020-05-05','CA',426.46);
-- ------- SAMPLE 1719 ----------
INSERT INTO GUEST VALUES(2719,'Vicky','Vanderhoff','VVanderhoff@hotmail.com','1234 DaWrong Lane','Flonkerton','MD','12345','797-627-9069');
INSERT INTO RESERVATION VALUES ('20191205QS9791707314220',2719,118,'QS','2019-12-05','2019-12-07',null,'complete');
INSERT INTO INVOICECHARGE VALUES ('20191205QS9791707314220-ch00001','20191205QS9791707314220','2019-12-05',234.55,'Base room charge');
INSERT INTO PAYMENT VALUES ('20191205QS9791707314220-p00001','20191205QS9791707314220','2020-05-05','CC',234.55,'Vicky Vanderhoff','4932569857799603',7,2025,760,'Mastercard');
-- ------- SAMPLE 1720 ----------
INSERT INTO GUEST VALUES(2720,'Lynda','Linda','LLinda@hotmail.com','1234 DaWrong Lane','Flonkerton','MD','12345','130-825-7577');
INSERT INTO RESERVATION VALUES ('20201214QD3692299948825',2720,null,'QD','2020-12-14','2020-12-17',null,'active');
INSERT INTO INVOICECHARGE VALUES ('20201214QD3692299948825-ch00001','20201214QD3692299948825','2020-12-14',189.98,'Base room charge');
INSERT INTO INVOICECHARGE VALUES ('20201214QD3692299948825-ch00002','20201214QD3692299948825','2020-12-14',97.87,'Cleaning fee');
INSERT INTO PAYMENT VALUES ('20201214QD3692299948825-p00001','20201214QD3692299948825','2020-05-05','CC',287.86,'Lynda Linda','1045043933017905',12,2021,822,'Mastercard');
-- ------- SAMPLE 1721 ----------
INSERT INTO GUEST VALUES(2721,'Adrianna','Aungst','AAungst@gmail.com','1234 DaWrong Lane','Flonkerton','MD','12345','621-279-8988');
INSERT INTO RESERVATION VALUES ('20190709QS3520082167979',2721,113,'QS','2019-07-09','2019-07-11',null,'complete');
INSERT INTO INVOICECHARGE VALUES ('20190709QS3520082167979-ch00001','20190709QS3520082167979','2019-07-09',154.81,'Base room charge');
INSERT INTO INVOICECHARGE VALUES ('20190709QS3520082167979-ch00002','20190709QS3520082167979','2019-07-09',79.75,'Cleaning fee');
INSERT INTO PAYMENT VALUES ('20190709QS3520082167979-p00001','20190709QS3520082167979','2020-05-05','CC',234.55,'Adrianna Aungst','3698878222500045',9,2022,469,'Mastercard');
-- ------- SAMPLE 1722 ----------
INSERT INTO GUEST VALUES(2722,'Mario','Macdowell','MMacdowell@yahoo.com','1234 DaWrong Lane','Flonkerton','MD','12345','341-358-8617');
INSERT INTO RESERVATION VALUES ('20190701KJ5082033996194',2722,114,'KJ','2019-07-01','2019-07-03',null,'complete');
INSERT INTO INVOICECHARGE VALUES ('20190701KJ5082033996194-ch00001','20190701KJ5082033996194','2019-07-01',182.95,'Base room charge');
INSERT INTO INVOICECHARGE VALUES ('20190701KJ5082033996194-ch00002','20190701KJ5082033996194','2019-07-01',94.25,'Room Service');
INSERT INTO PAYMENT VALUES ('20190701KJ5082033996194-p00001','20190701KJ5082033996194','2020-05-05','CC',277.2,'Mario Macdowell','7373490778055048',1,2022,130,'Mastercard');
-- ------- SAMPLE 1723 ----------
INSERT INTO GUEST VALUES(2723,'Major','Meng','MMeng@hotmail.com','1234 DaWrong Lane','Flonkerton','MD','12345','340-122-1690');
INSERT INTO RESERVATION VALUES ('20200204QD9952804296521',2723,106,'QD','2020-02-04','2020-02-07',null,'complete');
-- ------- SAMPLE 1724 ----------
INSERT INTO GUEST VALUES(2724,'Francie','Fairbank','FFairbank@yahoo.com','1234 DaWrong Lane','Flonkerton','MD','12345','093-563-4297');
INSERT INTO RESERVATION VALUES ('20200701QS5675225677384',2724,null,'QS','2020-07-01','2020-07-02',null,'active');
INSERT INTO INVOICECHARGE VALUES ('20200701QS5675225677384-ch00001','20200701QS5675225677384','2020-07-01',77.4,'Base room charge');
INSERT INTO INVOICECHARGE VALUES ('20200701QS5675225677384-ch00002','20200701QS5675225677384','2020-07-01',39.87,'Cleaning fee');
INSERT INTO PAYMENT (payment_id,invoice_id,payment_date,payment_type,payment_amount) VALUES ('20200701QS5675225677384-p00001','20200701QS5675225677384','2020-05-05','CA',117.28);
-- ------- SAMPLE 1725 ----------
INSERT INTO GUEST VALUES(2725,'Liliana','Lueck','LLueck@gmail.com','1234 DaWrong Lane','Flonkerton','MD','12345','204-325-9403');
INSERT INTO RESERVATION VALUES ('20201217KJ2654793834957',2725,null,'KJ','2020-12-17','2020-12-19',null,'active');
INSERT INTO INVOICECHARGE VALUES ('20201217KJ2654793834957-ch00001','20201217KJ2654793834957','2020-12-17',277.2,'Base room charge');
INSERT INTO PAYMENT VALUES ('20201217KJ2654793834957-p00001','20201217KJ2654793834957','2020-05-05','CC',109,'Liliana Lueck','3707607668691233',7,2027,164,'Mastercard');
-- ------- SAMPLE 1726 ----------
INSERT INTO GUEST VALUES(2726,'Kandra','Kelty','KKelty@yahoo.com','1234 DaWrong Lane','Flonkerton','MD','12345','881-626-4281');
INSERT INTO RESERVATION VALUES ('20200920KJ7967310705836',2726,null,'KJ','2020-09-20','2020-09-25',null,'active');
INSERT INTO INVOICECHARGE VALUES ('20200920KJ7967310705836-ch00001','20200920KJ7967310705836','2020-09-20',693.01,'Base room charge');
INSERT INTO PAYMENT VALUES ('20200920KJ7967310705836-p00001','20200920KJ7967310705836','2020-05-05','CC',693.01,'Kandra Kelty','7803011726396245',12,2023,382,'Mastercard');
-- ------- SAMPLE 1727 ----------
INSERT INTO GUEST VALUES(2727,'Audrey','Aikens','AAikens@yahoo.com','1234 DaWrong Lane','Flonkerton','MD','12345','211-666-9549');
INSERT INTO RESERVATION VALUES ('20200717QD4373965396047',2727,null,'QD','2020-07-17','2020-07-19',null,'cancelled');
INSERT INTO INVOICECHARGE VALUES ('20200717QD4373965396047-ch00001','20200717QD4373965396047','2020-07-17',191.9,'Base room charge');
INSERT INTO PAYMENT (payment_id,invoice_id,payment_date,payment_type,payment_amount) VALUES ('20200717QD4373965396047-p00001','20200717QD4373965396047','2020-05-05','CA',191.9);
-- ------- SAMPLE 1728 ----------
INSERT INTO GUEST VALUES(2728,'Shandi','Scharf','SScharf@gmail.com','1234 DaWrong Lane','Flonkerton','MD','12345','205-281-6965');
INSERT INTO RESERVATION VALUES ('20200621QS4549504718235',2728,null,'QS','2020-06-21','2020-06-23',null,'active');
INSERT INTO INVOICECHARGE VALUES ('20200621QS4549504718235-ch00001','20200621QS4549504718235','2020-06-21',154.81,'Base room charge');
INSERT INTO INVOICECHARGE VALUES ('20200621QS4549504718235-ch00002','20200621QS4549504718235','2020-06-21',79.75,'Room Service');
INSERT INTO PAYMENT VALUES ('20200621QS4549504718235-p00001','20200621QS4549504718235','2020-05-05','CC',51,'Shandi Scharf','1418070280276369',6,2027,274,'Mastercard');
-- ------- SAMPLE 1729 ----------
INSERT INTO GUEST VALUES(2729,'Fleta','Fickel','FFickel@gmail.com','1234 DaWrong Lane','Flonkerton','MD','12345','456-662-1543');
INSERT INTO RESERVATION VALUES ('20201020QS1236568346571',2729,null,'QS','2020-10-20','2020-10-24',null,'cancelled');
INSERT INTO INVOICECHARGE VALUES ('20201020QS1236568346571-ch00001','20201020QS1236568346571','2020-10-20',469.11,'Base room charge');
INSERT INTO PAYMENT VALUES ('20201020QS1236568346571-p00001','20201020QS1236568346571','2020-05-05','CC',469.11,'Fleta Fickel','9423731486213682',6,2023,726,'Mastercard');
-- ------- SAMPLE 1730 ----------
INSERT INTO GUEST VALUES(2730,'Collin','Chaparro','CChaparro@yahoo.com','1234 DaWrong Lane','Flonkerton','MD','12345','677-740-5666');
INSERT INTO RESERVATION VALUES ('20200124KS9982029860586',2730,107,'KS','2020-01-24','2020-01-28',null,'complete');
INSERT INTO INVOICECHARGE VALUES ('20200124KS9982029860586-ch00001','20200124KS9982029860586','2020-01-24',281.46,'Base room charge');
INSERT INTO INVOICECHARGE VALUES ('20200124KS9982029860586-ch00002','20200124KS9982029860586','2020-01-24',145,'Room Service');
INSERT INTO PAYMENT VALUES ('20200124KS9982029860586-p00001','20200124KS9982029860586','2020-05-05','CC',22,'Collin Chaparro','9749446267608106',10,2026,615,'Mastercard');
-- ------- SAMPLE 1731 ----------
INSERT INTO GUEST VALUES(2731,'Luella','Lundstrom','LLundstrom@yahoo.com','1234 DaWrong Lane','Flonkerton','MD','12345','493-322-3628');
INSERT INTO RESERVATION VALUES ('20210425KJ7769575893502',2731,null,'KJ','2021-04-25','2021-04-27',null,'active');
INSERT INTO INVOICECHARGE VALUES ('20210425KJ7769575893502-ch00001','20210425KJ7769575893502','2021-04-25',182.95,'Base room charge');
INSERT INTO INVOICECHARGE VALUES ('20210425KJ7769575893502-ch00002','20210425KJ7769575893502','2021-04-25',94.25,'Cleaning fee');
INSERT INTO PAYMENT (payment_id,invoice_id,payment_date,payment_type,payment_amount) VALUES ('20210425KJ7769575893502-p00001','20210425KJ7769575893502','2020-05-05','CA',271);
-- ------- SAMPLE 1732 ----------
INSERT INTO GUEST VALUES(2732,'Shandi','Scharf','SScharf@gmail.com','1234 DaWrong Lane','Flonkerton','MD','12345','287-453-7709');
INSERT INTO RESERVATION VALUES ('20190904KJ1306415124330',2732,114,'KJ','2019-09-04','2019-09-06',null,'complete');
INSERT INTO INVOICECHARGE VALUES ('20190904KJ1306415124330-ch00001','20190904KJ1306415124330','2019-09-04',182.95,'Base room charge');
INSERT INTO INVOICECHARGE VALUES ('20190904KJ1306415124330-ch00002','20190904KJ1306415124330','2019-09-04',94.25,'Cleaning fee');
INSERT INTO PAYMENT VALUES ('20190904KJ1306415124330-p00001','20190904KJ1306415124330','2020-05-05','CC',46,'Shandi Scharf','9070590840218376',2,2023,53,'Mastercard');
-- ------- SAMPLE 1733 ----------
INSERT INTO GUEST VALUES(2733,'Keturah','Kagawa','KKagawa@hotmail.com','1234 DaWrong Lane','Flonkerton','MD','12345','413-629-5207');
INSERT INTO RESERVATION VALUES ('20190614KJ9198365755337',2733,119,'KJ','2019-06-14','2019-06-16',null,'complete');
INSERT INTO INVOICECHARGE VALUES ('20190614KJ9198365755337-ch00001','20190614KJ9198365755337','2019-06-14',277.2,'Base room charge');
INSERT INTO PAYMENT VALUES ('20190614KJ9198365755337-p00001','20190614KJ9198365755337','2020-05-05','CC',277.2,'Keturah Kagawa','6869129116144932',7,2021,702,'Mastercard');
-- ------- SAMPLE 1734 ----------
INSERT INTO GUEST VALUES(2734,'Stacie','Schupp','SSchupp@gmail.com','1234 DaWrong Lane','Flonkerton','MD','12345','283-860-8593');
INSERT INTO RESERVATION VALUES ('20200625QS5901952666000',2734,null,'QS','2020-06-25','2020-06-30',null,'cancelled');
-- ------- SAMPLE 1735 ----------
INSERT INTO GUEST VALUES(2735,'Vicky','Vanderhoff','VVanderhoff@hotmail.com','1234 DaWrong Lane','Flonkerton','MD','12345','332-643-6382');
INSERT INTO RESERVATION VALUES ('20200216KS1187963106479',2735,201,'KS','2020-02-16','2020-02-20',null,'complete');
-- ------- SAMPLE 1736 ----------
INSERT INTO GUEST VALUES(2736,'Florentino','Feth','FFeth@hotmail.com','1234 DaWrong Lane','Flonkerton','MD','12345','483-415-0511');
INSERT INTO RESERVATION VALUES ('20210131KS1795310843106',2736,null,'KS','2021-01-31','2021-02-05',null,'active');
-- ------- SAMPLE 1737 ----------
INSERT INTO GUEST VALUES(2737,'Georgianne','Guadarrama','GGuadarrama@gmail.com','1234 DaWrong Lane','Flonkerton','MD','12345','460-481-8658');
INSERT INTO RESERVATION VALUES ('20210213KJ4401550984544',2737,null,'KJ','2021-02-13','2021-02-14',null,'active');
-- ------- SAMPLE 1738 ----------
INSERT INTO GUEST VALUES(2738,'Bradley','Bently','BBently@gmail.com','1234 DaWrong Lane','Flonkerton','MD','12345','205-691-3524');
INSERT INTO RESERVATION VALUES ('20200916KS3049051117797',2738,null,'KS','2020-09-16','2020-09-19',null,'active');
INSERT INTO INVOICECHARGE VALUES ('20200916KS3049051117797-ch00001','20200916KS3049051117797','2020-09-16',319.84,'Base room charge');
INSERT INTO PAYMENT VALUES ('20200916KS3049051117797-p00001','20200916KS3049051117797','2020-05-05','CC',319.84,'Bradley Bently','6820800475325079',9,2026,769,'Mastercard');
-- ------- SAMPLE 1739 ----------
INSERT INTO GUEST VALUES(2739,'Shenna','Salmi','SSalmi@hotmail.com','1234 DaWrong Lane','Flonkerton','MD','12345','492-885-5962');
INSERT INTO RESERVATION VALUES ('20200323KI4060486961634',2739,110,'KI','2020-03-23','2020-03-27',null,'complete');
INSERT INTO INVOICECHARGE VALUES ('20200323KI4060486961634-ch00001','20200323KI4060486961634','2020-03-23',341.16,'Base room charge');
INSERT INTO PAYMENT VALUES ('20200323KI4060486961634-p00001','20200323KI4060486961634','2020-05-05','CC',150,'Shenna Salmi','5427572275160201',3,2023,825,'Mastercard');
-- ------- SAMPLE 1740 ----------
INSERT INTO GUEST VALUES(2740,'Yuette','Yetman','YYetman@gmail.com','1234 DaWrong Lane','Flonkerton','MD','12345','150-848-4968');
INSERT INTO RESERVATION VALUES ('20201206KJ6724773354404',2740,null,'KJ','2020-12-06','2020-12-11',null,'cancelled');
INSERT INTO INVOICECHARGE VALUES ('20201206KJ6724773354404-ch00001','20201206KJ6724773354404','2020-12-06',457.39,'Base room charge');
INSERT INTO INVOICECHARGE VALUES ('20201206KJ6724773354404-ch00002','20201206KJ6724773354404','2020-12-06',235.62,'Room Service');
INSERT INTO PAYMENT VALUES ('20201206KJ6724773354404-p00001','20201206KJ6724773354404','2020-05-05','CC',693.01,'Yuette Yetman','4172933525319804',8,2021,737,'Mastercard');
-- ------- SAMPLE 1741 ----------
INSERT INTO GUEST VALUES(2741,'Anita','Amezcua','AAmezcua@hotmail.com','1234 DaWrong Lane','Flonkerton','MD','12345','896-594-1661');
INSERT INTO RESERVATION VALUES ('20200819KI1704545459958',2741,null,'KI','2020-08-19','2020-08-24',null,'active');
-- ------- SAMPLE 1742 ----------
INSERT INTO GUEST VALUES(2742,'Shad','Sitler','SSitler@gmail.com','1234 DaWrong Lane','Flonkerton','MD','12345','550-592-7291');
INSERT INTO RESERVATION VALUES ('20200904QS9775973850402',2742,null,'QS','2020-09-04','2020-09-09',null,'active');
-- ------- SAMPLE 1743 ----------
INSERT INTO GUEST VALUES(2743,'Demarcus','Dearborn','DDearborn@hotmail.com','1234 DaWrong Lane','Flonkerton','MD','12345','374-058-9766');
INSERT INTO RESERVATION VALUES ('20210105KJ4086800087396',2743,null,'KJ','2021-01-05','2021-01-06',null,'active');
INSERT INTO INVOICECHARGE VALUES ('20210105KJ4086800087396-ch00001','20210105KJ4086800087396','2021-01-05',91.48,'Base room charge');
INSERT INTO INVOICECHARGE VALUES ('20210105KJ4086800087396-ch00002','20210105KJ4086800087396','2021-01-05',47.12,'Cleaning fee');
INSERT INTO PAYMENT (payment_id,invoice_id,payment_date,payment_type,payment_amount) VALUES ('20210105KJ4086800087396-p00001','20210105KJ4086800087396','2020-05-05','CA',101);
-- ------- SAMPLE 1744 ----------
INSERT INTO GUEST VALUES(2744,'Marcelino','Meisner','MMeisner@yahoo.com','1234 DaWrong Lane','Flonkerton','MD','12345','496-999-3769');
INSERT INTO RESERVATION VALUES ('20210324KJ8726308510206',2744,null,'KJ','2021-03-24','2021-03-25',null,'active');
INSERT INTO INVOICECHARGE VALUES ('20210324KJ8726308510206-ch00001','20210324KJ8726308510206','2021-03-24',91.48,'Base room charge');
INSERT INTO INVOICECHARGE VALUES ('20210324KJ8726308510206-ch00002','20210324KJ8726308510206','2021-03-24',47.12,'Room Service');
INSERT INTO PAYMENT VALUES ('20210324KJ8726308510206-p00001','20210324KJ8726308510206','2020-05-05','CC',138.6,'Marcelino Meisner','1239037507432435',9,2022,849,'Mastercard');
-- ------- SAMPLE 1745 ----------
INSERT INTO GUEST VALUES(2745,'Aretha','Acy','AAcy@hotmail.com','1234 DaWrong Lane','Flonkerton','MD','12345','652-697-3935');
INSERT INTO RESERVATION VALUES ('20200127KJ2170725255616',2745,119,'KJ','2020-01-27','2020-01-29',null,'cancelled');
INSERT INTO INVOICECHARGE VALUES ('20200127KJ2170725255616-ch00001','20200127KJ2170725255616','2020-01-27',277.2,'Base room charge');
INSERT INTO PAYMENT VALUES ('20200127KJ2170725255616-p00001','20200127KJ2170725255616','2020-05-05','CC',277.2,'Aretha Acy','6572284812198028',11,2027,674,'Mastercard');
-- ------- SAMPLE 1746 ----------
INSERT INTO GUEST VALUES(2746,'Kaley','Kilmon','KKilmon@yahoo.com','1234 DaWrong Lane','Flonkerton','MD','12345','136-372-8084');
INSERT INTO RESERVATION VALUES ('20201224KJ3598099221296',2746,null,'KJ','2020-12-24','2020-12-29',null,'active');
INSERT INTO INVOICECHARGE VALUES ('20201224KJ3598099221296-ch00001','20201224KJ3598099221296','2020-12-24',693.01,'Base room charge');
INSERT INTO PAYMENT VALUES ('20201224KJ3598099221296-p00001','20201224KJ3598099221296','2020-05-05','CC',693.01,'Kaley Kilmon','5331886274520582',2,2027,528,'Mastercard');
-- ------- SAMPLE 1747 ----------
INSERT INTO GUEST VALUES(2747,'Missy','Mcclintock','MMcclintock@gmail.com','1234 DaWrong Lane','Flonkerton','MD','12345','709-072-1897');
INSERT INTO RESERVATION VALUES ('20201121QS5286552309184',2747,null,'QS','2020-11-21','2020-11-25',null,'active');
-- ------- SAMPLE 1748 ----------
INSERT INTO GUEST VALUES(2748,'Eda','Elmendorf','EElmendorf@gmail.com','1234 DaWrong Lane','Flonkerton','MD','12345','229-150-1486');
INSERT INTO RESERVATION VALUES ('20190907QS1392920048112',2748,202,'QS','2019-09-07','2019-09-10',null,'complete');
-- ------- SAMPLE 1749 ----------
INSERT INTO GUEST VALUES(2749,'Asa','Allan','AAllan@yahoo.com','1234 DaWrong Lane','Flonkerton','MD','12345','403-240-7343');
INSERT INTO RESERVATION VALUES ('20191116KJ2285033857084',2749,208,'KJ','2019-11-16','2019-11-19',null,'complete');
INSERT INTO INVOICECHARGE VALUES ('20191116KJ2285033857084-ch00001','20191116KJ2285033857084','2019-11-16',415.81,'Base room charge');
INSERT INTO PAYMENT VALUES ('20191116KJ2285033857084-p00001','20191116KJ2285033857084','2020-05-05','CC',52,'Asa Allan','2037585600501701',6,2025,980,'Mastercard');
-- ------- SAMPLE 1750 ----------
INSERT INTO GUEST VALUES(2750,'Marylynn','Musson','MMusson@hotmail.com','1234 DaWrong Lane','Flonkerton','MD','12345','366-640-1438');
INSERT INTO RESERVATION VALUES ('20200415QD9688762570367',2750,111,'QD','2020-04-15','2020-04-16',null,'complete');
INSERT INTO INVOICECHARGE VALUES ('20200415QD9688762570367-ch00001','20200415QD9688762570367','2020-04-15',63.33,'Base room charge');
INSERT INTO INVOICECHARGE VALUES ('20200415QD9688762570367-ch00002','20200415QD9688762570367','2020-04-15',32.62,'Cleaning fee');
INSERT INTO PAYMENT (payment_id,invoice_id,payment_date,payment_type,payment_amount) VALUES ('20200415QD9688762570367-p00001','20200415QD9688762570367','2020-05-05','CA',92);
-- ------- SAMPLE 1751 ----------
INSERT INTO GUEST VALUES(2751,'Rossana','Running','RRunning@hotmail.com','1234 DaWrong Lane','Flonkerton','MD','12345','899-482-7433');
INSERT INTO RESERVATION VALUES ('20210115QS3842302902401',2751,null,'QS','2021-01-15','2021-01-20',null,'active');
INSERT INTO INVOICECHARGE VALUES ('20210115QS3842302902401-ch00001','20210115QS3842302902401','2021-01-15',387.01,'Base room charge');
INSERT INTO INVOICECHARGE VALUES ('20210115QS3842302902401-ch00002','20210115QS3842302902401','2021-01-15',199.37,'Cleaning fee');
INSERT INTO PAYMENT (payment_id,invoice_id,payment_date,payment_type,payment_amount) VALUES ('20210115QS3842302902401-p00001','20210115QS3842302902401','2020-05-05','CA',586.38);
-- ------- SAMPLE 1752 ----------
INSERT INTO GUEST VALUES(2752,'Demarcus','Dearborn','DDearborn@yahoo.com','1234 DaWrong Lane','Flonkerton','MD','12345','055-974-3495');
INSERT INTO RESERVATION VALUES ('20200102KS9560485460636',2752,102,'KS','2020-01-02','2020-01-05',null,'complete');
INSERT INTO INVOICECHARGE VALUES ('20200102KS9560485460636-ch00001','20200102KS9560485460636','2020-01-02',211.1,'Base room charge');
INSERT INTO INVOICECHARGE VALUES ('20200102KS9560485460636-ch00002','20200102KS9560485460636','2020-01-02',108.75,'Room Service');
INSERT INTO PAYMENT VALUES ('20200102KS9560485460636-p00001','20200102KS9560485460636','2020-05-05','CC',163,'Demarcus Dearborn','2150202867317371',10,2022,866,'Mastercard');
-- ------- SAMPLE 1753 ----------
INSERT INTO GUEST VALUES(2753,'Julene','Jahn','JJahn@gmail.com','1234 DaWrong Lane','Flonkerton','MD','12345','806-621-4724');
INSERT INTO RESERVATION VALUES ('20200727KS1199906901393',2753,null,'KS','2020-07-27','2020-07-30',null,'active');
INSERT INTO INVOICECHARGE VALUES ('20200727KS1199906901393-ch00001','20200727KS1199906901393','2020-07-27',211.1,'Base room charge');
INSERT INTO INVOICECHARGE VALUES ('20200727KS1199906901393-ch00002','20200727KS1199906901393','2020-07-27',108.75,'Room Service');
INSERT INTO PAYMENT (payment_id,invoice_id,payment_date,payment_type,payment_amount) VALUES ('20200727KS1199906901393-p00001','20200727KS1199906901393','2020-05-05','CA',319.84);
-- ------- SAMPLE 1754 ----------
INSERT INTO GUEST VALUES(2754,'Abel','Alire','AAlire@hotmail.com','1234 DaWrong Lane','Flonkerton','MD','12345','347-717-8678');
INSERT INTO RESERVATION VALUES ('20190717QD3015044480602',2754,116,'QD','2019-07-17','2019-07-22',null,'complete');
INSERT INTO INVOICECHARGE VALUES ('20190717QD3015044480602-ch00001','20190717QD3015044480602','2019-07-17',316.64,'Base room charge');
INSERT INTO INVOICECHARGE VALUES ('20190717QD3015044480602-ch00002','20190717QD3015044480602','2019-07-17',163.12,'Room Service');
INSERT INTO PAYMENT (payment_id,invoice_id,payment_date,payment_type,payment_amount) VALUES ('20190717QD3015044480602-p00001','20190717QD3015044480602','2020-05-05','CA',479.76);
-- ------- SAMPLE 1755 ----------
INSERT INTO GUEST VALUES(2755,'Erminia','Eckard','EEckard@yahoo.com','1234 DaWrong Lane','Flonkerton','MD','12345','004-399-4508');
INSERT INTO RESERVATION VALUES ('20200215KS6079447823556',2755,117,'KS','2020-02-15','2020-02-19',null,'cancelled');
INSERT INTO INVOICECHARGE VALUES ('20200215KS6079447823556-ch00001','20200215KS6079447823556','2020-02-15',281.46,'Base room charge');
INSERT INTO INVOICECHARGE VALUES ('20200215KS6079447823556-ch00002','20200215KS6079447823556','2020-02-15',145,'Cleaning fee');
INSERT INTO PAYMENT (payment_id,invoice_id,payment_date,payment_type,payment_amount) VALUES ('20200215KS6079447823556-p00001','20200215KS6079447823556','2020-05-05','CA',348);
-- ------- SAMPLE 1756 ----------
INSERT INTO GUEST VALUES(2756,'Lorean','Loden','LLoden@hotmail.com','1234 DaWrong Lane','Flonkerton','MD','12345','040-614-6578');
INSERT INTO RESERVATION VALUES ('20210124QD6858246335936',2756,null,'QD','2021-01-24','2021-01-27',null,'active');
-- ------- SAMPLE 1757 ----------
INSERT INTO GUEST VALUES(2757,'Jammie','Jo','JJo@yahoo.com','1234 DaWrong Lane','Flonkerton','MD','12345','800-810-1747');
INSERT INTO RESERVATION VALUES ('20201122KS1345102955577',2757,null,'KS','2020-11-22','2020-11-24',null,'active');
INSERT INTO INVOICECHARGE VALUES ('20201122KS1345102955577-ch00001','20201122KS1345102955577','2020-11-22',213.23,'Base room charge');
INSERT INTO PAYMENT (payment_id,invoice_id,payment_date,payment_type,payment_amount) VALUES ('20201122KS1345102955577-p00001','20201122KS1345102955577','2020-05-05','CA',213.23);
-- ------- SAMPLE 1758 ----------
INSERT INTO GUEST VALUES(2758,'Ngan','Nalley','NNalley@hotmail.com','1234 DaWrong Lane','Flonkerton','MD','12345','824-514-8332');
INSERT INTO RESERVATION VALUES ('20201225QS6029986900286',2758,null,'QS','2020-12-25','2020-12-28',null,'active');
-- ------- SAMPLE 1759 ----------
INSERT INTO GUEST VALUES(2759,'Asa','Allan','AAllan@gmail.com','1234 DaWrong Lane','Flonkerton','MD','12345','489-641-3145');
INSERT INTO RESERVATION VALUES ('20191207KJ3371765415672',2759,104,'KJ','2019-12-07','2019-12-10',null,'complete');
INSERT INTO INVOICECHARGE VALUES ('20191207KJ3371765415672-ch00001','20191207KJ3371765415672','2019-12-07',415.81,'Base room charge');
INSERT INTO PAYMENT VALUES ('20191207KJ3371765415672-p00001','20191207KJ3371765415672','2020-05-05','CC',67,'Asa Allan','2364193660884754',11,2026,419,'Mastercard');
-- ------- SAMPLE 1760 ----------
INSERT INTO GUEST VALUES(2760,'Nena','Nunez','NNunez@gmail.com','1234 DaWrong Lane','Flonkerton','MD','12345','396-759-1582');
INSERT INTO RESERVATION VALUES ('20210319QS2398092231344',2760,null,'QS','2021-03-19','2021-03-20',null,'cancelled');
-- ------- SAMPLE 1761 ----------
INSERT INTO GUEST VALUES(2761,'Dorothea','Dipaolo','DDipaolo@gmail.com','1234 DaWrong Lane','Flonkerton','MD','12345','996-415-6388');
INSERT INTO RESERVATION VALUES ('20200428KS6031099094956',2761,206,'KS','2020-04-28','2020-04-30',null,'complete');
INSERT INTO INVOICECHARGE VALUES ('20200428KS6031099094956-ch00001','20200428KS6031099094956','2020-04-28',140.73,'Base room charge');
INSERT INTO INVOICECHARGE VALUES ('20200428KS6031099094956-ch00002','20200428KS6031099094956','2020-04-28',72.5,'Room Service');
INSERT INTO PAYMENT VALUES ('20200428KS6031099094956-p00001','20200428KS6031099094956','2020-05-05','CC',213.23,'Dorothea Dipaolo','4909676124751963',3,2021,728,'Mastercard');
-- ------- SAMPLE 1762 ----------
INSERT INTO GUEST VALUES(2762,'Hanna','Hastie','HHastie@gmail.com','1234 DaWrong Lane','Flonkerton','MD','12345','489-321-4734');
INSERT INTO RESERVATION VALUES ('20210107QD4794406564625',2762,null,'QD','2021-01-07','2021-01-09',null,'active');
-- ------- SAMPLE 1763 ----------
INSERT INTO GUEST VALUES(2763,'Florentino','Feth','FFeth@hotmail.com','1234 DaWrong Lane','Flonkerton','MD','12345','445-038-2279');
INSERT INTO RESERVATION VALUES ('20190505QD7599629773393',2763,101,'QD','2019-05-05','2019-05-08',null,'complete');
INSERT INTO INVOICECHARGE VALUES ('20190505QD7599629773393-ch00001','20190505QD7599629773393','2019-05-05',287.86,'Base room charge');
INSERT INTO PAYMENT VALUES ('20190505QD7599629773393-p00001','20190505QD7599629773393','2020-05-05','CC',129,'Florentino Feth','3124349329584280',1,2025,507,'Mastercard');
-- ------- SAMPLE 1764 ----------
INSERT INTO GUEST VALUES(2764,'Kerstin','Khalaf','KKhalaf@yahoo.com','1234 DaWrong Lane','Flonkerton','MD','12345','684-041-0585');
INSERT INTO RESERVATION VALUES ('20200526KJ3759233354700',2764,null,'KJ','2020-05-26','2020-05-31',null,'active');
-- ------- SAMPLE 1765 ----------
INSERT INTO GUEST VALUES(2765,'Fredericka','Farney','FFarney@yahoo.com','1234 DaWrong Lane','Flonkerton','MD','12345','029-925-1644');
INSERT INTO RESERVATION VALUES ('20200330QS1762109885981',2765,103,'QS','2020-03-30','2020-04-03',null,'complete');
INSERT INTO INVOICECHARGE VALUES ('20200330QS1762109885981-ch00001','20200330QS1762109885981','2020-03-30',469.11,'Base room charge');
INSERT INTO PAYMENT (payment_id,invoice_id,payment_date,payment_type,payment_amount) VALUES ('20200330QS1762109885981-p00001','20200330QS1762109885981','2020-05-05','CA',469.11);
-- ------- SAMPLE 1766 ----------
INSERT INTO GUEST VALUES(2766,'Freida','Forbis','FForbis@gmail.com','1234 DaWrong Lane','Flonkerton','MD','12345','815-553-0746');
INSERT INTO RESERVATION VALUES ('20200802KJ9515644697722',2766,null,'KJ','2020-08-02','2020-08-03',null,'active');
INSERT INTO INVOICECHARGE VALUES ('20200802KJ9515644697722-ch00001','20200802KJ9515644697722','2020-08-02',91.48,'Base room charge');
INSERT INTO INVOICECHARGE VALUES ('20200802KJ9515644697722-ch00002','20200802KJ9515644697722','2020-08-02',47.12,'Cleaning fee');
INSERT INTO PAYMENT VALUES ('20200802KJ9515644697722-p00001','20200802KJ9515644697722','2020-05-05','CC',117,'Freida Forbis','7335037454553323',10,2023,510,'Mastercard');
-- ------- SAMPLE 1767 ----------
INSERT INTO GUEST VALUES(2767,'Anita','Amezcua','AAmezcua@gmail.com','1234 DaWrong Lane','Flonkerton','MD','12345','610-825-4539');
INSERT INTO RESERVATION VALUES ('20200625QS8674115941786',2767,null,'QS','2020-06-25','2020-06-28',null,'cancelled');
INSERT INTO INVOICECHARGE VALUES ('20200625QS8674115941786-ch00001','20200625QS8674115941786','2020-06-25',351.83,'Base room charge');
INSERT INTO PAYMENT VALUES ('20200625QS8674115941786-p00001','20200625QS8674115941786','2020-05-05','CC',351.83,'Anita Amezcua','5881223668094922',11,2027,144,'Mastercard');
-- ------- SAMPLE 1768 ----------
INSERT INTO GUEST VALUES(2768,'Elfriede','Esslinger','EEsslinger@yahoo.com','1234 DaWrong Lane','Flonkerton','MD','12345','956-750-8178');
INSERT INTO RESERVATION VALUES ('20191020KS8101739482515',2768,102,'KS','2019-10-20','2019-10-21',null,'complete');
INSERT INTO INVOICECHARGE VALUES ('20191020KS8101739482515-ch00001','20191020KS8101739482515','2019-10-20',106.61,'Base room charge');
INSERT INTO PAYMENT (payment_id,invoice_id,payment_date,payment_type,payment_amount) VALUES ('20191020KS8101739482515-p00001','20191020KS8101739482515','2020-05-05','CA',106.61);
-- ------- SAMPLE 1769 ----------
INSERT INTO GUEST VALUES(2769,'Danette','Dammann','DDammann@gmail.com','1234 DaWrong Lane','Flonkerton','MD','12345','956-349-4275');
INSERT INTO RESERVATION VALUES ('20200412KI4299675717146',2769,204,'KI','2020-04-12','2020-04-17',null,'complete');
INSERT INTO INVOICECHARGE VALUES ('20200412KI4299675717146-ch00001','20200412KI4299675717146','2020-04-12',426.45,'Base room charge');
INSERT INTO PAYMENT VALUES ('20200412KI4299675717146-p00001','20200412KI4299675717146','2020-05-05','CC',383,'Danette Dammann','1468592658523439',9,2024,517,'Mastercard');
-- ------- SAMPLE 1770 ----------
INSERT INTO GUEST VALUES(2770,'Elfriede','Esslinger','EEsslinger@gmail.com','1234 DaWrong Lane','Flonkerton','MD','12345','222-756-4991');
INSERT INTO RESERVATION VALUES ('20210119KI6251629599678',2770,null,'KI','2021-01-19','2021-01-24',null,'active');
INSERT INTO INVOICECHARGE VALUES ('20210119KI6251629599678-ch00001','20210119KI6251629599678','2021-01-19',281.45,'Base room charge');
INSERT INTO INVOICECHARGE VALUES ('20210119KI6251629599678-ch00002','20210119KI6251629599678','2021-01-19',144.99,'Room Service');
INSERT INTO PAYMENT VALUES ('20210119KI6251629599678-p00001','20210119KI6251629599678','2020-05-05','CC',426.45,'Elfriede Esslinger','9493581951185635',12,2022,300,'Mastercard');
-- ------- SAMPLE 1771 ----------
INSERT INTO GUEST VALUES(2771,'Deandra','Dimauro','DDimauro@gmail.com','1234 DaWrong Lane','Flonkerton','MD','12345','035-241-3006');
INSERT INTO RESERVATION VALUES ('20200112QD4089826269787',2771,200,'QD','2020-01-12','2020-01-16',null,'complete');
INSERT INTO INVOICECHARGE VALUES ('20200112QD4089826269787-ch00001','20200112QD4089826269787','2020-01-12',383.81,'Base room charge');
INSERT INTO PAYMENT VALUES ('20200112QD4089826269787-p00001','20200112QD4089826269787','2020-05-05','CC',383.81,'Deandra Dimauro','2027528894922200',8,2024,918,'Mastercard');
-- ------- SAMPLE 1772 ----------
INSERT INTO GUEST VALUES(2772,'Shawna','Schmit','SSchmit@yahoo.com','1234 DaWrong Lane','Flonkerton','MD','12345','524-013-4663');
INSERT INTO RESERVATION VALUES ('20210121KS5327978155565',2772,null,'KS','2021-01-21','2021-01-23',null,'active');
INSERT INTO INVOICECHARGE VALUES ('20210121KS5327978155565-ch00001','20210121KS5327978155565','2021-01-21',140.73,'Base room charge');
INSERT INTO INVOICECHARGE VALUES ('20210121KS5327978155565-ch00002','20210121KS5327978155565','2021-01-21',72.5,'Room Service');
INSERT INTO PAYMENT VALUES ('20210121KS5327978155565-p00001','20210121KS5327978155565','2020-05-05','CC',213.23,'Shawna Schmit','4335369312279777',5,2027,796,'Mastercard');
-- ------- SAMPLE 1773 ----------
INSERT INTO GUEST VALUES(2773,'Liliana','Lueck','LLueck@yahoo.com','1234 DaWrong Lane','Flonkerton','MD','12345','596-214-2287');
INSERT INTO RESERVATION VALUES ('20191218KI8779367125449',2773,120,'KI','2019-12-18','2019-12-21',null,'complete');
INSERT INTO INVOICECHARGE VALUES ('20191218KI8779367125449-ch00001','20191218KI8779367125449','2019-12-18',168.87,'Base room charge');
INSERT INTO INVOICECHARGE VALUES ('20191218KI8779367125449-ch00002','20191218KI8779367125449','2019-12-18',87,'Cleaning fee');
INSERT INTO PAYMENT VALUES ('20191218KI8779367125449-p00001','20191218KI8779367125449','2020-05-05','CC',255.87,'Liliana Lueck','9984664592932094',2,2021,381,'Mastercard');
-- ------- SAMPLE 1774 ----------
INSERT INTO GUEST VALUES(2774,'Delsie','Dunstan','DDunstan@yahoo.com','1234 DaWrong Lane','Flonkerton','MD','12345','232-570-0699');
INSERT INTO RESERVATION VALUES ('20200219KS4351635505105',2774,201,'KS','2020-02-19','2020-02-22',null,'complete');
-- ------- SAMPLE 1775 ----------
INSERT INTO GUEST VALUES(2775,'Hedwig','Hinz','HHinz@hotmail.com','1234 DaWrong Lane','Flonkerton','MD','12345','131-599-6852');
INSERT INTO RESERVATION VALUES ('20200906KJ2599789039460',2775,null,'KJ','2020-09-06','2020-09-08',null,'active');
INSERT INTO INVOICECHARGE VALUES ('20200906KJ2599789039460-ch00001','20200906KJ2599789039460','2020-09-06',182.95,'Base room charge');
INSERT INTO INVOICECHARGE VALUES ('20200906KJ2599789039460-ch00002','20200906KJ2599789039460','2020-09-06',94.25,'Room Service');
INSERT INTO PAYMENT VALUES ('20200906KJ2599789039460-p00001','20200906KJ2599789039460','2020-05-05','CC',277.2,'Hedwig Hinz','9737875342287263',5,2022,110,'Mastercard');
-- ------- SAMPLE 1776 ----------
INSERT INTO GUEST VALUES(2776,'Kandra','Kelty','KKelty@yahoo.com','1234 DaWrong Lane','Flonkerton','MD','12345','178-135-4487');
INSERT INTO RESERVATION VALUES ('20210328KJ4994827951404',2776,null,'KJ','2021-03-28','2021-04-02',null,'active');
-- ------- SAMPLE 1777 ----------
INSERT INTO GUEST VALUES(2777,'Kathey','Kingston','KKingston@gmail.com','1234 DaWrong Lane','Flonkerton','MD','12345','864-913-5077');
INSERT INTO RESERVATION VALUES ('20200517QS9333938869726',2777,null,'QS','2020-05-17','2020-05-18',null,'active');
INSERT INTO INVOICECHARGE VALUES ('20200517QS9333938869726-ch00001','20200517QS9333938869726','2020-05-17',117.28,'Base room charge');
INSERT INTO PAYMENT VALUES ('20200517QS9333938869726-p00001','20200517QS9333938869726','2020-05-05','CC',117.28,'Kathey Kingston','7880013836626189',12,2022,361,'Mastercard');
-- ------- SAMPLE 1778 ----------
INSERT INTO GUEST VALUES(2778,'Natalia','Nowacki','NNowacki@gmail.com','1234 DaWrong Lane','Flonkerton','MD','12345','551-235-4750');
INSERT INTO RESERVATION VALUES ('20200206KS3803395524292',2778,107,'KS','2020-02-06','2020-02-08',null,'complete');
-- ------- SAMPLE 1779 ----------
INSERT INTO GUEST VALUES(2779,'Rossana','Running','RRunning@yahoo.com','1234 DaWrong Lane','Flonkerton','MD','12345','700-315-7205');
INSERT INTO RESERVATION VALUES ('20200424KS7663079966201',2779,206,'KS','2020-04-24','2020-04-27',null,'complete');
INSERT INTO INVOICECHARGE VALUES ('20200424KS7663079966201-ch00001','20200424KS7663079966201','2020-04-24',319.84,'Base room charge');
INSERT INTO PAYMENT VALUES ('20200424KS7663079966201-p00001','20200424KS7663079966201','2020-05-05','CC',265,'Rossana Running','7567762398127928',1,2024,156,'Mastercard');
-- ------- SAMPLE 1780 ----------
INSERT INTO GUEST VALUES(2780,'Asa','Allan','AAllan@hotmail.com','1234 DaWrong Lane','Flonkerton','MD','12345','997-325-3999');
INSERT INTO RESERVATION VALUES ('20210205KS4371965427611',2780,null,'KS','2021-02-05','2021-02-07',null,'active');
INSERT INTO INVOICECHARGE VALUES ('20210205KS4371965427611-ch00001','20210205KS4371965427611','2021-02-05',140.73,'Base room charge');
INSERT INTO INVOICECHARGE VALUES ('20210205KS4371965427611-ch00002','20210205KS4371965427611','2021-02-05',72.5,'Room Service');
INSERT INTO PAYMENT VALUES ('20210205KS4371965427611-p00001','20210205KS4371965427611','2020-05-05','CC',213.23,'Asa Allan','5010176673225225',4,2026,177,'Mastercard');
-- ------- SAMPLE 1781 ----------
INSERT INTO GUEST VALUES(2781,'Fiona','Figgs','FFiggs@hotmail.com','1234 DaWrong Lane','Flonkerton','MD','12345','242-542-4318');
INSERT INTO RESERVATION VALUES ('20200326KJ7900777952050',2781,203,'KJ','2020-03-26','2020-03-27',null,'complete');
-- ------- SAMPLE 1782 ----------
INSERT INTO GUEST VALUES(2782,'Rick','Ritenour','RRitenour@hotmail.com','1234 DaWrong Lane','Flonkerton','MD','12345','926-936-2053');
INSERT INTO RESERVATION VALUES ('20190626QS7503106101899',2782,103,'QS','2019-06-26','2019-06-28',null,'cancelled');
INSERT INTO INVOICECHARGE VALUES ('20190626QS7503106101899-ch00001','20190626QS7503106101899','2019-06-26',154.81,'Base room charge');
INSERT INTO INVOICECHARGE VALUES ('20190626QS7503106101899-ch00002','20190626QS7503106101899','2019-06-26',79.75,'Cleaning fee');
INSERT INTO PAYMENT VALUES ('20190626QS7503106101899-p00001','20190626QS7503106101899','2020-05-05','CC',234.55,'Rick Ritenour','5389736232558708',3,2024,584,'Mastercard');
-- ------- SAMPLE 1783 ----------
INSERT INTO GUEST VALUES(2783,'Deangelo','Deloera','DDeloera@hotmail.com','1234 DaWrong Lane','Flonkerton','MD','12345','464-502-6807');
INSERT INTO RESERVATION VALUES ('20200718QD7834539204961',2783,null,'QD','2020-07-18','2020-07-23',null,'active');
INSERT INTO INVOICECHARGE VALUES ('20200718QD7834539204961-ch00001','20200718QD7834539204961','2020-07-18',479.76,'Base room charge');
INSERT INTO PAYMENT VALUES ('20200718QD7834539204961-p00001','20200718QD7834539204961','2020-05-05','CC',479.76,'Deangelo Deloera','1707473677771145',2,2025,460,'Mastercard');
-- ------- SAMPLE 1784 ----------
INSERT INTO GUEST VALUES(2784,'Kandra','Kelty','KKelty@gmail.com','1234 DaWrong Lane','Flonkerton','MD','12345','066-007-4624');
INSERT INTO RESERVATION VALUES ('20210318QS6313812337731',2784,null,'QS','2021-03-18','2021-03-21',null,'active');
INSERT INTO INVOICECHARGE VALUES ('20210318QS6313812337731-ch00001','20210318QS6313812337731','2021-03-18',232.21,'Base room charge');
INSERT INTO INVOICECHARGE VALUES ('20210318QS6313812337731-ch00002','20210318QS6313812337731','2021-03-18',119.62,'Cleaning fee');
INSERT INTO PAYMENT VALUES ('20210318QS6313812337731-p00001','20210318QS6313812337731','2020-05-05','CC',351.83,'Kandra Kelty','5699417796215138',10,2022,214,'Mastercard');
-- ------- SAMPLE 1785 ----------
INSERT INTO GUEST VALUES(2785,'Corene','Carmody','CCarmody@gmail.com','1234 DaWrong Lane','Flonkerton','MD','12345','517-327-5759');
INSERT INTO RESERVATION VALUES ('20190717KS6791705183747',2785,201,'KS','2019-07-17','2019-07-20',null,'complete');
-- ------- SAMPLE 1786 ----------
INSERT INTO GUEST VALUES(2786,'Lakenya','Langston','LLangston@gmail.com','1234 DaWrong Lane','Flonkerton','MD','12345','687-041-4862');
INSERT INTO RESERVATION VALUES ('20210301KJ8511484259408',2786,null,'KJ','2021-03-01','2021-03-03',null,'active');
INSERT INTO INVOICECHARGE VALUES ('20210301KJ8511484259408-ch00001','20210301KJ8511484259408','2021-03-01',182.95,'Base room charge');
INSERT INTO INVOICECHARGE VALUES ('20210301KJ8511484259408-ch00002','20210301KJ8511484259408','2021-03-01',94.25,'Cleaning fee');
INSERT INTO PAYMENT VALUES ('20210301KJ8511484259408-p00001','20210301KJ8511484259408','2020-05-05','CC',260,'Lakenya Langston','4006063504615782',1,2021,299,'Mastercard');
-- ------- SAMPLE 1787 ----------
INSERT INTO GUEST VALUES(2787,'Edmundo','Erickson','EErickson@gmail.com','1234 DaWrong Lane','Flonkerton','MD','12345','274-681-9888');
INSERT INTO RESERVATION VALUES ('20190822QD3767909840436',2787,200,'QD','2019-08-22','2019-08-25',null,'complete');
INSERT INTO INVOICECHARGE VALUES ('20190822QD3767909840436-ch00001','20190822QD3767909840436','2019-08-22',189.98,'Base room charge');
INSERT INTO INVOICECHARGE VALUES ('20190822QD3767909840436-ch00002','20190822QD3767909840436','2019-08-22',97.87,'Cleaning fee');
INSERT INTO PAYMENT VALUES ('20190822QD3767909840436-p00001','20190822QD3767909840436','2020-05-05','CC',247,'Edmundo Erickson','7876249920776893',7,2023,175,'Mastercard');
-- ------- SAMPLE 1788 ----------
INSERT INTO GUEST VALUES(2788,'Shawn','Stefanski','SStefanski@yahoo.com','1234 DaWrong Lane','Flonkerton','MD','12345','298-541-7350');
INSERT INTO RESERVATION VALUES ('20200502QS8880455425871',2788,118,'QS','2020-05-02','2020-05-03',null,'complete');
-- ------- SAMPLE 1789 ----------
INSERT INTO GUEST VALUES(2789,'Shaneka','Stribling','SStribling@yahoo.com','1234 DaWrong Lane','Flonkerton','MD','12345','427-140-5646');
INSERT INTO RESERVATION VALUES ('20191128KS9247382785061',2789,102,'KS','2019-11-28','2019-12-01',null,'complete');
INSERT INTO INVOICECHARGE VALUES ('20191128KS9247382785061-ch00001','20191128KS9247382785061','2019-11-28',211.1,'Base room charge');
INSERT INTO INVOICECHARGE VALUES ('20191128KS9247382785061-ch00002','20191128KS9247382785061','2019-11-28',108.75,'Cleaning fee');
INSERT INTO PAYMENT VALUES ('20191128KS9247382785061-p00001','20191128KS9247382785061','2020-05-05','CC',319.84,'Shaneka Stribling','4667607557672314',6,2022,971,'Mastercard');
-- ------- SAMPLE 1790 ----------
INSERT INTO GUEST VALUES(2790,'Eda','Elmendorf','EElmendorf@hotmail.com','1234 DaWrong Lane','Flonkerton','MD','12345','013-167-3049');
INSERT INTO RESERVATION VALUES ('20200204KS4450209331431',2790,117,'KS','2020-02-04','2020-02-06',null,'cancelled');
INSERT INTO INVOICECHARGE VALUES ('20200204KS4450209331431-ch00001','20200204KS4450209331431','2020-02-04',213.23,'Base room charge');
INSERT INTO PAYMENT (payment_id,invoice_id,payment_date,payment_type,payment_amount) VALUES ('20200204KS4450209331431-p00001','20200204KS4450209331431','2020-05-05','CA',6);
-- ------- SAMPLE 1791 ----------
INSERT INTO GUEST VALUES(2791,'Natalya','Neathery','NNeathery@yahoo.com','1234 DaWrong Lane','Flonkerton','MD','12345','629-156-9688');
INSERT INTO RESERVATION VALUES ('20201224KS1268995091990',2791,null,'KS','2020-12-24','2020-12-28',null,'active');
INSERT INTO INVOICECHARGE VALUES ('20201224KS1268995091990-ch00001','20201224KS1268995091990','2020-12-24',426.46,'Base room charge');
INSERT INTO PAYMENT (payment_id,invoice_id,payment_date,payment_type,payment_amount) VALUES ('20201224KS1268995091990-p00001','20201224KS1268995091990','2020-05-05','CA',426.46);
-- ------- SAMPLE 1792 ----------
INSERT INTO GUEST VALUES(2792,'Jeanene','Jacobo','JJacobo@hotmail.com','1234 DaWrong Lane','Flonkerton','MD','12345','417-681-0930');
INSERT INTO RESERVATION VALUES ('20191210QD1075308134577',2792,116,'QD','2019-12-10','2019-12-14',null,'complete');
-- ------- SAMPLE 1793 ----------
INSERT INTO GUEST VALUES(2793,'Jenna','Jesse','JJesse@yahoo.com','1234 DaWrong Lane','Flonkerton','MD','12345','655-733-1875');
INSERT INTO RESERVATION VALUES ('20190816KI4654082289411',2793,115,'KI','2019-08-16','2019-08-21',null,'complete');
-- ------- SAMPLE 1794 ----------
INSERT INTO GUEST VALUES(2794,'Francie','Fairbank','FFairbank@yahoo.com','1234 DaWrong Lane','Flonkerton','MD','12345','186-258-2276');
INSERT INTO RESERVATION VALUES ('20200523KI6374828841582',2794,null,'KI','2020-05-23','2020-05-26',null,'active');
INSERT INTO INVOICECHARGE VALUES ('20200523KI6374828841582-ch00001','20200523KI6374828841582','2020-05-23',168.87,'Base room charge');
INSERT INTO INVOICECHARGE VALUES ('20200523KI6374828841582-ch00002','20200523KI6374828841582','2020-05-23',87,'Room Service');
INSERT INTO PAYMENT VALUES ('20200523KI6374828841582-p00001','20200523KI6374828841582','2020-05-05','CC',255.87,'Francie Fairbank','9282261097691568',11,2027,610,'Mastercard');
-- ------- SAMPLE 1795 ----------
INSERT INTO GUEST VALUES(2795,'Marcelino','Meisner','MMeisner@hotmail.com','1234 DaWrong Lane','Flonkerton','MD','12345','515-719-9140');
INSERT INTO RESERVATION VALUES ('20190517KI5561944274296',2795,110,'KI','2019-05-17','2019-05-19',null,'cancelled');
INSERT INTO INVOICECHARGE VALUES ('20190517KI5561944274296-ch00001','20190517KI5561944274296','2019-05-17',112.58,'Base room charge');
INSERT INTO INVOICECHARGE VALUES ('20190517KI5561944274296-ch00002','20190517KI5561944274296','2019-05-17',58,'Room Service');
INSERT INTO PAYMENT VALUES ('20190517KI5561944274296-p00001','20190517KI5561944274296','2020-05-05','CC',37,'Marcelino Meisner','3946245162808948',7,2022,294,'Mastercard');
-- ------- SAMPLE 1796 ----------
INSERT INTO GUEST VALUES(2796,'Mario','Macdowell','MMacdowell@gmail.com','1234 DaWrong Lane','Flonkerton','MD','12345','328-874-4464');
INSERT INTO RESERVATION VALUES ('20200716KI9031242075279',2796,null,'KI','2020-07-16','2020-07-18',null,'active');
INSERT INTO INVOICECHARGE VALUES ('20200716KI9031242075279-ch00001','20200716KI9031242075279','2020-07-16',170.58,'Base room charge');
INSERT INTO PAYMENT VALUES ('20200716KI9031242075279-p00001','20200716KI9031242075279','2020-05-05','CC',170.58,'Mario Macdowell','9219407730205559',5,2026,338,'Mastercard');
-- ------- SAMPLE 1797 ----------
INSERT INTO GUEST VALUES(2797,'Romelia','Rigdon','RRigdon@hotmail.com','1234 DaWrong Lane','Flonkerton','MD','12345','467-723-4436');
INSERT INTO RESERVATION VALUES ('20200322KJ9654398532754',2797,208,'KJ','2020-03-22','2020-03-26',null,'complete');
INSERT INTO INVOICECHARGE VALUES ('20200322KJ9654398532754-ch00001','20200322KJ9654398532754','2020-03-22',365.91,'Base room charge');
INSERT INTO INVOICECHARGE VALUES ('20200322KJ9654398532754-ch00002','20200322KJ9654398532754','2020-03-22',188.5,'Room Service');
INSERT INTO PAYMENT VALUES ('20200322KJ9654398532754-p00001','20200322KJ9654398532754','2020-05-05','CC',554.41,'Romelia Rigdon','3337488536730567',6,2023,529,'Mastercard');
-- ------- SAMPLE 1798 ----------
INSERT INTO GUEST VALUES(2798,'Mario','Macdowell','MMacdowell@yahoo.com','1234 DaWrong Lane','Flonkerton','MD','12345','994-659-3214');
INSERT INTO RESERVATION VALUES ('20200520KI4544029765325',2798,null,'KI','2020-05-20','2020-05-24',null,'active');
INSERT INTO INVOICECHARGE VALUES ('20200520KI4544029765325-ch00001','20200520KI4544029765325','2020-05-20',225.16,'Base room charge');
INSERT INTO INVOICECHARGE VALUES ('20200520KI4544029765325-ch00002','20200520KI4544029765325','2020-05-20',115.99,'Room Service');
INSERT INTO PAYMENT VALUES ('20200520KI4544029765325-p00001','20200520KI4544029765325','2020-05-05','CC',341.16,'Mario Macdowell','2716274607236612',9,2023,273,'Mastercard');
-- ------- SAMPLE 1799 ----------
INSERT INTO GUEST VALUES(2799,'Hedwig','Hinz','HHinz@gmail.com','1234 DaWrong Lane','Flonkerton','MD','12345','134-771-1163');
INSERT INTO RESERVATION VALUES ('20190522KJ8160838911481',2799,104,'KJ','2019-05-22','2019-05-26',null,'complete');
INSERT INTO INVOICECHARGE VALUES ('20190522KJ8160838911481-ch00001','20190522KJ8160838911481','2019-05-22',365.91,'Base room charge');
INSERT INTO INVOICECHARGE VALUES ('20190522KJ8160838911481-ch00002','20190522KJ8160838911481','2019-05-22',188.5,'Cleaning fee');
INSERT INTO PAYMENT VALUES ('20190522KJ8160838911481-p00001','20190522KJ8160838911481','2020-05-05','CC',554.41,'Hedwig Hinz','8264485765204936',7,2022,671,'Mastercard');
-- ------- SAMPLE 1800 ----------
INSERT INTO GUEST VALUES(2800,'Raisa','Romito','RRomito@gmail.com','1234 DaWrong Lane','Flonkerton','MD','12345','034-905-8208');
INSERT INTO RESERVATION VALUES ('20191002QD8458614503075',2800,111,'QD','2019-10-02','2019-10-05',null,'cancelled');
INSERT INTO INVOICECHARGE VALUES ('20191002QD8458614503075-ch00001','20191002QD8458614503075','2019-10-02',189.98,'Base room charge');
INSERT INTO INVOICECHARGE VALUES ('20191002QD8458614503075-ch00002','20191002QD8458614503075','2019-10-02',97.87,'Cleaning fee');
INSERT INTO PAYMENT VALUES ('20191002QD8458614503075-p00001','20191002QD8458614503075','2020-05-05','CC',287.86,'Raisa Romito','6556273232275231',1,2021,0,'Mastercard');
-- ------- SAMPLE 1801 ----------
INSERT INTO GUEST VALUES(2801,'Marylynn','Musson','MMusson@hotmail.com','1234 DaWrong Lane','Flonkerton','MD','12345','538-357-8055');
INSERT INTO RESERVATION VALUES ('20200330KJ4881294549070',2801,119,'KJ','2020-03-30','2020-04-02',null,'complete');
-- ------- SAMPLE 1802 ----------
INSERT INTO GUEST VALUES(2802,'Abram','Adolph','AAdolph@gmail.com','1234 DaWrong Lane','Flonkerton','MD','12345','517-378-5156');
INSERT INTO RESERVATION VALUES ('20191208KJ4880643523158',2802,109,'KJ','2019-12-08','2019-12-09',null,'complete');
INSERT INTO INVOICECHARGE VALUES ('20191208KJ4880643523158-ch00001','20191208KJ4880643523158','2019-12-08',138.6,'Base room charge');
INSERT INTO PAYMENT (payment_id,invoice_id,payment_date,payment_type,payment_amount) VALUES ('20191208KJ4880643523158-p00001','20191208KJ4880643523158','2020-05-05','CA',138.6);
-- ------- SAMPLE 1803 ----------
INSERT INTO GUEST VALUES(2803,'Bell','Belizaire','BBelizaire@yahoo.com','1234 DaWrong Lane','Flonkerton','MD','12345','593-753-5891');
INSERT INTO RESERVATION VALUES ('20200708KJ3276612675787',2803,null,'KJ','2020-07-08','2020-07-12',null,'cancelled');
-- ------- SAMPLE 1804 ----------
INSERT INTO GUEST VALUES(2804,'Deandra','Dimauro','DDimauro@yahoo.com','1234 DaWrong Lane','Flonkerton','MD','12345','274-711-9008');
INSERT INTO RESERVATION VALUES ('20200616QD8189257168494',2804,null,'QD','2020-06-16','2020-06-20',null,'active');
INSERT INTO INVOICECHARGE VALUES ('20200616QD8189257168494-ch00001','20200616QD8189257168494','2020-06-16',253.31,'Base room charge');
INSERT INTO INVOICECHARGE VALUES ('20200616QD8189257168494-ch00002','20200616QD8189257168494','2020-06-16',130.49,'Room Service');
INSERT INTO PAYMENT VALUES ('20200616QD8189257168494-p00001','20200616QD8189257168494','2020-05-05','CC',383.81,'Deandra Dimauro','2845166316632293',1,2021,239,'Mastercard');
-- ------- SAMPLE 1805 ----------
INSERT INTO GUEST VALUES(2805,'Kathey','Kingston','KKingston@gmail.com','1234 DaWrong Lane','Flonkerton','MD','12345','142-398-9763');
INSERT INTO RESERVATION VALUES ('20200527QD3781316380931',2805,null,'QD','2020-05-27','2020-05-28',null,'active');
INSERT INTO INVOICECHARGE VALUES ('20200527QD3781316380931-ch00001','20200527QD3781316380931','2020-05-27',95.95,'Base room charge');
INSERT INTO PAYMENT VALUES ('20200527QD3781316380931-p00001','20200527QD3781316380931','2020-05-05','CC',95.95,'Kathey Kingston','5399294511834782',9,2022,262,'Mastercard');
-- ------- SAMPLE 1806 ----------
INSERT INTO GUEST VALUES(2806,'Vicky','Vanderhoff','VVanderhoff@gmail.com','1234 DaWrong Lane','Flonkerton','MD','12345','160-513-1014');
INSERT INTO RESERVATION VALUES ('20200310QD5682070123558',2806,200,'QD','2020-03-10','2020-03-15',null,'complete');
-- ------- SAMPLE 1807 ----------
INSERT INTO GUEST VALUES(2807,'Daron','Dycus','DDycus@gmail.com','1234 DaWrong Lane','Flonkerton','MD','12345','831-192-4052');
INSERT INTO RESERVATION VALUES ('20200723QD5519185159272',2807,null,'QD','2020-07-23','2020-07-26',null,'cancelled');
INSERT INTO INVOICECHARGE VALUES ('20200723QD5519185159272-ch00001','20200723QD5519185159272','2020-07-23',189.98,'Base room charge');
INSERT INTO INVOICECHARGE VALUES ('20200723QD5519185159272-ch00002','20200723QD5519185159272','2020-07-23',97.87,'Cleaning fee');
INSERT INTO PAYMENT VALUES ('20200723QD5519185159272-p00001','20200723QD5519185159272','2020-05-05','CC',287.86,'Daron Dycus','3292445957995424',10,2025,681,'Mastercard');
-- ------- SAMPLE 1808 ----------
INSERT INTO GUEST VALUES(2808,'Deandra','Dimauro','DDimauro@gmail.com','1234 DaWrong Lane','Flonkerton','MD','12345','738-500-3311');
INSERT INTO RESERVATION VALUES ('20201220KS3821596354767',2808,null,'KS','2020-12-20','2020-12-21',null,'active');
INSERT INTO INVOICECHARGE VALUES ('20201220KS3821596354767-ch00001','20201220KS3821596354767','2020-12-20',106.61,'Base room charge');
INSERT INTO PAYMENT (payment_id,invoice_id,payment_date,payment_type,payment_amount) VALUES ('20201220KS3821596354767-p00001','20201220KS3821596354767','2020-05-05','CA',106.61);
-- ------- SAMPLE 1809 ----------
INSERT INTO GUEST VALUES(2809,'Bessie','Buhler','BBuhler@hotmail.com','1234 DaWrong Lane','Flonkerton','MD','12345','386-612-1518');
INSERT INTO RESERVATION VALUES ('20210128KI6157257397411',2809,null,'KI','2021-01-28','2021-01-30',null,'active');
INSERT INTO INVOICECHARGE VALUES ('20210128KI6157257397411-ch00001','20210128KI6157257397411','2021-01-28',112.58,'Base room charge');
INSERT INTO INVOICECHARGE VALUES ('20210128KI6157257397411-ch00002','20210128KI6157257397411','2021-01-28',58,'Cleaning fee');
INSERT INTO PAYMENT VALUES ('20210128KI6157257397411-p00001','20210128KI6157257397411','2020-05-05','CC',170.58,'Bessie Buhler','7267369318376061',12,2027,464,'Mastercard');
-- ------- SAMPLE 1810 ----------
INSERT INTO GUEST VALUES(2810,'Ella','Evanoff','EEvanoff@gmail.com','1234 DaWrong Lane','Flonkerton','MD','12345','700-798-7666');
INSERT INTO RESERVATION VALUES ('20200322KI9773309741155',2810,204,'KI','2020-03-22','2020-03-27',null,'complete');
INSERT INTO INVOICECHARGE VALUES ('20200322KI9773309741155-ch00001','20200322KI9773309741155','2020-03-22',426.45,'Base room charge');
INSERT INTO PAYMENT VALUES ('20200322KI9773309741155-p00001','20200322KI9773309741155','2020-05-05','CC',426.45,'Ella Evanoff','3443691645311023',3,2027,372,'Mastercard');
-- ------- SAMPLE 1811 ----------
INSERT INTO GUEST VALUES(2811,'Delsie','Delong','DDelong@gmail.com','1234 DaWrong Lane','Flonkerton','MD','12345','721-418-7539');
INSERT INTO RESERVATION VALUES ('20190907QD1948810701471',2811,200,'QD','2019-09-07','2019-09-12',null,'complete');
INSERT INTO INVOICECHARGE VALUES ('20190907QD1948810701471-ch00001','20190907QD1948810701471','2019-09-07',479.76,'Base room charge');
INSERT INTO PAYMENT (payment_id,invoice_id,payment_date,payment_type,payment_amount) VALUES ('20190907QD1948810701471-p00001','20190907QD1948810701471','2020-05-05','CA',479.76);
-- ------- SAMPLE 1812 ----------
INSERT INTO GUEST VALUES(2812,'Louisa','Laroque','LLaroque@hotmail.com','1234 DaWrong Lane','Flonkerton','MD','12345','804-768-5739');
INSERT INTO RESERVATION VALUES ('20191104QS1174090955293',2812,207,'QS','2019-11-04','2019-11-08',null,'complete');
INSERT INTO INVOICECHARGE VALUES ('20191104QS1174090955293-ch00001','20191104QS1174090955293','2019-11-04',309.61,'Base room charge');
INSERT INTO INVOICECHARGE VALUES ('20191104QS1174090955293-ch00002','20191104QS1174090955293','2019-11-04',159.5,'Cleaning fee');
INSERT INTO PAYMENT (payment_id,invoice_id,payment_date,payment_type,payment_amount) VALUES ('20191104QS1174090955293-p00001','20191104QS1174090955293','2020-05-05','CA',469.11);
-- ------- SAMPLE 1813 ----------
INSERT INTO GUEST VALUES(2813,'Kathern','Korn','KKorn@hotmail.com','1234 DaWrong Lane','Flonkerton','MD','12345','472-578-4335');
INSERT INTO RESERVATION VALUES ('20201013QS5997984301963',2813,null,'QS','2020-10-13','2020-10-18',null,'active');
-- ------- SAMPLE 1814 ----------
INSERT INTO GUEST VALUES(2814,'Collin','Chaparro','CChaparro@hotmail.com','1234 DaWrong Lane','Flonkerton','MD','12345','523-915-2358');
INSERT INTO RESERVATION VALUES ('20190910KJ7807916891975',2814,208,'KJ','2019-09-10','2019-09-12',null,'complete');
-- ------- SAMPLE 1815 ----------
INSERT INTO GUEST VALUES(2815,'Missy','Mcclintock','MMcclintock@gmail.com','1234 DaWrong Lane','Flonkerton','MD','12345','179-271-9847');
INSERT INTO RESERVATION VALUES ('20190720QD6061907299801',2815,116,'QD','2019-07-20','2019-07-21',null,'complete');
INSERT INTO INVOICECHARGE VALUES ('20190720QD6061907299801-ch00001','20190720QD6061907299801','2019-07-20',95.95,'Base room charge');
INSERT INTO PAYMENT VALUES ('20190720QD6061907299801-p00001','20190720QD6061907299801','2020-05-05','CC',95.95,'Missy Mcclintock','8642638136138420',12,2021,31,'Mastercard');
-- ------- SAMPLE 1816 ----------
INSERT INTO GUEST VALUES(2816,'Eda','Elmendorf','EElmendorf@gmail.com','1234 DaWrong Lane','Flonkerton','MD','12345','244-716-0947');
INSERT INTO RESERVATION VALUES ('20190725QD1941675194611',2816,106,'QD','2019-07-25','2019-07-28',null,'complete');
INSERT INTO INVOICECHARGE VALUES ('20190725QD1941675194611-ch00001','20190725QD1941675194611','2019-07-25',189.98,'Base room charge');
INSERT INTO INVOICECHARGE VALUES ('20190725QD1941675194611-ch00002','20190725QD1941675194611','2019-07-25',97.87,'Room Service');
INSERT INTO PAYMENT (payment_id,invoice_id,payment_date,payment_type,payment_amount) VALUES ('20190725QD1941675194611-p00001','20190725QD1941675194611','2020-05-05','CA',287.86);
-- ------- SAMPLE 1817 ----------
INSERT INTO GUEST VALUES(2817,'Rickie','Redfern','RRedfern@yahoo.com','1234 DaWrong Lane','Flonkerton','MD','12345','491-278-4924');
INSERT INTO RESERVATION VALUES ('20210316KS3731810447442',2817,null,'KS','2021-03-16','2021-03-21',null,'active');
INSERT INTO INVOICECHARGE VALUES ('20210316KS3731810447442-ch00001','20210316KS3731810447442','2021-03-16',533.07,'Base room charge');
INSERT INTO PAYMENT VALUES ('20210316KS3731810447442-p00001','20210316KS3731810447442','2020-05-05','CC',533.07,'Rickie Redfern','2995140954832337',11,2022,447,'Mastercard');
-- ------- SAMPLE 1818 ----------
INSERT INTO GUEST VALUES(2818,'Francie','Fairbank','FFairbank@yahoo.com','1234 DaWrong Lane','Flonkerton','MD','12345','562-785-2033');
INSERT INTO RESERVATION VALUES ('20200318QD5498332122826',2818,111,'QD','2020-03-18','2020-03-21',null,'complete');
INSERT INTO INVOICECHARGE VALUES ('20200318QD5498332122826-ch00001','20200318QD5498332122826','2020-03-18',189.98,'Base room charge');
INSERT INTO INVOICECHARGE VALUES ('20200318QD5498332122826-ch00002','20200318QD5498332122826','2020-03-18',97.87,'Room Service');
INSERT INTO PAYMENT (payment_id,invoice_id,payment_date,payment_type,payment_amount) VALUES ('20200318QD5498332122826-p00001','20200318QD5498332122826','2020-05-05','CA',287.86);
-- ------- SAMPLE 1819 ----------
INSERT INTO GUEST VALUES(2819,'Erminia','Eckard','EEckard@yahoo.com','1234 DaWrong Lane','Flonkerton','MD','12345','319-575-7479');
INSERT INTO RESERVATION VALUES ('20190908QD9405357457654',2819,116,'QD','2019-09-08','2019-09-11',null,'complete');
INSERT INTO INVOICECHARGE VALUES ('20190908QD9405357457654-ch00001','20190908QD9405357457654','2019-09-08',189.98,'Base room charge');
INSERT INTO INVOICECHARGE VALUES ('20190908QD9405357457654-ch00002','20190908QD9405357457654','2019-09-08',97.87,'Room Service');
INSERT INTO PAYMENT (payment_id,invoice_id,payment_date,payment_type,payment_amount) VALUES ('20190908QD9405357457654-p00001','20190908QD9405357457654','2020-05-05','CA',287.86);
-- ------- SAMPLE 1820 ----------
INSERT INTO GUEST VALUES(2820,'Deandre','Defore','DDefore@yahoo.com','1234 DaWrong Lane','Flonkerton','MD','12345','899-169-9397');
INSERT INTO RESERVATION VALUES ('20200423QD3138014570939',2820,106,'QD','2020-04-23','2020-04-24',null,'complete');
-- ------- SAMPLE 1821 ----------
INSERT INTO GUEST VALUES(2821,'Tai','Tookes','TTookes@yahoo.com','1234 DaWrong Lane','Flonkerton','MD','12345','093-722-7580');
INSERT INTO RESERVATION VALUES ('20210220KI1049238636624',2821,null,'KI','2021-02-20','2021-02-22',null,'active');
INSERT INTO INVOICECHARGE VALUES ('20210220KI1049238636624-ch00001','20210220KI1049238636624','2021-02-20',170.58,'Base room charge');
INSERT INTO PAYMENT VALUES ('20210220KI1049238636624-p00001','20210220KI1049238636624','2020-05-05','CC',101,'Tai Tookes','3517313943745024',8,2021,863,'Mastercard');
-- ------- SAMPLE 1822 ----------
INSERT INTO GUEST VALUES(2822,'Abdul','Ashe','AAshe@hotmail.com','1234 DaWrong Lane','Flonkerton','MD','12345','736-856-9729');
INSERT INTO RESERVATION VALUES ('20190526QS1311269668367',2822,103,'QS','2019-05-26','2019-05-27',null,'complete');
INSERT INTO INVOICECHARGE VALUES ('20190526QS1311269668367-ch00001','20190526QS1311269668367','2019-05-26',117.28,'Base room charge');
INSERT INTO PAYMENT VALUES ('20190526QS1311269668367-p00001','20190526QS1311269668367','2020-05-05','CC',117.28,'Abdul Ashe','7341613144899369',1,2022,72,'Mastercard');
-- ------- SAMPLE 1823 ----------
INSERT INTO GUEST VALUES(2823,'Danette','Dammann','DDammann@yahoo.com','1234 DaWrong Lane','Flonkerton','MD','12345','544-659-5177');
INSERT INTO RESERVATION VALUES ('20190909QD8102275809956',2823,106,'QD','2019-09-09','2019-09-13',null,'complete');
INSERT INTO INVOICECHARGE VALUES ('20190909QD8102275809956-ch00001','20190909QD8102275809956','2019-09-09',383.81,'Base room charge');
INSERT INTO PAYMENT VALUES ('20190909QD8102275809956-p00001','20190909QD8102275809956','2020-05-05','CC',383.81,'Danette Dammann','8787986351282670',1,2024,843,'Mastercard');
-- ------- SAMPLE 1824 ----------
INSERT INTO GUEST VALUES(2824,'Shenna','Salmi','SSalmi@yahoo.com','1234 DaWrong Lane','Flonkerton','MD','12345','300-032-6592');
INSERT INTO RESERVATION VALUES ('20200909QD4738437577585',2824,null,'QD','2020-09-09','2020-09-11',null,'active');
-- ------- SAMPLE 1825 ----------
INSERT INTO GUEST VALUES(2825,'Stacie','Schupp','SSchupp@hotmail.com','1234 DaWrong Lane','Flonkerton','MD','12345','768-671-9685');
INSERT INTO RESERVATION VALUES ('20200317QD9595342342650',2825,106,'QD','2020-03-17','2020-03-19',null,'complete');
-- ------- SAMPLE 1826 ----------
INSERT INTO GUEST VALUES(2826,'Alverta','Arce','AArce@yahoo.com','1234 DaWrong Lane','Flonkerton','MD','12345','195-559-4054');
INSERT INTO RESERVATION VALUES ('20200321KJ7189071073889',2826,104,'KJ','2020-03-21','2020-03-25',null,'complete');
-- ------- SAMPLE 1827 ----------
INSERT INTO GUEST VALUES(2827,'Boris','Berner','BBerner@yahoo.com','1234 DaWrong Lane','Flonkerton','MD','12345','791-900-5779');
INSERT INTO RESERVATION VALUES ('20201029KJ9099675060722',2827,null,'KJ','2020-10-29','2020-10-31',null,'active');
INSERT INTO INVOICECHARGE VALUES ('20201029KJ9099675060722-ch00001','20201029KJ9099675060722','2020-10-29',182.95,'Base room charge');
INSERT INTO INVOICECHARGE VALUES ('20201029KJ9099675060722-ch00002','20201029KJ9099675060722','2020-10-29',94.25,'Room Service');
INSERT INTO PAYMENT VALUES ('20201029KJ9099675060722-p00001','20201029KJ9099675060722','2020-05-05','CC',277.2,'Boris Berner','3652361128867634',9,2023,739,'Mastercard');
-- ------- SAMPLE 1828 ----------
INSERT INTO GUEST VALUES(2828,'Tish','Tusing','TTusing@gmail.com','1234 DaWrong Lane','Flonkerton','MD','12345','234-519-8097');
INSERT INTO RESERVATION VALUES ('20200730QD9431543420074',2828,null,'QD','2020-07-30','2020-08-03',null,'cancelled');
INSERT INTO INVOICECHARGE VALUES ('20200730QD9431543420074-ch00001','20200730QD9431543420074','2020-07-30',253.31,'Base room charge');
INSERT INTO INVOICECHARGE VALUES ('20200730QD9431543420074-ch00002','20200730QD9431543420074','2020-07-30',130.49,'Cleaning fee');
INSERT INTO PAYMENT VALUES ('20200730QD9431543420074-p00001','20200730QD9431543420074','2020-05-05','CC',174,'Tish Tusing','6001769336958686',12,2027,343,'Mastercard');
-- ------- SAMPLE 1829 ----------
INSERT INTO GUEST VALUES(2829,'Boris','Berner','BBerner@yahoo.com','1234 DaWrong Lane','Flonkerton','MD','12345','208-796-5390');
INSERT INTO RESERVATION VALUES ('20210410KS4790854344465',2829,null,'KS','2021-04-10','2021-04-11',null,'active');
-- ------- SAMPLE 1830 ----------
INSERT INTO GUEST VALUES(2830,'Darrin','Drum','DDrum@hotmail.com','1234 DaWrong Lane','Flonkerton','MD','12345','235-801-1340');
INSERT INTO RESERVATION VALUES ('20200824KI3895182084682',2830,null,'KI','2020-08-24','2020-08-27',null,'cancelled');
INSERT INTO INVOICECHARGE VALUES ('20200824KI3895182084682-ch00001','20200824KI3895182084682','2020-08-24',255.87,'Base room charge');
INSERT INTO PAYMENT VALUES ('20200824KI3895182084682-p00001','20200824KI3895182084682','2020-05-05','CC',255.87,'Darrin Drum','4875182250512955',3,2024,611,'Mastercard');
-- ------- SAMPLE 1831 ----------
INSERT INTO GUEST VALUES(2831,'Lakenya','Langston','LLangston@hotmail.com','1234 DaWrong Lane','Flonkerton','MD','12345','656-418-6797');
INSERT INTO RESERVATION VALUES ('20190829KS6337244479957',2831,107,'KS','2019-08-29','2019-08-30',null,'complete');
-- ------- SAMPLE 1832 ----------
INSERT INTO GUEST VALUES(2832,'Kasey','Kipp','KKipp@hotmail.com','1234 DaWrong Lane','Flonkerton','MD','12345','935-417-9273');
INSERT INTO RESERVATION VALUES ('20200701KS2216758776690',2832,null,'KS','2020-07-01','2020-07-05',null,'active');
INSERT INTO INVOICECHARGE VALUES ('20200701KS2216758776690-ch00001','20200701KS2216758776690','2020-07-01',426.46,'Base room charge');
INSERT INTO PAYMENT VALUES ('20200701KS2216758776690-p00001','20200701KS2216758776690','2020-05-05','CC',253,'Kasey Kipp','2904597891763594',4,2027,28,'Mastercard');
-- ------- SAMPLE 1833 ----------
INSERT INTO GUEST VALUES(2833,'Kathey','Kingston','KKingston@gmail.com','1234 DaWrong Lane','Flonkerton','MD','12345','519-378-9422');
INSERT INTO RESERVATION VALUES ('20201014QS4760038181137',2833,null,'QS','2020-10-14','2020-10-18',null,'active');
INSERT INTO INVOICECHARGE VALUES ('20201014QS4760038181137-ch00001','20201014QS4760038181137','2020-10-14',309.61,'Base room charge');
INSERT INTO INVOICECHARGE VALUES ('20201014QS4760038181137-ch00002','20201014QS4760038181137','2020-10-14',159.5,'Room Service');
INSERT INTO PAYMENT (payment_id,invoice_id,payment_date,payment_type,payment_amount) VALUES ('20201014QS4760038181137-p00001','20201014QS4760038181137','2020-05-05','CA',469.11);
-- ------- SAMPLE 1834 ----------
INSERT INTO GUEST VALUES(2834,'Jenna','Jesse','JJesse@yahoo.com','1234 DaWrong Lane','Flonkerton','MD','12345','899-621-1156');
INSERT INTO RESERVATION VALUES ('20210117KI9686095093842',2834,null,'KI','2021-01-17','2021-01-19',null,'active');
INSERT INTO INVOICECHARGE VALUES ('20210117KI9686095093842-ch00001','20210117KI9686095093842','2021-01-17',170.58,'Base room charge');
INSERT INTO PAYMENT VALUES ('20210117KI9686095093842-p00001','20210117KI9686095093842','2020-05-05','CC',170.58,'Jenna Jesse','4812908831272806',9,2026,188,'Mastercard');
-- ------- SAMPLE 1835 ----------
INSERT INTO GUEST VALUES(2835,'Anita','Amezcua','AAmezcua@gmail.com','1234 DaWrong Lane','Flonkerton','MD','12345','069-077-7403');
INSERT INTO RESERVATION VALUES ('20191116KJ5261202656482',2835,114,'KJ','2019-11-16','2019-11-20',null,'complete');
INSERT INTO INVOICECHARGE VALUES ('20191116KJ5261202656482-ch00001','20191116KJ5261202656482','2019-11-16',365.91,'Base room charge');
INSERT INTO INVOICECHARGE VALUES ('20191116KJ5261202656482-ch00002','20191116KJ5261202656482','2019-11-16',188.5,'Cleaning fee');
INSERT INTO PAYMENT (payment_id,invoice_id,payment_date,payment_type,payment_amount) VALUES ('20191116KJ5261202656482-p00001','20191116KJ5261202656482','2020-05-05','CA',169);
-- ------- SAMPLE 1836 ----------
INSERT INTO GUEST VALUES(2836,'Claribel','Catanzaro','CCatanzaro@yahoo.com','1234 DaWrong Lane','Flonkerton','MD','12345','558-309-8196');
INSERT INTO RESERVATION VALUES ('20210412KJ7268031932114',2836,null,'KJ','2021-04-12','2021-04-17',null,'active');
INSERT INTO INVOICECHARGE VALUES ('20210412KJ7268031932114-ch00001','20210412KJ7268031932114','2021-04-12',693.01,'Base room charge');
INSERT INTO PAYMENT VALUES ('20210412KJ7268031932114-p00001','20210412KJ7268031932114','2020-05-05','CC',313,'Claribel Catanzaro','1753221679432551',9,2024,763,'Mastercard');
-- ------- SAMPLE 1837 ----------
INSERT INTO GUEST VALUES(2837,'Louisa','Laroque','LLaroque@hotmail.com','1234 DaWrong Lane','Flonkerton','MD','12345','255-090-1050');
INSERT INTO RESERVATION VALUES ('20190719KS4906404741949',2837,102,'KS','2019-07-19','2019-07-20',null,'complete');
INSERT INTO INVOICECHARGE VALUES ('20190719KS4906404741949-ch00001','20190719KS4906404741949','2019-07-19',106.61,'Base room charge');
INSERT INTO PAYMENT VALUES ('20190719KS4906404741949-p00001','20190719KS4906404741949','2020-05-05','CC',106.61,'Louisa Laroque','1917907679105925',12,2021,568,'Mastercard');
-- ------- SAMPLE 1838 ----------
INSERT INTO GUEST VALUES(2838,'Fonda','Foreman','FForeman@gmail.com','1234 DaWrong Lane','Flonkerton','MD','12345','447-412-7275');
INSERT INTO RESERVATION VALUES ('20200611QS5388781640917',2838,null,'QS','2020-06-11','2020-06-15',null,'active');
INSERT INTO INVOICECHARGE VALUES ('20200611QS5388781640917-ch00001','20200611QS5388781640917','2020-06-11',469.11,'Base room charge');
INSERT INTO PAYMENT VALUES ('20200611QS5388781640917-p00001','20200611QS5388781640917','2020-05-05','CC',469.11,'Fonda Foreman','3620675720698375',9,2023,908,'Mastercard');
-- ------- SAMPLE 1839 ----------
INSERT INTO GUEST VALUES(2839,'Adrianna','Aungst','AAungst@hotmail.com','1234 DaWrong Lane','Flonkerton','MD','12345','185-374-7622');
INSERT INTO RESERVATION VALUES ('20190726QD5872689424679',2839,116,'QD','2019-07-26','2019-07-27',null,'complete');
INSERT INTO INVOICECHARGE VALUES ('20190726QD5872689424679-ch00001','20190726QD5872689424679','2019-07-26',95.95,'Base room charge');
INSERT INTO PAYMENT VALUES ('20190726QD5872689424679-p00001','20190726QD5872689424679','2020-05-05','CC',15,'Adrianna Aungst','2537487300688236',12,2027,60,'Mastercard');
-- ------- SAMPLE 1840 ----------
INSERT INTO GUEST VALUES(2840,'Florentino','Feth','FFeth@hotmail.com','1234 DaWrong Lane','Flonkerton','MD','12345','312-045-9699');
INSERT INTO RESERVATION VALUES ('20190701QS8134934611213',2840,118,'QS','2019-07-01','2019-07-06',null,'complete');
INSERT INTO INVOICECHARGE VALUES ('20190701QS8134934611213-ch00001','20190701QS8134934611213','2019-07-01',387.01,'Base room charge');
INSERT INTO INVOICECHARGE VALUES ('20190701QS8134934611213-ch00002','20190701QS8134934611213','2019-07-01',199.37,'Cleaning fee');
INSERT INTO PAYMENT VALUES ('20190701QS8134934611213-p00001','20190701QS8134934611213','2020-05-05','CC',586.38,'Florentino Feth','4246256874325415',11,2021,763,'Mastercard');
-- ------- SAMPLE 1841 ----------
INSERT INTO GUEST VALUES(2841,'Vicky','Vanderhoff','VVanderhoff@gmail.com','1234 DaWrong Lane','Flonkerton','MD','12345','034-093-9289');
INSERT INTO RESERVATION VALUES ('20200726KI3843917371011',2841,null,'KI','2020-07-26','2020-07-27',null,'active');
INSERT INTO INVOICECHARGE VALUES ('20200726KI3843917371011-ch00001','20200726KI3843917371011','2020-07-26',56.29,'Base room charge');
INSERT INTO INVOICECHARGE VALUES ('20200726KI3843917371011-ch00002','20200726KI3843917371011','2020-07-26',29,'Cleaning fee');
INSERT INTO PAYMENT (payment_id,invoice_id,payment_date,payment_type,payment_amount) VALUES ('20200726KI3843917371011-p00001','20200726KI3843917371011','2020-05-05','CA',85.29);
-- ------- SAMPLE 1842 ----------
INSERT INTO GUEST VALUES(2842,'Boris','Berner','BBerner@hotmail.com','1234 DaWrong Lane','Flonkerton','MD','12345','031-598-6736');
INSERT INTO RESERVATION VALUES ('20210115QS2658921678444',2842,null,'QS','2021-01-15','2021-01-16',null,'active');
INSERT INTO INVOICECHARGE VALUES ('20210115QS2658921678444-ch00001','20210115QS2658921678444','2021-01-15',77.4,'Base room charge');
INSERT INTO INVOICECHARGE VALUES ('20210115QS2658921678444-ch00002','20210115QS2658921678444','2021-01-15',39.87,'Room Service');
INSERT INTO PAYMENT (payment_id,invoice_id,payment_date,payment_type,payment_amount) VALUES ('20210115QS2658921678444-p00001','20210115QS2658921678444','2020-05-05','CA',117.28);
-- ------- SAMPLE 1843 ----------
INSERT INTO GUEST VALUES(2843,'Rose','Royall','RRoyall@gmail.com','1234 DaWrong Lane','Flonkerton','MD','12345','597-965-9940');
INSERT INTO RESERVATION VALUES ('20210422KI9609795820265',2843,null,'KI','2021-04-22','2021-04-26',null,'active');
-- ------- SAMPLE 1844 ----------
INSERT INTO GUEST VALUES(2844,'Gwyneth','Gamber','GGamber@yahoo.com','1234 DaWrong Lane','Flonkerton','MD','12345','026-432-4722');
INSERT INTO RESERVATION VALUES ('20200727KJ4137121136847',2844,null,'KJ','2020-07-27','2020-08-01',null,'active');
-- ------- SAMPLE 1845 ----------
INSERT INTO GUEST VALUES(2845,'Jammie','Jo','JJo@yahoo.com','1234 DaWrong Lane','Flonkerton','MD','12345','860-522-9298');
INSERT INTO RESERVATION VALUES ('20190619KI2509916761585',2845,209,'KI','2019-06-19','2019-06-21',null,'complete');
-- ------- SAMPLE 1846 ----------
INSERT INTO GUEST VALUES(2846,'Sherryl','Shurtleff','SShurtleff@yahoo.com','1234 DaWrong Lane','Flonkerton','MD','12345','208-164-2817');
INSERT INTO RESERVATION VALUES ('20200718QD5874130075785',2846,null,'QD','2020-07-18','2020-07-21',null,'active');
INSERT INTO INVOICECHARGE VALUES ('20200718QD5874130075785-ch00001','20200718QD5874130075785','2020-07-18',287.86,'Base room charge');
INSERT INTO PAYMENT (payment_id,invoice_id,payment_date,payment_type,payment_amount) VALUES ('20200718QD5874130075785-p00001','20200718QD5874130075785','2020-05-05','CA',287.86);
-- ------- SAMPLE 1847 ----------
INSERT INTO GUEST VALUES(2847,'Danette','Dammann','DDammann@hotmail.com','1234 DaWrong Lane','Flonkerton','MD','12345','749-836-6954');
INSERT INTO RESERVATION VALUES ('20191219KI4337196048824',2847,120,'KI','2019-12-19','2019-12-21',null,'cancelled');
INSERT INTO INVOICECHARGE VALUES ('20191219KI4337196048824-ch00001','20191219KI4337196048824','2019-12-19',112.58,'Base room charge');
INSERT INTO INVOICECHARGE VALUES ('20191219KI4337196048824-ch00002','20191219KI4337196048824','2019-12-19',58,'Room Service');
INSERT INTO PAYMENT VALUES ('20191219KI4337196048824-p00001','20191219KI4337196048824','2020-05-05','CC',170.58,'Danette Dammann','9794804328268800',12,2026,299,'Mastercard');
-- ------- SAMPLE 1848 ----------
INSERT INTO GUEST VALUES(2848,'Kenisha','Kane','KKane@gmail.com','1234 DaWrong Lane','Flonkerton','MD','12345','052-247-2721');
INSERT INTO RESERVATION VALUES ('20191220KJ6107497226343',2848,119,'KJ','2019-12-20','2019-12-24',null,'complete');
INSERT INTO INVOICECHARGE VALUES ('20191220KJ6107497226343-ch00001','20191220KJ6107497226343','2019-12-20',554.41,'Base room charge');
INSERT INTO PAYMENT VALUES ('20191220KJ6107497226343-p00001','20191220KJ6107497226343','2020-05-05','CC',83,'Kenisha Kane','7539415170320847',5,2024,97,'Mastercard');
-- ------- SAMPLE 1849 ----------
INSERT INTO GUEST VALUES(2849,'Stacie','Schupp','SSchupp@hotmail.com','1234 DaWrong Lane','Flonkerton','MD','12345','007-714-0172');
INSERT INTO RESERVATION VALUES ('20210202KI3557248440247',2849,null,'KI','2021-02-02','2021-02-06',null,'active');
INSERT INTO INVOICECHARGE VALUES ('20210202KI3557248440247-ch00001','20210202KI3557248440247','2021-02-02',225.16,'Base room charge');
INSERT INTO INVOICECHARGE VALUES ('20210202KI3557248440247-ch00002','20210202KI3557248440247','2021-02-02',115.99,'Cleaning fee');
INSERT INTO PAYMENT VALUES ('20210202KI3557248440247-p00001','20210202KI3557248440247','2020-05-05','CC',269,'Stacie Schupp','6728338916802421',2,2026,530,'Mastercard');
-- ------- SAMPLE 1850 ----------
INSERT INTO GUEST VALUES(2850,'Adrianna','Aungst','AAungst@hotmail.com','1234 DaWrong Lane','Flonkerton','MD','12345','171-398-3406');
INSERT INTO RESERVATION VALUES ('20200112KS2377318668978',2850,201,'KS','2020-01-12','2020-01-13',null,'complete');
INSERT INTO INVOICECHARGE VALUES ('20200112KS2377318668978-ch00001','20200112KS2377318668978','2020-01-12',70.37,'Base room charge');
INSERT INTO INVOICECHARGE VALUES ('20200112KS2377318668978-ch00002','20200112KS2377318668978','2020-01-12',36.25,'Cleaning fee');
INSERT INTO PAYMENT VALUES ('20200112KS2377318668978-p00001','20200112KS2377318668978','2020-05-05','CC',92,'Adrianna Aungst','5388108357085684',10,2025,540,'Mastercard');
-- ------- SAMPLE 1851 ----------
INSERT INTO GUEST VALUES(2851,'Vicky','Vanderhoff','VVanderhoff@yahoo.com','1234 DaWrong Lane','Flonkerton','MD','12345','491-610-5232');
INSERT INTO RESERVATION VALUES ('20210212QS2388878872567',2851,null,'QS','2021-02-12','2021-02-13',null,'active');
INSERT INTO INVOICECHARGE VALUES ('20210212QS2388878872567-ch00001','20210212QS2388878872567','2021-02-12',77.4,'Base room charge');
INSERT INTO INVOICECHARGE VALUES ('20210212QS2388878872567-ch00002','20210212QS2388878872567','2021-02-12',39.87,'Room Service');
INSERT INTO PAYMENT (payment_id,invoice_id,payment_date,payment_type,payment_amount) VALUES ('20210212QS2388878872567-p00001','20210212QS2388878872567','2020-05-05','CA',117.28);
-- ------- SAMPLE 1852 ----------
INSERT INTO GUEST VALUES(2852,'Vicky','Vanderhoff','VVanderhoff@hotmail.com','1234 DaWrong Lane','Flonkerton','MD','12345','770-210-5038');
INSERT INTO RESERVATION VALUES ('20190725KI1287834411677',2852,209,'KI','2019-07-25','2019-07-30',null,'complete');
INSERT INTO INVOICECHARGE VALUES ('20190725KI1287834411677-ch00001','20190725KI1287834411677','2019-07-25',281.45,'Base room charge');
INSERT INTO INVOICECHARGE VALUES ('20190725KI1287834411677-ch00002','20190725KI1287834411677','2019-07-25',144.99,'Cleaning fee');
INSERT INTO PAYMENT VALUES ('20190725KI1287834411677-p00001','20190725KI1287834411677','2020-05-05','CC',6,'Vicky Vanderhoff','3988189720096283',6,2026,577,'Mastercard');
-- ------- SAMPLE 1853 ----------
INSERT INTO GUEST VALUES(2853,'Danette','Dammann','DDammann@hotmail.com','1234 DaWrong Lane','Flonkerton','MD','12345','501-941-2396');
INSERT INTO RESERVATION VALUES ('20200601KS2604239069988',2853,null,'KS','2020-06-01','2020-06-03',null,'active');
INSERT INTO INVOICECHARGE VALUES ('20200601KS2604239069988-ch00001','20200601KS2604239069988','2020-06-01',140.73,'Base room charge');
INSERT INTO INVOICECHARGE VALUES ('20200601KS2604239069988-ch00002','20200601KS2604239069988','2020-06-01',72.5,'Room Service');
INSERT INTO PAYMENT VALUES ('20200601KS2604239069988-p00001','20200601KS2604239069988','2020-05-05','CC',213.23,'Danette Dammann','2221538567041625',7,2022,589,'Mastercard');
-- ------- SAMPLE 1854 ----------
INSERT INTO GUEST VALUES(2854,'Edmundo','Erickson','EErickson@yahoo.com','1234 DaWrong Lane','Flonkerton','MD','12345','483-893-0787');
INSERT INTO RESERVATION VALUES ('20200814KI9477743711259',2854,null,'KI','2020-08-14','2020-08-15',null,'active');
INSERT INTO INVOICECHARGE VALUES ('20200814KI9477743711259-ch00001','20200814KI9477743711259','2020-08-14',56.29,'Base room charge');
INSERT INTO INVOICECHARGE VALUES ('20200814KI9477743711259-ch00002','20200814KI9477743711259','2020-08-14',29,'Cleaning fee');
INSERT INTO PAYMENT VALUES ('20200814KI9477743711259-p00001','20200814KI9477743711259','2020-05-05','CC',45,'Edmundo Erickson','2911714981733429',9,2025,399,'Mastercard');
-- ------- SAMPLE 1855 ----------
INSERT INTO GUEST VALUES(2855,'Leanora','Locke','LLocke@gmail.com','1234 DaWrong Lane','Flonkerton','MD','12345','929-480-1741');
INSERT INTO RESERVATION VALUES ('20190709KS2748901558526',2855,117,'KS','2019-07-09','2019-07-13',null,'complete');
INSERT INTO INVOICECHARGE VALUES ('20190709KS2748901558526-ch00001','20190709KS2748901558526','2019-07-09',281.46,'Base room charge');
INSERT INTO INVOICECHARGE VALUES ('20190709KS2748901558526-ch00002','20190709KS2748901558526','2019-07-09',145,'Cleaning fee');
INSERT INTO PAYMENT VALUES ('20190709KS2748901558526-p00001','20190709KS2748901558526','2020-05-05','CC',426.46,'Leanora Locke','4430394651203310',5,2021,740,'Mastercard');
-- ------- SAMPLE 1856 ----------
INSERT INTO GUEST VALUES(2856,'Fredericka','Farney','FFarney@yahoo.com','1234 DaWrong Lane','Flonkerton','MD','12345','102-243-5144');
INSERT INTO RESERVATION VALUES ('20201220KJ5721890250023',2856,null,'KJ','2020-12-20','2020-12-23',null,'active');
INSERT INTO INVOICECHARGE VALUES ('20201220KJ5721890250023-ch00001','20201220KJ5721890250023','2020-12-20',274.43,'Base room charge');
INSERT INTO INVOICECHARGE VALUES ('20201220KJ5721890250023-ch00002','20201220KJ5721890250023','2020-12-20',141.37,'Cleaning fee');
INSERT INTO PAYMENT VALUES ('20201220KJ5721890250023-p00001','20201220KJ5721890250023','2020-05-05','CC',232,'Fredericka Farney','4189208048539522',9,2024,912,'Mastercard');
-- ------- SAMPLE 1857 ----------
INSERT INTO GUEST VALUES(2857,'Leanora','Locke','LLocke@yahoo.com','1234 DaWrong Lane','Flonkerton','MD','12345','488-141-0378');
INSERT INTO RESERVATION VALUES ('20200221KJ9496680044040',2857,114,'KJ','2020-02-21','2020-02-26',null,'complete');
-- ------- SAMPLE 1858 ----------
INSERT INTO GUEST VALUES(2858,'Randal','Rohman','RRohman@gmail.com','1234 DaWrong Lane','Flonkerton','MD','12345','010-825-5217');
INSERT INTO RESERVATION VALUES ('20210415KS5132855577555',2858,null,'KS','2021-04-15','2021-04-17',null,'active');
INSERT INTO INVOICECHARGE VALUES ('20210415KS5132855577555-ch00001','20210415KS5132855577555','2021-04-15',140.73,'Base room charge');
INSERT INTO INVOICECHARGE VALUES ('20210415KS5132855577555-ch00002','20210415KS5132855577555','2021-04-15',72.5,'Room Service');
INSERT INTO PAYMENT VALUES ('20210415KS5132855577555-p00001','20210415KS5132855577555','2020-05-05','CC',213.23,'Randal Rohman','6833190818757389',2,2021,717,'Mastercard');
-- ------- SAMPLE 1859 ----------
INSERT INTO GUEST VALUES(2859,'Natalya','Neathery','NNeathery@gmail.com','1234 DaWrong Lane','Flonkerton','MD','12345','843-390-5797');
INSERT INTO RESERVATION VALUES ('20200201KJ6752444108367',2859,109,'KJ','2020-02-01','2020-02-05',null,'complete');
INSERT INTO INVOICECHARGE VALUES ('20200201KJ6752444108367-ch00001','20200201KJ6752444108367','2020-02-01',554.41,'Base room charge');
INSERT INTO PAYMENT VALUES ('20200201KJ6752444108367-p00001','20200201KJ6752444108367','2020-05-05','CC',554.41,'Natalya Neathery','1191063930480778',7,2027,960,'Mastercard');
-- ------- SAMPLE 1860 ----------
INSERT INTO GUEST VALUES(2860,'Stan','Schnell','SSchnell@hotmail.com','1234 DaWrong Lane','Flonkerton','MD','12345','131-353-4429');
INSERT INTO RESERVATION VALUES ('20190528KI3404953417285',2860,110,'KI','2019-05-28','2019-05-31',null,'complete');
INSERT INTO INVOICECHARGE VALUES ('20190528KI3404953417285-ch00001','20190528KI3404953417285','2019-05-28',255.87,'Base room charge');
INSERT INTO PAYMENT VALUES ('20190528KI3404953417285-p00001','20190528KI3404953417285','2020-05-05','CC',255.87,'Stan Schnell','8582416788993460',7,2024,323,'Mastercard');
-- ------- SAMPLE 1861 ----------
INSERT INTO GUEST VALUES(2861,'Lakenya','Langston','LLangston@gmail.com','1234 DaWrong Lane','Flonkerton','MD','12345','340-922-0267');
INSERT INTO RESERVATION VALUES ('20191129KJ2255490584870',2861,114,'KJ','2019-11-29','2019-12-02',null,'complete');
INSERT INTO INVOICECHARGE VALUES ('20191129KJ2255490584870-ch00001','20191129KJ2255490584870','2019-11-29',415.81,'Base room charge');
INSERT INTO PAYMENT VALUES ('20191129KJ2255490584870-p00001','20191129KJ2255490584870','2020-05-05','CC',238,'Lakenya Langston','2166824425733286',2,2024,894,'Mastercard');
-- ------- SAMPLE 1862 ----------
INSERT INTO GUEST VALUES(2862,'Shawn','Stefanski','SStefanski@gmail.com','1234 DaWrong Lane','Flonkerton','MD','12345','475-124-3637');
INSERT INTO RESERVATION VALUES ('20201006KI3704180442907',2862,null,'KI','2020-10-06','2020-10-11',null,'active');
INSERT INTO INVOICECHARGE VALUES ('20201006KI3704180442907-ch00001','20201006KI3704180442907','2020-10-06',281.45,'Base room charge');
INSERT INTO INVOICECHARGE VALUES ('20201006KI3704180442907-ch00002','20201006KI3704180442907','2020-10-06',144.99,'Room Service');
INSERT INTO PAYMENT VALUES ('20201006KI3704180442907-p00001','20201006KI3704180442907','2020-05-05','CC',393,'Shawn Stefanski','3346555366019067',5,2025,133,'Mastercard');
-- ------- SAMPLE 1863 ----------
INSERT INTO GUEST VALUES(2863,'Maryann','Mccutcheon','MMccutcheon@gmail.com','1234 DaWrong Lane','Flonkerton','MD','12345','313-925-7313');
INSERT INTO RESERVATION VALUES ('20200329QS5082854109175',2863,108,'QS','2020-03-29','2020-03-30',null,'complete');
INSERT INTO INVOICECHARGE VALUES ('20200329QS5082854109175-ch00001','20200329QS5082854109175','2020-03-29',77.4,'Base room charge');
INSERT INTO INVOICECHARGE VALUES ('20200329QS5082854109175-ch00002','20200329QS5082854109175','2020-03-29',39.87,'Room Service');
INSERT INTO PAYMENT VALUES ('20200329QS5082854109175-p00001','20200329QS5082854109175','2020-05-05','CC',61,'Maryann Mccutcheon','5183823004335112',3,2026,621,'Mastercard');
-- ------- SAMPLE 1864 ----------
INSERT INTO GUEST VALUES(2864,'Marcelino','Meisner','MMeisner@yahoo.com','1234 DaWrong Lane','Flonkerton','MD','12345','539-309-0700');
INSERT INTO RESERVATION VALUES ('20210206KI9828404776049',2864,null,'KI','2021-02-06','2021-02-11',null,'active');
-- ------- SAMPLE 1865 ----------
INSERT INTO GUEST VALUES(2865,'Demarcus','Dearborn','DDearborn@gmail.com','1234 DaWrong Lane','Flonkerton','MD','12345','298-692-6791');
INSERT INTO RESERVATION VALUES ('20190730KS3328741346642',2865,117,'KS','2019-07-30','2019-07-31',null,'complete');
INSERT INTO INVOICECHARGE VALUES ('20190730KS3328741346642-ch00001','20190730KS3328741346642','2019-07-30',70.37,'Base room charge');
INSERT INTO INVOICECHARGE VALUES ('20190730KS3328741346642-ch00002','20190730KS3328741346642','2019-07-30',36.25,'Room Service');
INSERT INTO PAYMENT (payment_id,invoice_id,payment_date,payment_type,payment_amount) VALUES ('20190730KS3328741346642-p00001','20190730KS3328741346642','2020-05-05','CA',21);
-- ------- SAMPLE 1866 ----------
INSERT INTO GUEST VALUES(2866,'Sherryl','Shurtleff','SShurtleff@hotmail.com','1234 DaWrong Lane','Flonkerton','MD','12345','096-148-5150');
INSERT INTO RESERVATION VALUES ('20210404QS6235852420177',2866,null,'QS','2021-04-04','2021-04-06',null,'active');
-- ------- SAMPLE 1867 ----------
INSERT INTO GUEST VALUES(2867,'Fleta','Fickel','FFickel@yahoo.com','1234 DaWrong Lane','Flonkerton','MD','12345','328-550-9862');
INSERT INTO RESERVATION VALUES ('20200402KI1969955122734',2867,209,'KI','2020-04-02','2020-04-05',null,'complete');
INSERT INTO INVOICECHARGE VALUES ('20200402KI1969955122734-ch00001','20200402KI1969955122734','2020-04-02',255.87,'Base room charge');
INSERT INTO PAYMENT VALUES ('20200402KI1969955122734-p00001','20200402KI1969955122734','2020-05-05','CC',255.87,'Fleta Fickel','4626907485053420',7,2022,628,'Mastercard');
-- ------- SAMPLE 1868 ----------
INSERT INTO GUEST VALUES(2868,'Mario','Macdowell','MMacdowell@yahoo.com','1234 DaWrong Lane','Flonkerton','MD','12345','416-608-6803');
INSERT INTO RESERVATION VALUES ('20201024QD1709022357678',2868,null,'QD','2020-10-24','2020-10-27',null,'active');
INSERT INTO INVOICECHARGE VALUES ('20201024QD1709022357678-ch00001','20201024QD1709022357678','2020-10-24',287.86,'Base room charge');
INSERT INTO PAYMENT VALUES ('20201024QD1709022357678-p00001','20201024QD1709022357678','2020-05-05','CC',287.86,'Mario Macdowell','9360245906425093',3,2023,720,'Mastercard');
-- ------- SAMPLE 1869 ----------
INSERT INTO GUEST VALUES(2869,'Yuette','Yetman','YYetman@yahoo.com','1234 DaWrong Lane','Flonkerton','MD','12345','246-612-9939');
INSERT INTO RESERVATION VALUES ('20210405QD6025462129233',2869,null,'QD','2021-04-05','2021-04-06',null,'active');
INSERT INTO INVOICECHARGE VALUES ('20210405QD6025462129233-ch00001','20210405QD6025462129233','2021-04-05',63.33,'Base room charge');
INSERT INTO INVOICECHARGE VALUES ('20210405QD6025462129233-ch00002','20210405QD6025462129233','2021-04-05',32.62,'Room Service');
INSERT INTO PAYMENT (payment_id,invoice_id,payment_date,payment_type,payment_amount) VALUES ('20210405QD6025462129233-p00001','20210405QD6025462129233','2020-05-05','CA',95.95);
-- ------- SAMPLE 1870 ----------
INSERT INTO GUEST VALUES(2870,'Raven','Rybicki','RRybicki@hotmail.com','1234 DaWrong Lane','Flonkerton','MD','12345','564-907-3611');
INSERT INTO RESERVATION VALUES ('20200909KJ5584164591778',2870,null,'KJ','2020-09-09','2020-09-11',null,'cancelled');
INSERT INTO INVOICECHARGE VALUES ('20200909KJ5584164591778-ch00001','20200909KJ5584164591778','2020-09-09',182.95,'Base room charge');
INSERT INTO INVOICECHARGE VALUES ('20200909KJ5584164591778-ch00002','20200909KJ5584164591778','2020-09-09',94.25,'Room Service');
INSERT INTO PAYMENT VALUES ('20200909KJ5584164591778-p00001','20200909KJ5584164591778','2020-05-05','CC',277.2,'Raven Rybicki','5268700959963920',9,2022,928,'Mastercard');
-- ------- SAMPLE 1871 ----------
INSERT INTO GUEST VALUES(2871,'Rachell','Riser','RRiser@yahoo.com','1234 DaWrong Lane','Flonkerton','MD','12345','297-488-3883');
INSERT INTO RESERVATION VALUES ('20190831KJ4145439095961',2871,114,'KJ','2019-08-31','2019-09-03',null,'complete');
INSERT INTO INVOICECHARGE VALUES ('20190831KJ4145439095961-ch00001','20190831KJ4145439095961','2019-08-31',274.43,'Base room charge');
INSERT INTO INVOICECHARGE VALUES ('20190831KJ4145439095961-ch00002','20190831KJ4145439095961','2019-08-31',141.37,'Cleaning fee');
INSERT INTO PAYMENT VALUES ('20190831KJ4145439095961-p00001','20190831KJ4145439095961','2020-05-05','CC',415.81,'Rachell Riser','4048459904841763',3,2021,912,'Mastercard');
-- ------- SAMPLE 1872 ----------
INSERT INTO GUEST VALUES(2872,'Darrin','Drum','DDrum@yahoo.com','1234 DaWrong Lane','Flonkerton','MD','12345','398-194-8480');
INSERT INTO RESERVATION VALUES ('20190702KJ7390470928961',2872,119,'KJ','2019-07-02','2019-07-04',null,'complete');
-- ------- SAMPLE 1873 ----------
INSERT INTO GUEST VALUES(2873,'Tomika','Teran','TTeran@yahoo.com','1234 DaWrong Lane','Flonkerton','MD','12345','097-905-0007');
INSERT INTO RESERVATION VALUES ('20201205QS8466474489287',2873,null,'QS','2020-12-05','2020-12-09',null,'active');
INSERT INTO INVOICECHARGE VALUES ('20201205QS8466474489287-ch00001','20201205QS8466474489287','2020-12-05',469.11,'Base room charge');
INSERT INTO PAYMENT VALUES ('20201205QS8466474489287-p00001','20201205QS8466474489287','2020-05-05','CC',469.11,'Tomika Teran','3106458876089530',4,2022,512,'Mastercard');
-- ------- SAMPLE 1874 ----------
INSERT INTO GUEST VALUES(2874,'Ngan','Nalley','NNalley@hotmail.com','1234 DaWrong Lane','Flonkerton','MD','12345','409-482-6169');
INSERT INTO RESERVATION VALUES ('20200218KS4412918045030',2874,201,'KS','2020-02-18','2020-02-20',null,'cancelled');
INSERT INTO INVOICECHARGE VALUES ('20200218KS4412918045030-ch00001','20200218KS4412918045030','2020-02-18',213.23,'Base room charge');
INSERT INTO PAYMENT VALUES ('20200218KS4412918045030-p00001','20200218KS4412918045030','2020-05-05','CC',213.23,'Ngan Nalley','1738914144634059',9,2024,6,'Mastercard');
-- ------- SAMPLE 1875 ----------
INSERT INTO GUEST VALUES(2875,'Ella','Evanoff','EEvanoff@hotmail.com','1234 DaWrong Lane','Flonkerton','MD','12345','648-981-0247');
INSERT INTO RESERVATION VALUES ('20210228QD8535649416421',2875,null,'QD','2021-02-28','2021-03-05',null,'active');
INSERT INTO INVOICECHARGE VALUES ('20210228QD8535649416421-ch00001','20210228QD8535649416421','2021-02-28',479.76,'Base room charge');
INSERT INTO PAYMENT VALUES ('20210228QD8535649416421-p00001','20210228QD8535649416421','2020-05-05','CC',209,'Ella Evanoff','9299990794196043',3,2027,837,'Mastercard');
-- ------- SAMPLE 1876 ----------
INSERT INTO GUEST VALUES(2876,'Fredericka','Farney','FFarney@gmail.com','1234 DaWrong Lane','Flonkerton','MD','12345','438-804-3539');
INSERT INTO RESERVATION VALUES ('20200222QS4002551966108',2876,202,'QS','2020-02-22','2020-02-24',null,'complete');
INSERT INTO INVOICECHARGE VALUES ('20200222QS4002551966108-ch00001','20200222QS4002551966108','2020-02-22',154.81,'Base room charge');
INSERT INTO INVOICECHARGE VALUES ('20200222QS4002551966108-ch00002','20200222QS4002551966108','2020-02-22',79.75,'Cleaning fee');
INSERT INTO PAYMENT (payment_id,invoice_id,payment_date,payment_type,payment_amount) VALUES ('20200222QS4002551966108-p00001','20200222QS4002551966108','2020-05-05','CA',234.55);
-- ------- SAMPLE 1877 ----------
INSERT INTO GUEST VALUES(2877,'Lincoln','Lattea','LLattea@hotmail.com','1234 DaWrong Lane','Flonkerton','MD','12345','623-246-0824');
INSERT INTO RESERVATION VALUES ('20210412QS9547610354755',2877,null,'QS','2021-04-12','2021-04-16',null,'active');
INSERT INTO INVOICECHARGE VALUES ('20210412QS9547610354755-ch00001','20210412QS9547610354755','2021-04-12',469.11,'Base room charge');
INSERT INTO PAYMENT VALUES ('20210412QS9547610354755-p00001','20210412QS9547610354755','2020-05-05','CC',469.11,'Lincoln Lattea','7569464884492079',11,2023,546,'Mastercard');
-- ------- SAMPLE 1878 ----------
INSERT INTO GUEST VALUES(2878,'Ginger','Gordillo','GGordillo@yahoo.com','1234 DaWrong Lane','Flonkerton','MD','12345','171-689-7384');
INSERT INTO RESERVATION VALUES ('20201026KI6093177389154',2878,null,'KI','2020-10-26','2020-10-28',null,'active');
INSERT INTO INVOICECHARGE VALUES ('20201026KI6093177389154-ch00001','20201026KI6093177389154','2020-10-26',112.58,'Base room charge');
INSERT INTO INVOICECHARGE VALUES ('20201026KI6093177389154-ch00002','20201026KI6093177389154','2020-10-26',58,'Room Service');
INSERT INTO PAYMENT VALUES ('20201026KI6093177389154-p00001','20201026KI6093177389154','2020-05-05','CC',129,'Ginger Gordillo','5526737836713727',9,2026,425,'Mastercard');
-- ------- SAMPLE 1879 ----------
INSERT INTO GUEST VALUES(2879,'Louisa','Laroque','LLaroque@hotmail.com','1234 DaWrong Lane','Flonkerton','MD','12345','629-933-0624');
INSERT INTO RESERVATION VALUES ('20210108QS3176827950162',2879,null,'QS','2021-01-08','2021-01-10',null,'active');
-- ------- SAMPLE 1880 ----------
INSERT INTO GUEST VALUES(2880,'Louisa','Laroque','LLaroque@yahoo.com','1234 DaWrong Lane','Flonkerton','MD','12345','307-661-3945');
INSERT INTO RESERVATION VALUES ('20210220QD5182927942656',2880,null,'QD','2021-02-20','2021-02-24',null,'active');
INSERT INTO INVOICECHARGE VALUES ('20210220QD5182927942656-ch00001','20210220QD5182927942656','2021-02-20',253.31,'Base room charge');
INSERT INTO INVOICECHARGE VALUES ('20210220QD5182927942656-ch00002','20210220QD5182927942656','2021-02-20',130.49,'Cleaning fee');
INSERT INTO PAYMENT VALUES ('20210220QD5182927942656-p00001','20210220QD5182927942656','2020-05-05','CC',383.81,'Louisa Laroque','6457728532513378',5,2021,674,'Mastercard');
-- ------- SAMPLE 1881 ----------
INSERT INTO GUEST VALUES(2881,'Vicky','Vanderhoff','VVanderhoff@gmail.com','1234 DaWrong Lane','Flonkerton','MD','12345','386-921-8798');
INSERT INTO RESERVATION VALUES ('20210112KS7439714909734',2881,null,'KS','2021-01-12','2021-01-14',null,'active');
INSERT INTO INVOICECHARGE VALUES ('20210112KS7439714909734-ch00001','20210112KS7439714909734','2021-01-12',140.73,'Base room charge');
INSERT INTO INVOICECHARGE VALUES ('20210112KS7439714909734-ch00002','20210112KS7439714909734','2021-01-12',72.5,'Room Service');
INSERT INTO PAYMENT VALUES ('20210112KS7439714909734-p00001','20210112KS7439714909734','2020-05-05','CC',213.23,'Vicky Vanderhoff','4582050809127831',4,2026,782,'Mastercard');
-- ------- SAMPLE 1882 ----------
INSERT INTO GUEST VALUES(2882,'Ella','Evanoff','EEvanoff@hotmail.com','1234 DaWrong Lane','Flonkerton','MD','12345','442-239-7541');
INSERT INTO RESERVATION VALUES ('20200718KS4691525227204',2882,null,'KS','2020-07-18','2020-07-22',null,'active');
-- ------- SAMPLE 1883 ----------
INSERT INTO GUEST VALUES(2883,'Tish','Tusing','TTusing@gmail.com','1234 DaWrong Lane','Flonkerton','MD','12345','581-273-0924');
INSERT INTO RESERVATION VALUES ('20200104QS1870571820785',2883,103,'QS','2020-01-04','2020-01-06',null,'complete');
INSERT INTO INVOICECHARGE VALUES ('20200104QS1870571820785-ch00001','20200104QS1870571820785','2020-01-04',234.55,'Base room charge');
INSERT INTO PAYMENT VALUES ('20200104QS1870571820785-p00001','20200104QS1870571820785','2020-05-05','CC',234.55,'Tish Tusing','7282956252761627',5,2024,621,'Mastercard');
-- ------- SAMPLE 1884 ----------
INSERT INTO GUEST VALUES(2884,'Tomika','Teran','TTeran@yahoo.com','1234 DaWrong Lane','Flonkerton','MD','12345','760-183-5826');
INSERT INTO RESERVATION VALUES ('20200824KJ5280642603131',2884,null,'KJ','2020-08-24','2020-08-28',null,'active');
INSERT INTO INVOICECHARGE VALUES ('20200824KJ5280642603131-ch00001','20200824KJ5280642603131','2020-08-24',554.41,'Base room charge');
INSERT INTO PAYMENT VALUES ('20200824KJ5280642603131-p00001','20200824KJ5280642603131','2020-05-05','CC',367,'Tomika Teran','7839199112406237',2,2027,681,'Mastercard');
-- ------- SAMPLE 1885 ----------
INSERT INTO GUEST VALUES(2885,'Romelia','Rigdon','RRigdon@yahoo.com','1234 DaWrong Lane','Flonkerton','MD','12345','899-493-4831');
INSERT INTO RESERVATION VALUES ('20191202QD3743108305270',2885,116,'QD','2019-12-02','2019-12-05',null,'complete');
-- ------- SAMPLE 1886 ----------
INSERT INTO GUEST VALUES(2886,'Walker','Weatherhead','WWeatherhead@yahoo.com','1234 DaWrong Lane','Flonkerton','MD','12345','963-199-4992');
INSERT INTO RESERVATION VALUES ('20200609QS7844820987316',2886,null,'QS','2020-06-09','2020-06-11',null,'active');
INSERT INTO INVOICECHARGE VALUES ('20200609QS7844820987316-ch00001','20200609QS7844820987316','2020-06-09',234.55,'Base room charge');
INSERT INTO PAYMENT VALUES ('20200609QS7844820987316-p00001','20200609QS7844820987316','2020-05-05','CC',234.55,'Walker Weatherhead','2807381517616185',7,2023,208,'Mastercard');
-- ------- SAMPLE 1887 ----------
INSERT INTO GUEST VALUES(2887,'Kenisha','Kane','KKane@yahoo.com','1234 DaWrong Lane','Flonkerton','MD','12345','889-680-2803');
INSERT INTO RESERVATION VALUES ('20200721QS7420029910717',2887,null,'QS','2020-07-21','2020-07-22',null,'active');
INSERT INTO INVOICECHARGE VALUES ('20200721QS7420029910717-ch00001','20200721QS7420029910717','2020-07-21',77.4,'Base room charge');
INSERT INTO INVOICECHARGE VALUES ('20200721QS7420029910717-ch00002','20200721QS7420029910717','2020-07-21',39.87,'Cleaning fee');
INSERT INTO PAYMENT (payment_id,invoice_id,payment_date,payment_type,payment_amount) VALUES ('20200721QS7420029910717-p00001','20200721QS7420029910717','2020-05-05','CA',117.28);
-- ------- SAMPLE 1888 ----------
INSERT INTO GUEST VALUES(2888,'Kathlyn','Kinser','KKinser@gmail.com','1234 DaWrong Lane','Flonkerton','MD','12345','927-355-1627');
INSERT INTO RESERVATION VALUES ('20190822QD2606441404783',2888,106,'QD','2019-08-22','2019-08-23',null,'complete');
INSERT INTO INVOICECHARGE VALUES ('20190822QD2606441404783-ch00001','20190822QD2606441404783','2019-08-22',95.95,'Base room charge');
INSERT INTO PAYMENT VALUES ('20190822QD2606441404783-p00001','20190822QD2606441404783','2020-05-05','CC',95.95,'Kathlyn Kinser','4316212682508799',7,2021,123,'Mastercard');
-- ------- SAMPLE 1889 ----------
INSERT INTO GUEST VALUES(2889,'James','Janey','JJaney@hotmail.com','1234 DaWrong Lane','Flonkerton','MD','12345','278-952-2209');
INSERT INTO RESERVATION VALUES ('20200713KJ6898404806222',2889,null,'KJ','2020-07-13','2020-07-14',null,'active');
INSERT INTO INVOICECHARGE VALUES ('20200713KJ6898404806222-ch00001','20200713KJ6898404806222','2020-07-13',138.6,'Base room charge');
INSERT INTO PAYMENT VALUES ('20200713KJ6898404806222-p00001','20200713KJ6898404806222','2020-05-05','CC',138.6,'James Janey','8795226077041067',12,2027,674,'Mastercard');
-- ------- SAMPLE 1890 ----------
INSERT INTO GUEST VALUES(2890,'Raisa','Romito','RRomito@gmail.com','1234 DaWrong Lane','Flonkerton','MD','12345','999-224-5543');
INSERT INTO RESERVATION VALUES ('20191004QD7108716773773',2890,116,'QD','2019-10-04','2019-10-07',null,'complete');
INSERT INTO INVOICECHARGE VALUES ('20191004QD7108716773773-ch00001','20191004QD7108716773773','2019-10-04',189.98,'Base room charge');
INSERT INTO INVOICECHARGE VALUES ('20191004QD7108716773773-ch00002','20191004QD7108716773773','2019-10-04',97.87,'Cleaning fee');
INSERT INTO PAYMENT (payment_id,invoice_id,payment_date,payment_type,payment_amount) VALUES ('20191004QD7108716773773-p00001','20191004QD7108716773773','2020-05-05','CA',274);
-- ------- SAMPLE 1891 ----------
INSERT INTO GUEST VALUES(2891,'Dorian','Delbosque','DDelbosque@gmail.com','1234 DaWrong Lane','Flonkerton','MD','12345','452-716-1066');
INSERT INTO RESERVATION VALUES ('20210331QS8424437196982',2891,null,'QS','2021-03-31','2021-04-03',null,'active');
INSERT INTO INVOICECHARGE VALUES ('20210331QS8424437196982-ch00001','20210331QS8424437196982','2021-03-31',232.21,'Base room charge');
INSERT INTO INVOICECHARGE VALUES ('20210331QS8424437196982-ch00002','20210331QS8424437196982','2021-03-31',119.62,'Room Service');
INSERT INTO PAYMENT (payment_id,invoice_id,payment_date,payment_type,payment_amount) VALUES ('20210331QS8424437196982-p00001','20210331QS8424437196982','2020-05-05','CA',116);
-- ------- SAMPLE 1892 ----------
INSERT INTO GUEST VALUES(2892,'Kenisha','Kane','KKane@gmail.com','1234 DaWrong Lane','Flonkerton','MD','12345','834-367-0419');
INSERT INTO RESERVATION VALUES ('20200612KS6479816151655',2892,null,'KS','2020-06-12','2020-06-16',null,'active');
-- ------- SAMPLE 1893 ----------
INSERT INTO GUEST VALUES(2893,'Corene','Carmody','CCarmody@gmail.com','1234 DaWrong Lane','Flonkerton','MD','12345','830-565-5834');
INSERT INTO RESERVATION VALUES ('20200426KJ4433948795646',2893,208,'KJ','2020-04-26','2020-05-01',null,'complete');
INSERT INTO INVOICECHARGE VALUES ('20200426KJ4433948795646-ch00001','20200426KJ4433948795646','2020-04-26',457.39,'Base room charge');
INSERT INTO INVOICECHARGE VALUES ('20200426KJ4433948795646-ch00002','20200426KJ4433948795646','2020-04-26',235.62,'Room Service');
INSERT INTO PAYMENT VALUES ('20200426KJ4433948795646-p00001','20200426KJ4433948795646','2020-05-05','CC',693.01,'Corene Carmody','3383413266287232',9,2024,78,'Mastercard');
-- ------- SAMPLE 1894 ----------
INSERT INTO GUEST VALUES(2894,'Hedwig','Hinz','HHinz@gmail.com','1234 DaWrong Lane','Flonkerton','MD','12345','713-155-0537');
INSERT INTO RESERVATION VALUES ('20210320QS2245047445432',2894,null,'QS','2021-03-20','2021-03-23',null,'cancelled');
INSERT INTO INVOICECHARGE VALUES ('20210320QS2245047445432-ch00001','20210320QS2245047445432','2021-03-20',351.83,'Base room charge');
INSERT INTO PAYMENT (payment_id,invoice_id,payment_date,payment_type,payment_amount) VALUES ('20210320QS2245047445432-p00001','20210320QS2245047445432','2020-05-05','CA',42);
-- ------- SAMPLE 1895 ----------
INSERT INTO GUEST VALUES(2895,'Collin','Chaparro','CChaparro@gmail.com','1234 DaWrong Lane','Flonkerton','MD','12345','473-125-9208');
INSERT INTO RESERVATION VALUES ('20190830KI9539724354149',2895,105,'KI','2019-08-30','2019-09-04',null,'complete');
INSERT INTO INVOICECHARGE VALUES ('20190830KI9539724354149-ch00001','20190830KI9539724354149','2019-08-30',426.45,'Base room charge');
INSERT INTO PAYMENT (payment_id,invoice_id,payment_date,payment_type,payment_amount) VALUES ('20190830KI9539724354149-p00001','20190830KI9539724354149','2020-05-05','CA',426.45);
-- ------- SAMPLE 1896 ----------
INSERT INTO GUEST VALUES(2896,'Sherryl','Shurtleff','SShurtleff@yahoo.com','1234 DaWrong Lane','Flonkerton','MD','12345','061-846-0409');
INSERT INTO RESERVATION VALUES ('20190925KS2684098867179',2896,117,'KS','2019-09-25','2019-09-29',null,'complete');
INSERT INTO INVOICECHARGE VALUES ('20190925KS2684098867179-ch00001','20190925KS2684098867179','2019-09-25',426.46,'Base room charge');
INSERT INTO PAYMENT VALUES ('20190925KS2684098867179-p00001','20190925KS2684098867179','2020-05-05','CC',101,'Sherryl Shurtleff','4085791531913226',3,2023,995,'Mastercard');
-- ------- SAMPLE 1897 ----------
INSERT INTO GUEST VALUES(2897,'Romaine','Reck','RReck@hotmail.com','1234 DaWrong Lane','Flonkerton','MD','12345','212-970-2866');
INSERT INTO RESERVATION VALUES ('20191222QD1178858097236',2897,200,'QD','2019-12-22','2019-12-24',null,'cancelled');
-- ------- SAMPLE 1898 ----------
INSERT INTO GUEST VALUES(2898,'Major','Meng','MMeng@gmail.com','1234 DaWrong Lane','Flonkerton','MD','12345','667-088-2259');
INSERT INTO RESERVATION VALUES ('20200504KS8994454825744',2898,null,'KS','2020-05-04','2020-05-05',null,'active');
INSERT INTO INVOICECHARGE VALUES ('20200504KS8994454825744-ch00001','20200504KS8994454825744','2020-05-04',70.37,'Base room charge');
INSERT INTO INVOICECHARGE VALUES ('20200504KS8994454825744-ch00002','20200504KS8994454825744','2020-05-04',36.25,'Cleaning fee');
INSERT INTO PAYMENT VALUES ('20200504KS8994454825744-p00001','20200504KS8994454825744','2020-05-05','CC',106.61,'Major Meng','6106364040425870',1,2024,204,'Mastercard');
-- ------- SAMPLE 1899 ----------
INSERT INTO GUEST VALUES(2899,'Raven','Rybicki','RRybicki@hotmail.com','1234 DaWrong Lane','Flonkerton','MD','12345','745-339-2179');
INSERT INTO RESERVATION VALUES ('20200426KJ9499300605290',2899,119,'KJ','2020-04-26','2020-04-27',null,'complete');
INSERT INTO INVOICECHARGE VALUES ('20200426KJ9499300605290-ch00001','20200426KJ9499300605290','2020-04-26',91.48,'Base room charge');
INSERT INTO INVOICECHARGE VALUES ('20200426KJ9499300605290-ch00002','20200426KJ9499300605290','2020-04-26',47.12,'Cleaning fee');
INSERT INTO PAYMENT VALUES ('20200426KJ9499300605290-p00001','20200426KJ9499300605290','2020-05-05','CC',12,'Raven Rybicki','9875228665866926',12,2025,177,'Mastercard');
-- ------- SAMPLE 1900 ----------
INSERT INTO GUEST VALUES(2900,'Adrianna','Aungst','AAungst@gmail.com','1234 DaWrong Lane','Flonkerton','MD','12345','145-240-1724');
INSERT INTO RESERVATION VALUES ('20200128KS9405400292789',2900,117,'KS','2020-01-28','2020-01-29',null,'complete');
-- ------- SAMPLE 1901 ----------
INSERT INTO GUEST VALUES(2901,'Leighann','Leith','LLeith@gmail.com','1234 DaWrong Lane','Flonkerton','MD','12345','924-289-4111');
INSERT INTO RESERVATION VALUES ('20190907KI5455956722253',2901,204,'KI','2019-09-07','2019-09-10',null,'cancelled');
INSERT INTO INVOICECHARGE VALUES ('20190907KI5455956722253-ch00001','20190907KI5455956722253','2019-09-07',168.87,'Base room charge');
INSERT INTO INVOICECHARGE VALUES ('20190907KI5455956722253-ch00002','20190907KI5455956722253','2019-09-07',87,'Room Service');
INSERT INTO PAYMENT (payment_id,invoice_id,payment_date,payment_type,payment_amount) VALUES ('20190907KI5455956722253-p00001','20190907KI5455956722253','2020-05-05','CA',255.87);
-- ------- SAMPLE 1902 ----------
INSERT INTO GUEST VALUES(2902,'Natalya','Neathery','NNeathery@hotmail.com','1234 DaWrong Lane','Flonkerton','MD','12345','016-448-1765');
INSERT INTO RESERVATION VALUES ('20190504QD1060130874939',2902,106,'QD','2019-05-04','2019-05-09',null,'complete');
INSERT INTO INVOICECHARGE VALUES ('20190504QD1060130874939-ch00001','20190504QD1060130874939','2019-05-04',479.76,'Base room charge');
INSERT INTO PAYMENT VALUES ('20190504QD1060130874939-p00001','20190504QD1060130874939','2020-05-05','CC',479.76,'Natalya Neathery','1687921797904568',3,2021,263,'Mastercard');
-- ------- SAMPLE 1903 ----------
INSERT INTO GUEST VALUES(2903,'Jarrett','Janelle','JJanelle@yahoo.com','1234 DaWrong Lane','Flonkerton','MD','12345','273-727-8979');
INSERT INTO RESERVATION VALUES ('20210424KS8950101277962',2903,null,'KS','2021-04-24','2021-04-28',null,'active');
INSERT INTO INVOICECHARGE VALUES ('20210424KS8950101277962-ch00001','20210424KS8950101277962','2021-04-24',281.46,'Base room charge');
INSERT INTO INVOICECHARGE VALUES ('20210424KS8950101277962-ch00002','20210424KS8950101277962','2021-04-24',145,'Cleaning fee');
INSERT INTO PAYMENT VALUES ('20210424KS8950101277962-p00001','20210424KS8950101277962','2020-05-05','CC',426.46,'Jarrett Janelle','9623483477469574',5,2027,262,'Mastercard');
-- ------- SAMPLE 1904 ----------
INSERT INTO GUEST VALUES(2904,'Marylynn','Musson','MMusson@yahoo.com','1234 DaWrong Lane','Flonkerton','MD','12345','169-468-7801');
INSERT INTO RESERVATION VALUES ('20200815QD1475861523487',2904,null,'QD','2020-08-15','2020-08-20',null,'cancelled');
INSERT INTO INVOICECHARGE VALUES ('20200815QD1475861523487-ch00001','20200815QD1475861523487','2020-08-15',479.76,'Base room charge');
INSERT INTO PAYMENT (payment_id,invoice_id,payment_date,payment_type,payment_amount) VALUES ('20200815QD1475861523487-p00001','20200815QD1475861523487','2020-05-05','CA',479.76);
-- ------- SAMPLE 1905 ----------
INSERT INTO GUEST VALUES(2905,'Adrianna','Aungst','AAungst@yahoo.com','1234 DaWrong Lane','Flonkerton','MD','12345','015-491-6039');
INSERT INTO RESERVATION VALUES ('20191216KJ5723387456207',2905,208,'KJ','2019-12-16','2019-12-17',null,'complete');
INSERT INTO INVOICECHARGE VALUES ('20191216KJ5723387456207-ch00001','20191216KJ5723387456207','2019-12-16',138.6,'Base room charge');
INSERT INTO PAYMENT VALUES ('20191216KJ5723387456207-p00001','20191216KJ5723387456207','2020-05-05','CC',138.6,'Adrianna Aungst','9490809953863702',2,2027,599,'Mastercard');
-- ------- SAMPLE 1906 ----------
INSERT INTO GUEST VALUES(2906,'Willian','Wiest','WWiest@gmail.com','1234 DaWrong Lane','Flonkerton','MD','12345','546-715-8764');
INSERT INTO RESERVATION VALUES ('20201208QS3432564296790',2906,null,'QS','2020-12-08','2020-12-11',null,'active');
INSERT INTO INVOICECHARGE VALUES ('20201208QS3432564296790-ch00001','20201208QS3432564296790','2020-12-08',351.83,'Base room charge');
INSERT INTO PAYMENT VALUES ('20201208QS3432564296790-p00001','20201208QS3432564296790','2020-05-05','CC',310,'Willian Wiest','6084642595732445',10,2023,750,'Mastercard');
-- ------- SAMPLE 1907 ----------
INSERT INTO GUEST VALUES(2907,'Abram','Adolph','AAdolph@hotmail.com','1234 DaWrong Lane','Flonkerton','MD','12345','481-378-2861');
INSERT INTO RESERVATION VALUES ('20210417KS1516195372003',2907,null,'KS','2021-04-17','2021-04-20',null,'active');
INSERT INTO INVOICECHARGE VALUES ('20210417KS1516195372003-ch00001','20210417KS1516195372003','2021-04-17',319.84,'Base room charge');
INSERT INTO PAYMENT VALUES ('20210417KS1516195372003-p00001','20210417KS1516195372003','2020-05-05','CC',319.84,'Abram Adolph','8501933769968028',12,2025,147,'Mastercard');
-- ------- SAMPLE 1908 ----------
INSERT INTO GUEST VALUES(2908,'Bell','Belizaire','BBelizaire@hotmail.com','1234 DaWrong Lane','Flonkerton','MD','12345','536-180-7295');
INSERT INTO RESERVATION VALUES ('20191112QD2595572667746',2908,116,'QD','2019-11-12','2019-11-15',null,'complete');
INSERT INTO INVOICECHARGE VALUES ('20191112QD2595572667746-ch00001','20191112QD2595572667746','2019-11-12',189.98,'Base room charge');
INSERT INTO INVOICECHARGE VALUES ('20191112QD2595572667746-ch00002','20191112QD2595572667746','2019-11-12',97.87,'Cleaning fee');
INSERT INTO PAYMENT VALUES ('20191112QD2595572667746-p00001','20191112QD2595572667746','2020-05-05','CC',287.86,'Bell Belizaire','1561229412220233',4,2024,413,'Mastercard');
-- ------- SAMPLE 1909 ----------
INSERT INTO GUEST VALUES(2909,'Kerstin','Khalaf','KKhalaf@yahoo.com','1234 DaWrong Lane','Flonkerton','MD','12345','568-007-1889');
INSERT INTO RESERVATION VALUES ('20201023QS4360030280241',2909,null,'QS','2020-10-23','2020-10-25',null,'active');
INSERT INTO INVOICECHARGE VALUES ('20201023QS4360030280241-ch00001','20201023QS4360030280241','2020-10-23',154.81,'Base room charge');
INSERT INTO INVOICECHARGE VALUES ('20201023QS4360030280241-ch00002','20201023QS4360030280241','2020-10-23',79.75,'Cleaning fee');
INSERT INTO PAYMENT VALUES ('20201023QS4360030280241-p00001','20201023QS4360030280241','2020-05-05','CC',141,'Kerstin Khalaf','6906482112934775',9,2022,667,'Mastercard');
-- ------- SAMPLE 1910 ----------
INSERT INTO GUEST VALUES(2910,'Walker','Weatherhead','WWeatherhead@hotmail.com','1234 DaWrong Lane','Flonkerton','MD','12345','420-842-3192');
INSERT INTO RESERVATION VALUES ('20210421KI8017627034229',2910,null,'KI','2021-04-21','2021-04-24',null,'cancelled');
INSERT INTO INVOICECHARGE VALUES ('20210421KI8017627034229-ch00001','20210421KI8017627034229','2021-04-21',168.87,'Base room charge');
INSERT INTO INVOICECHARGE VALUES ('20210421KI8017627034229-ch00002','20210421KI8017627034229','2021-04-21',87,'Cleaning fee');
INSERT INTO PAYMENT VALUES ('20210421KI8017627034229-p00001','20210421KI8017627034229','2020-05-05','CC',255.87,'Walker Weatherhead','8365706732796528',12,2022,291,'Mastercard');
-- ------- SAMPLE 1911 ----------
INSERT INTO GUEST VALUES(2911,'Cherry','Chiarello','CChiarello@yahoo.com','1234 DaWrong Lane','Flonkerton','MD','12345','988-140-9672');
INSERT INTO RESERVATION VALUES ('20200605KS4025563345773',2911,null,'KS','2020-06-05','2020-06-06',null,'active');
INSERT INTO INVOICECHARGE VALUES ('20200605KS4025563345773-ch00001','20200605KS4025563345773','2020-06-05',106.61,'Base room charge');
INSERT INTO PAYMENT (payment_id,invoice_id,payment_date,payment_type,payment_amount) VALUES ('20200605KS4025563345773-p00001','20200605KS4025563345773','2020-05-05','CA',106.61);
-- ------- SAMPLE 1912 ----------
INSERT INTO GUEST VALUES(2912,'Jeanene','Jacobo','JJacobo@gmail.com','1234 DaWrong Lane','Flonkerton','MD','12345','792-400-3948');
INSERT INTO RESERVATION VALUES ('20200307QD2924333059266',2912,205,'QD','2020-03-07','2020-03-10',null,'complete');
INSERT INTO INVOICECHARGE VALUES ('20200307QD2924333059266-ch00001','20200307QD2924333059266','2020-03-07',191.9,'Base room charge');
INSERT INTO PAYMENT VALUES ('20200307QD2924333059266-p00001','20200307QD2924333059266','2020-05-05','CC',191.9,'Jeanene Jacobo','1612940626750896',9,2026,52,'Mastercard');
-- ------- SAMPLE 1913 ----------
INSERT INTO GUEST VALUES(2913,'Sherryl','Shurtleff','SShurtleff@hotmail.com','1234 DaWrong Lane','Flonkerton','MD','12345','779-630-8147');
INSERT INTO RESERVATION VALUES ('20191213KS6615136874740',2913,102,'KS','2019-12-13','2019-12-15',null,'complete');
-- ------- SAMPLE 1914 ----------
INSERT INTO GUEST VALUES(2914,'Sherryl','Shurtleff','SShurtleff@gmail.com','1234 DaWrong Lane','Flonkerton','MD','12345','705-741-3575');
INSERT INTO RESERVATION VALUES ('20200107QD8927021973332',2914,116,'QD','2020-01-07','2020-01-10',null,'complete');
INSERT INTO INVOICECHARGE VALUES ('20200107QD8927021973332-ch00001','20200107QD8927021973332','2020-01-07',287.86,'Base room charge');
INSERT INTO PAYMENT VALUES ('20200107QD8927021973332-p00001','20200107QD8927021973332','2020-05-05','CC',244,'Sherryl Shurtleff','1331605615443012',11,2026,352,'Mastercard');
-- ------- SAMPLE 1915 ----------
INSERT INTO GUEST VALUES(2915,'Theodora','Trickey','TTrickey@gmail.com','1234 DaWrong Lane','Flonkerton','MD','12345','854-293-4747');
INSERT INTO RESERVATION VALUES ('20201201QS9799295653369',2915,null,'QS','2020-12-01','2020-12-05',null,'active');
INSERT INTO INVOICECHARGE VALUES ('20201201QS9799295653369-ch00001','20201201QS9799295653369','2020-12-01',309.61,'Base room charge');
INSERT INTO INVOICECHARGE VALUES ('20201201QS9799295653369-ch00002','20201201QS9799295653369','2020-12-01',159.5,'Room Service');
INSERT INTO PAYMENT VALUES ('20201201QS9799295653369-p00001','20201201QS9799295653369','2020-05-05','CC',469.11,'Theodora Trickey','2935492034979675',12,2022,853,'Mastercard');
-- ------- SAMPLE 1916 ----------
INSERT INTO GUEST VALUES(2916,'Dane','Dumond','DDumond@hotmail.com','1234 DaWrong Lane','Flonkerton','MD','12345','252-577-5072');
INSERT INTO RESERVATION VALUES ('20210115KS2688173672992',2916,null,'KS','2021-01-15','2021-01-19',null,'active');
INSERT INTO INVOICECHARGE VALUES ('20210115KS2688173672992-ch00001','20210115KS2688173672992','2021-01-15',426.46,'Base room charge');
INSERT INTO PAYMENT VALUES ('20210115KS2688173672992-p00001','20210115KS2688173672992','2020-05-05','CC',426.46,'Dane Dumond','7511565825373687',9,2026,253,'Mastercard');
-- ------- SAMPLE 1917 ----------
INSERT INTO GUEST VALUES(2917,'Rose','Royall','RRoyall@yahoo.com','1234 DaWrong Lane','Flonkerton','MD','12345','576-889-6564');
INSERT INTO RESERVATION VALUES ('20200325QD3072671089974',2917,101,'QD','2020-03-25','2020-03-29',null,'complete');
-- ------- SAMPLE 1918 ----------
INSERT INTO GUEST VALUES(2918,'Bell','Belizaire','BBelizaire@gmail.com','1234 DaWrong Lane','Flonkerton','MD','12345','082-461-5400');
INSERT INTO RESERVATION VALUES ('20201005QS7250154596543',2918,null,'QS','2020-10-05','2020-10-10',null,'active');
INSERT INTO INVOICECHARGE VALUES ('20201005QS7250154596543-ch00001','20201005QS7250154596543','2020-10-05',586.38,'Base room charge');
INSERT INTO PAYMENT (payment_id,invoice_id,payment_date,payment_type,payment_amount) VALUES ('20201005QS7250154596543-p00001','20201005QS7250154596543','2020-05-05','CA',586.38);
-- ------- SAMPLE 1919 ----------
INSERT INTO GUEST VALUES(2919,'Ceola','Carasco','CCarasco@yahoo.com','1234 DaWrong Lane','Flonkerton','MD','12345','304-398-3788');
INSERT INTO RESERVATION VALUES ('20200904QS7294175151064',2919,null,'QS','2020-09-04','2020-09-09',null,'active');
-- ------- SAMPLE 1920 ----------
INSERT INTO GUEST VALUES(2920,'Shae','Sansom','SSansom@hotmail.com','1234 DaWrong Lane','Flonkerton','MD','12345','190-175-7481');
INSERT INTO RESERVATION VALUES ('20191007KS4346541442509',2920,112,'KS','2019-10-07','2019-10-12',null,'complete');
-- ------- SAMPLE 1921 ----------
INSERT INTO GUEST VALUES(2921,'Aretha','Acy','AAcy@gmail.com','1234 DaWrong Lane','Flonkerton','MD','12345','411-200-9130');
INSERT INTO RESERVATION VALUES ('20210407KJ2461607056763',2921,null,'KJ','2021-04-07','2021-04-09',null,'cancelled');
INSERT INTO INVOICECHARGE VALUES ('20210407KJ2461607056763-ch00001','20210407KJ2461607056763','2021-04-07',277.2,'Base room charge');
INSERT INTO PAYMENT VALUES ('20210407KJ2461607056763-p00001','20210407KJ2461607056763','2020-05-05','CC',68,'Aretha Acy','5486790330768885',1,2024,860,'Mastercard');
-- ------- SAMPLE 1922 ----------
INSERT INTO GUEST VALUES(2922,'Natalya','Neathery','NNeathery@gmail.com','1234 DaWrong Lane','Flonkerton','MD','12345','595-595-4664');
INSERT INTO RESERVATION VALUES ('20191204KI2620062913456',2922,115,'KI','2019-12-04','2019-12-08',null,'complete');
-- ------- SAMPLE 1923 ----------
INSERT INTO GUEST VALUES(2923,'Raven','Rybicki','RRybicki@yahoo.com','1234 DaWrong Lane','Flonkerton','MD','12345','116-463-5953');
INSERT INTO RESERVATION VALUES ('20190507QS6529612791464',2923,103,'QS','2019-05-07','2019-05-08',null,'complete');
INSERT INTO INVOICECHARGE VALUES ('20190507QS6529612791464-ch00001','20190507QS6529612791464','2019-05-07',77.4,'Base room charge');
INSERT INTO INVOICECHARGE VALUES ('20190507QS6529612791464-ch00002','20190507QS6529612791464','2019-05-07',39.87,'Room Service');
INSERT INTO PAYMENT (payment_id,invoice_id,payment_date,payment_type,payment_amount) VALUES ('20190507QS6529612791464-p00001','20190507QS6529612791464','2020-05-05','CA',117.28);
-- ------- SAMPLE 1924 ----------
INSERT INTO GUEST VALUES(2924,'Mario','Macdowell','MMacdowell@yahoo.com','1234 DaWrong Lane','Flonkerton','MD','12345','864-498-3092');
INSERT INTO RESERVATION VALUES ('20200519QS3828838481332',2924,null,'QS','2020-05-19','2020-05-24',null,'active');
INSERT INTO INVOICECHARGE VALUES ('20200519QS3828838481332-ch00001','20200519QS3828838481332','2020-05-19',586.38,'Base room charge');
INSERT INTO PAYMENT VALUES ('20200519QS3828838481332-p00001','20200519QS3828838481332','2020-05-05','CC',586.38,'Mario Macdowell','3874602299439984',6,2025,809,'Mastercard');
-- ------- SAMPLE 1925 ----------
INSERT INTO GUEST VALUES(2925,'Jenna','Jesse','JJesse@gmail.com','1234 DaWrong Lane','Flonkerton','MD','12345','895-620-8684');
INSERT INTO RESERVATION VALUES ('20210316QD3774204105106',2925,null,'QD','2021-03-16','2021-03-19',null,'active');
INSERT INTO INVOICECHARGE VALUES ('20210316QD3774204105106-ch00001','20210316QD3774204105106','2021-03-16',287.86,'Base room charge');
INSERT INTO PAYMENT VALUES ('20210316QD3774204105106-p00001','20210316QD3774204105106','2020-05-05','CC',26,'Jenna Jesse','7902533789701500',12,2026,315,'Mastercard');
-- ------- SAMPLE 1926 ----------
INSERT INTO GUEST VALUES(2926,'Randal','Rohman','RRohman@gmail.com','1234 DaWrong Lane','Flonkerton','MD','12345','517-670-2455');
INSERT INTO RESERVATION VALUES ('20200116QD7985234740976',2926,101,'QD','2020-01-16','2020-01-18',null,'complete');
INSERT INTO INVOICECHARGE VALUES ('20200116QD7985234740976-ch00001','20200116QD7985234740976','2020-01-16',191.9,'Base room charge');
INSERT INTO PAYMENT VALUES ('20200116QD7985234740976-p00001','20200116QD7985234740976','2020-05-05','CC',191.9,'Randal Rohman','6711898948376267',7,2022,640,'Mastercard');
-- ------- SAMPLE 1927 ----------
INSERT INTO GUEST VALUES(2927,'Katerine','Kawakami','KKawakami@gmail.com','1234 DaWrong Lane','Flonkerton','MD','12345','583-745-4769');
INSERT INTO RESERVATION VALUES ('20200630QS8659592518331',2927,null,'QS','2020-06-30','2020-07-02',null,'active');
INSERT INTO INVOICECHARGE VALUES ('20200630QS8659592518331-ch00001','20200630QS8659592518331','2020-06-30',234.55,'Base room charge');
INSERT INTO PAYMENT VALUES ('20200630QS8659592518331-p00001','20200630QS8659592518331','2020-05-05','CC',234.55,'Katerine Kawakami','9110710323310558',2,2021,300,'Mastercard');
-- ------- SAMPLE 1928 ----------
INSERT INTO GUEST VALUES(2928,'Fleta','Fickel','FFickel@yahoo.com','1234 DaWrong Lane','Flonkerton','MD','12345','429-563-8386');
INSERT INTO RESERVATION VALUES ('20201211KS9126992597188',2928,null,'KS','2020-12-11','2020-12-13',null,'active');
-- ------- SAMPLE 1929 ----------
INSERT INTO GUEST VALUES(2929,'Luella','Lundstrom','LLundstrom@yahoo.com','1234 DaWrong Lane','Flonkerton','MD','12345','325-965-3456');
INSERT INTO RESERVATION VALUES ('20191227QS2534158535869',2929,202,'QS','2019-12-27','2019-12-28',null,'complete');
INSERT INTO INVOICECHARGE VALUES ('20191227QS2534158535869-ch00001','20191227QS2534158535869','2019-12-27',117.28,'Base room charge');
INSERT INTO PAYMENT VALUES ('20191227QS2534158535869-p00001','20191227QS2534158535869','2020-05-05','CC',117.28,'Luella Lundstrom','5957601259169430',11,2027,834,'Mastercard');
-- ------- SAMPLE 1930 ----------
INSERT INTO GUEST VALUES(2930,'Rick','Ritenour','RRitenour@yahoo.com','1234 DaWrong Lane','Flonkerton','MD','12345','084-656-6738');
INSERT INTO RESERVATION VALUES ('20210224KI1789672443912',2930,null,'KI','2021-02-24','2021-02-28',null,'active');
INSERT INTO INVOICECHARGE VALUES ('20210224KI1789672443912-ch00001','20210224KI1789672443912','2021-02-24',225.16,'Base room charge');
INSERT INTO INVOICECHARGE VALUES ('20210224KI1789672443912-ch00002','20210224KI1789672443912','2021-02-24',115.99,'Cleaning fee');
INSERT INTO PAYMENT VALUES ('20210224KI1789672443912-p00001','20210224KI1789672443912','2020-05-05','CC',341.16,'Rick Ritenour','7228211440742464',2,2026,309,'Mastercard');
-- ------- SAMPLE 1931 ----------
INSERT INTO GUEST VALUES(2931,'Shandi','Scharf','SScharf@gmail.com','1234 DaWrong Lane','Flonkerton','MD','12345','889-373-8675');
INSERT INTO RESERVATION VALUES ('20210206KS1561597494659',2931,null,'KS','2021-02-06','2021-02-07',null,'active');
INSERT INTO INVOICECHARGE VALUES ('20210206KS1561597494659-ch00001','20210206KS1561597494659','2021-02-06',106.61,'Base room charge');
INSERT INTO PAYMENT VALUES ('20210206KS1561597494659-p00001','20210206KS1561597494659','2020-05-05','CC',106.61,'Shandi Scharf','4132995414323234',11,2025,1,'Mastercard');
-- ------- SAMPLE 1932 ----------
INSERT INTO GUEST VALUES(2932,'Kasey','Kipp','KKipp@yahoo.com','1234 DaWrong Lane','Flonkerton','MD','12345','560-939-1055');
INSERT INTO RESERVATION VALUES ('20200120KI6184288941470',2932,120,'KI','2020-01-20','2020-01-21',null,'complete');
INSERT INTO INVOICECHARGE VALUES ('20200120KI6184288941470-ch00001','20200120KI6184288941470','2020-01-20',85.29,'Base room charge');
INSERT INTO PAYMENT (payment_id,invoice_id,payment_date,payment_type,payment_amount) VALUES ('20200120KI6184288941470-p00001','20200120KI6184288941470','2020-05-05','CA',8);
-- ------- SAMPLE 1933 ----------
INSERT INTO GUEST VALUES(2933,'Marylynn','Musson','MMusson@hotmail.com','1234 DaWrong Lane','Flonkerton','MD','12345','032-555-1245');
INSERT INTO RESERVATION VALUES ('20201002QS5413654037490',2933,null,'QS','2020-10-02','2020-10-06',null,'active');
INSERT INTO INVOICECHARGE VALUES ('20201002QS5413654037490-ch00001','20201002QS5413654037490','2020-10-02',309.61,'Base room charge');
INSERT INTO INVOICECHARGE VALUES ('20201002QS5413654037490-ch00002','20201002QS5413654037490','2020-10-02',159.5,'Cleaning fee');
INSERT INTO PAYMENT VALUES ('20201002QS5413654037490-p00001','20201002QS5413654037490','2020-05-05','CC',469.11,'Marylynn Musson','2809188345228121',2,2021,69,'Mastercard');
-- ------- SAMPLE 1934 ----------
INSERT INTO GUEST VALUES(2934,'Missy','Mcclintock','MMcclintock@gmail.com','1234 DaWrong Lane','Flonkerton','MD','12345','066-560-6329');
INSERT INTO RESERVATION VALUES ('20200429KJ2225337207080',2934,114,'KJ','2020-04-29','2020-05-03',null,'complete');
INSERT INTO INVOICECHARGE VALUES ('20200429KJ2225337207080-ch00001','20200429KJ2225337207080','2020-04-29',365.91,'Base room charge');
INSERT INTO INVOICECHARGE VALUES ('20200429KJ2225337207080-ch00002','20200429KJ2225337207080','2020-04-29',188.5,'Room Service');
INSERT INTO PAYMENT VALUES ('20200429KJ2225337207080-p00001','20200429KJ2225337207080','2020-05-05','CC',554.41,'Missy Mcclintock','3674188481753810',5,2025,953,'Mastercard');
-- ------- SAMPLE 1935 ----------
INSERT INTO GUEST VALUES(2935,'Tai','Tookes','TTookes@hotmail.com','1234 DaWrong Lane','Flonkerton','MD','12345','894-875-0525');
INSERT INTO RESERVATION VALUES ('20201229QD3215299224899',2935,null,'QD','2020-12-29','2020-12-31',null,'active');
INSERT INTO INVOICECHARGE VALUES ('20201229QD3215299224899-ch00001','20201229QD3215299224899','2020-12-29',126.66,'Base room charge');
INSERT INTO INVOICECHARGE VALUES ('20201229QD3215299224899-ch00002','20201229QD3215299224899','2020-12-29',65.25,'Room Service');
INSERT INTO PAYMENT VALUES ('20201229QD3215299224899-p00001','20201229QD3215299224899','2020-05-05','CC',191.9,'Tai Tookes','9073492365903463',12,2021,277,'Mastercard');
-- ------- SAMPLE 1936 ----------
INSERT INTO GUEST VALUES(2936,'Serafina','Singh','SSingh@gmail.com','1234 DaWrong Lane','Flonkerton','MD','12345','156-883-7995');
INSERT INTO RESERVATION VALUES ('20200816QS4965446780624',2936,null,'QS','2020-08-16','2020-08-21',null,'active');
-- ------- SAMPLE 1937 ----------
INSERT INTO GUEST VALUES(2937,'Gwyneth','Gamber','GGamber@hotmail.com','1234 DaWrong Lane','Flonkerton','MD','12345','339-568-5802');
INSERT INTO RESERVATION VALUES ('20190718QS1701712642997',2937,103,'QS','2019-07-18','2019-07-20',null,'complete');
INSERT INTO INVOICECHARGE VALUES ('20190718QS1701712642997-ch00001','20190718QS1701712642997','2019-07-18',234.55,'Base room charge');
INSERT INTO PAYMENT VALUES ('20190718QS1701712642997-p00001','20190718QS1701712642997','2020-05-05','CC',234.55,'Gwyneth Gamber','7420525799028639',8,2022,708,'Mastercard');
-- ------- SAMPLE 1938 ----------
INSERT INTO GUEST VALUES(2938,'Freida','Forbis','FForbis@yahoo.com','1234 DaWrong Lane','Flonkerton','MD','12345','913-896-1146');
INSERT INTO RESERVATION VALUES ('20210220KJ5651209584623',2938,null,'KJ','2021-02-20','2021-02-22',null,'active');
INSERT INTO INVOICECHARGE VALUES ('20210220KJ5651209584623-ch00001','20210220KJ5651209584623','2021-02-20',277.2,'Base room charge');
INSERT INTO PAYMENT (payment_id,invoice_id,payment_date,payment_type,payment_amount) VALUES ('20210220KJ5651209584623-p00001','20210220KJ5651209584623','2020-05-05','CA',277.2);
-- ------- SAMPLE 1939 ----------
INSERT INTO GUEST VALUES(2939,'Tish','Tusing','TTusing@yahoo.com','1234 DaWrong Lane','Flonkerton','MD','12345','896-995-4149');
INSERT INTO RESERVATION VALUES ('20200610KJ1533199436312',2939,null,'KJ','2020-06-10','2020-06-15',null,'active');
-- ------- SAMPLE 1940 ----------
INSERT INTO GUEST VALUES(2940,'Eryn','Edenfield','EEdenfield@yahoo.com','1234 DaWrong Lane','Flonkerton','MD','12345','857-769-1541');
INSERT INTO RESERVATION VALUES ('20201204QS3010399626013',2940,null,'QS','2020-12-04','2020-12-05',null,'active');
INSERT INTO INVOICECHARGE VALUES ('20201204QS3010399626013-ch00001','20201204QS3010399626013','2020-12-04',117.28,'Base room charge');
INSERT INTO PAYMENT VALUES ('20201204QS3010399626013-p00001','20201204QS3010399626013','2020-05-05','CC',117.28,'Eryn Edenfield','4490983194934885',7,2021,735,'Mastercard');
-- ------- SAMPLE 1941 ----------
INSERT INTO GUEST VALUES(2941,'Leonore','Losh','LLosh@gmail.com','1234 DaWrong Lane','Flonkerton','MD','12345','536-484-1996');
INSERT INTO RESERVATION VALUES ('20191121QD9299174566300',2941,200,'QD','2019-11-21','2019-11-26',null,'complete');
INSERT INTO INVOICECHARGE VALUES ('20191121QD9299174566300-ch00001','20191121QD9299174566300','2019-11-21',479.76,'Base room charge');
INSERT INTO PAYMENT VALUES ('20191121QD9299174566300-p00001','20191121QD9299174566300','2020-05-05','CC',479.76,'Leonore Losh','5157709419543363',1,2027,497,'Mastercard');
-- ------- SAMPLE 1942 ----------
INSERT INTO GUEST VALUES(2942,'Shae','Sansom','SSansom@gmail.com','1234 DaWrong Lane','Flonkerton','MD','12345','340-128-1331');
INSERT INTO RESERVATION VALUES ('20200124KS3877415215961',2942,102,'KS','2020-01-24','2020-01-29',null,'complete');
INSERT INTO INVOICECHARGE VALUES ('20200124KS3877415215961-ch00001','20200124KS3877415215961','2020-01-24',533.07,'Base room charge');
INSERT INTO PAYMENT (payment_id,invoice_id,payment_date,payment_type,payment_amount) VALUES ('20200124KS3877415215961-p00001','20200124KS3877415215961','2020-05-05','CA',533.07);
-- ------- SAMPLE 1943 ----------
INSERT INTO GUEST VALUES(2943,'Kathey','Kingston','KKingston@hotmail.com','1234 DaWrong Lane','Flonkerton','MD','12345','737-854-8179');
INSERT INTO RESERVATION VALUES ('20200130KS7818596889967',2943,102,'KS','2020-01-30','2020-02-03',null,'complete');
-- ------- SAMPLE 1944 ----------
INSERT INTO GUEST VALUES(2944,'Mario','Macdowell','MMacdowell@hotmail.com','1234 DaWrong Lane','Flonkerton','MD','12345','044-552-1674');
INSERT INTO RESERVATION VALUES ('20200812KI2643740164256',2944,null,'KI','2020-08-12','2020-08-16',null,'active');
-- ------- SAMPLE 1945 ----------
INSERT INTO GUEST VALUES(2945,'Laraine','Lazar','LLazar@hotmail.com','1234 DaWrong Lane','Flonkerton','MD','12345','962-695-9018');
INSERT INTO RESERVATION VALUES ('20200922QD5694833635943',2945,null,'QD','2020-09-22','2020-09-23',null,'active');
INSERT INTO INVOICECHARGE VALUES ('20200922QD5694833635943-ch00001','20200922QD5694833635943','2020-09-22',95.95,'Base room charge');
INSERT INTO PAYMENT VALUES ('20200922QD5694833635943-p00001','20200922QD5694833635943','2020-05-05','CC',25,'Laraine Lazar','1435929127507275',2,2025,48,'Mastercard');
-- ------- SAMPLE 1946 ----------
INSERT INTO GUEST VALUES(2946,'Romelia','Rigdon','RRigdon@gmail.com','1234 DaWrong Lane','Flonkerton','MD','12345','301-920-3748');
INSERT INTO RESERVATION VALUES ('20200212QD4143732991536',2946,101,'QD','2020-02-12','2020-02-15',null,'complete');
-- ------- SAMPLE 1947 ----------
INSERT INTO GUEST VALUES(2947,'Louisa','Laroque','LLaroque@hotmail.com','1234 DaWrong Lane','Flonkerton','MD','12345','949-437-3532');
INSERT INTO RESERVATION VALUES ('20191015KJ8623677210129',2947,203,'KJ','2019-10-15','2019-10-20',null,'complete');
INSERT INTO INVOICECHARGE VALUES ('20191015KJ8623677210129-ch00001','20191015KJ8623677210129','2019-10-15',693.01,'Base room charge');
INSERT INTO PAYMENT VALUES ('20191015KJ8623677210129-p00001','20191015KJ8623677210129','2020-05-05','CC',693.01,'Louisa Laroque','3088639192886282',4,2022,479,'Mastercard');
-- ------- SAMPLE 1948 ----------
INSERT INTO GUEST VALUES(2948,'Stan','Schnell','SSchnell@hotmail.com','1234 DaWrong Lane','Flonkerton','MD','12345','487-711-0377');
INSERT INTO RESERVATION VALUES ('20210324KJ5088937663363',2948,null,'KJ','2021-03-24','2021-03-28',null,'active');
-- ------- SAMPLE 1949 ----------
INSERT INTO GUEST VALUES(2949,'Leonore','Losh','LLosh@yahoo.com','1234 DaWrong Lane','Flonkerton','MD','12345','652-977-0571');
INSERT INTO RESERVATION VALUES ('20191112QD9860849613593',2949,116,'QD','2019-11-12','2019-11-13',null,'complete');
INSERT INTO INVOICECHARGE VALUES ('20191112QD9860849613593-ch00001','20191112QD9860849613593','2019-11-12',63.33,'Base room charge');
INSERT INTO INVOICECHARGE VALUES ('20191112QD9860849613593-ch00002','20191112QD9860849613593','2019-11-12',32.62,'Cleaning fee');
INSERT INTO PAYMENT VALUES ('20191112QD9860849613593-p00001','20191112QD9860849613593','2020-05-05','CC',95.95,'Leonore Losh','9559405893671538',6,2021,537,'Mastercard');
-- ------- SAMPLE 1950 ----------
INSERT INTO GUEST VALUES(2950,'Shad','Sitler','SSitler@hotmail.com','1234 DaWrong Lane','Flonkerton','MD','12345','312-648-2825');
INSERT INTO RESERVATION VALUES ('20200724KS3607048063844',2950,null,'KS','2020-07-24','2020-07-25',null,'active');
INSERT INTO INVOICECHARGE VALUES ('20200724KS3607048063844-ch00001','20200724KS3607048063844','2020-07-24',106.61,'Base room charge');
INSERT INTO PAYMENT VALUES ('20200724KS3607048063844-p00001','20200724KS3607048063844','2020-05-05','CC',64,'Shad Sitler','5532129279241076',2,2021,269,'Mastercard');
-- ------- SAMPLE 1951 ----------
INSERT INTO GUEST VALUES(2951,'Raven','Rybicki','RRybicki@yahoo.com','1234 DaWrong Lane','Flonkerton','MD','12345','804-823-5527');
INSERT INTO RESERVATION VALUES ('20191114QS9606648142157',2951,118,'QS','2019-11-14','2019-11-19',null,'complete');
INSERT INTO INVOICECHARGE VALUES ('20191114QS9606648142157-ch00001','20191114QS9606648142157','2019-11-14',586.38,'Base room charge');
INSERT INTO PAYMENT VALUES ('20191114QS9606648142157-p00001','20191114QS9606648142157','2020-05-05','CC',430,'Raven Rybicki','8666364427831697',3,2027,930,'Mastercard');
-- ------- SAMPLE 1952 ----------
INSERT INTO GUEST VALUES(2952,'Missy','Mcclintock','MMcclintock@hotmail.com','1234 DaWrong Lane','Flonkerton','MD','12345','643-847-5776');
INSERT INTO RESERVATION VALUES ('20200713KI8387428036895',2952,null,'KI','2020-07-13','2020-07-16',null,'active');
INSERT INTO INVOICECHARGE VALUES ('20200713KI8387428036895-ch00001','20200713KI8387428036895','2020-07-13',168.87,'Base room charge');
INSERT INTO INVOICECHARGE VALUES ('20200713KI8387428036895-ch00002','20200713KI8387428036895','2020-07-13',87,'Cleaning fee');
INSERT INTO PAYMENT VALUES ('20200713KI8387428036895-p00001','20200713KI8387428036895','2020-05-05','CC',93,'Missy Mcclintock','2623210994079379',1,2025,202,'Mastercard');
-- ------- SAMPLE 1953 ----------
INSERT INTO GUEST VALUES(2953,'Mario','Macdowell','MMacdowell@gmail.com','1234 DaWrong Lane','Flonkerton','MD','12345','110-252-0550');
INSERT INTO RESERVATION VALUES ('20200122KJ2656673743948',2953,119,'KJ','2020-01-22','2020-01-27',null,'cancelled');
INSERT INTO INVOICECHARGE VALUES ('20200122KJ2656673743948-ch00001','20200122KJ2656673743948','2020-01-22',457.39,'Base room charge');
INSERT INTO INVOICECHARGE VALUES ('20200122KJ2656673743948-ch00002','20200122KJ2656673743948','2020-01-22',235.62,'Room Service');
INSERT INTO PAYMENT (payment_id,invoice_id,payment_date,payment_type,payment_amount) VALUES ('20200122KJ2656673743948-p00001','20200122KJ2656673743948','2020-05-05','CA',693.01);
-- ------- SAMPLE 1954 ----------
INSERT INTO GUEST VALUES(2954,'Lorean','Loden','LLoden@gmail.com','1234 DaWrong Lane','Flonkerton','MD','12345','741-426-0003');
INSERT INTO RESERVATION VALUES ('20190620QD5369615585083',2954,205,'QD','2019-06-20','2019-06-25',null,'complete');
INSERT INTO INVOICECHARGE VALUES ('20190620QD5369615585083-ch00001','20190620QD5369615585083','2019-06-20',316.64,'Base room charge');
INSERT INTO INVOICECHARGE VALUES ('20190620QD5369615585083-ch00002','20190620QD5369615585083','2019-06-20',163.12,'Room Service');
INSERT INTO PAYMENT VALUES ('20190620QD5369615585083-p00001','20190620QD5369615585083','2020-05-05','CC',479.76,'Lorean Loden','9031157696265587',7,2027,195,'Mastercard');
-- ------- SAMPLE 1955 ----------
INSERT INTO GUEST VALUES(2955,'Shawn','Stefanski','SStefanski@hotmail.com','1234 DaWrong Lane','Flonkerton','MD','12345','299-606-9914');
INSERT INTO RESERVATION VALUES ('20190628QD4854166656289',2955,205,'QD','2019-06-28','2019-06-30',null,'complete');
INSERT INTO INVOICECHARGE VALUES ('20190628QD4854166656289-ch00001','20190628QD4854166656289','2019-06-28',191.9,'Base room charge');
INSERT INTO PAYMENT VALUES ('20190628QD4854166656289-p00001','20190628QD4854166656289','2020-05-05','CC',191.9,'Shawn Stefanski','2863335959596273',10,2023,383,'Mastercard');
-- ------- SAMPLE 1956 ----------
INSERT INTO GUEST VALUES(2956,'Georgianne','Guadarrama','GGuadarrama@yahoo.com','1234 DaWrong Lane','Flonkerton','MD','12345','116-673-1247');
INSERT INTO RESERVATION VALUES ('20190826KS2499160661208',2956,201,'KS','2019-08-26','2019-08-30',null,'complete');
INSERT INTO INVOICECHARGE VALUES ('20190826KS2499160661208-ch00001','20190826KS2499160661208','2019-08-26',281.46,'Base room charge');
INSERT INTO INVOICECHARGE VALUES ('20190826KS2499160661208-ch00002','20190826KS2499160661208','2019-08-26',145,'Room Service');
INSERT INTO PAYMENT VALUES ('20190826KS2499160661208-p00001','20190826KS2499160661208','2020-05-05','CC',426.46,'Georgianne Guadarrama','1235186901867948',10,2023,945,'Mastercard');
-- ------- SAMPLE 1957 ----------
INSERT INTO GUEST VALUES(2957,'Kasey','Kipp','KKipp@gmail.com','1234 DaWrong Lane','Flonkerton','MD','12345','326-399-6880');
INSERT INTO RESERVATION VALUES ('20190511KJ5241089331793',2957,208,'KJ','2019-05-11','2019-05-15',null,'complete');
INSERT INTO INVOICECHARGE VALUES ('20190511KJ5241089331793-ch00001','20190511KJ5241089331793','2019-05-11',554.41,'Base room charge');
INSERT INTO PAYMENT VALUES ('20190511KJ5241089331793-p00001','20190511KJ5241089331793','2020-05-05','CC',554.41,'Kasey Kipp','7134233142982993',9,2022,544,'Mastercard');
-- ------- SAMPLE 1958 ----------
INSERT INTO GUEST VALUES(2958,'Ngan','Nalley','NNalley@gmail.com','1234 DaWrong Lane','Flonkerton','MD','12345','753-558-5839');
INSERT INTO RESERVATION VALUES ('20191003KS6136354123225',2958,102,'KS','2019-10-03','2019-10-07',null,'complete');
INSERT INTO INVOICECHARGE VALUES ('20191003KS6136354123225-ch00001','20191003KS6136354123225','2019-10-03',426.46,'Base room charge');
INSERT INTO PAYMENT VALUES ('20191003KS6136354123225-p00001','20191003KS6136354123225','2020-05-05','CC',426.46,'Ngan Nalley','3418919547494473',4,2025,483,'Mastercard');
-- ------- SAMPLE 1959 ----------
INSERT INTO GUEST VALUES(2959,'Shad','Sitler','SSitler@gmail.com','1234 DaWrong Lane','Flonkerton','MD','12345','259-562-5485');
INSERT INTO RESERVATION VALUES ('20200828QS6477996041810',2959,null,'QS','2020-08-28','2020-09-01',null,'active');
-- ------- SAMPLE 1960 ----------
INSERT INTO GUEST VALUES(2960,'Shonda','Schult','SSchult@yahoo.com','1234 DaWrong Lane','Flonkerton','MD','12345','196-613-2724');
INSERT INTO RESERVATION VALUES ('20191219KS6763825221494',2960,112,'KS','2019-12-19','2019-12-21',null,'cancelled');
-- ------- SAMPLE 1961 ----------
INSERT INTO GUEST VALUES(2961,'Deangelo','Deloera','DDeloera@gmail.com','1234 DaWrong Lane','Flonkerton','MD','12345','628-660-1825');
INSERT INTO RESERVATION VALUES ('20210313QS2824111185613',2961,null,'QS','2021-03-13','2021-03-17',null,'active');
INSERT INTO INVOICECHARGE VALUES ('20210313QS2824111185613-ch00001','20210313QS2824111185613','2021-03-13',232.21,'Base room charge');
INSERT INTO INVOICECHARGE VALUES ('20210313QS2824111185613-ch00002','20210313QS2824111185613','2021-03-13',119.62,'Cleaning fee');
INSERT INTO PAYMENT VALUES ('20210313QS2824111185613-p00001','20210313QS2824111185613','2020-05-05','CC',174,'Deangelo Deloera','5022412391326108',4,2024,584,'Mastercard');
-- ------- SAMPLE 1962 ----------
INSERT INTO GUEST VALUES(2962,'Jarrett','Janelle','JJanelle@gmail.com','1234 DaWrong Lane','Flonkerton','MD','12345','996-853-2620');
INSERT INTO RESERVATION VALUES ('20190918KJ5402064334497',2962,119,'KJ','2019-09-18','2019-09-20',null,'complete');
INSERT INTO INVOICECHARGE VALUES ('20190918KJ5402064334497-ch00001','20190918KJ5402064334497','2019-09-18',182.95,'Base room charge');
INSERT INTO INVOICECHARGE VALUES ('20190918KJ5402064334497-ch00002','20190918KJ5402064334497','2019-09-18',94.25,'Cleaning fee');
INSERT INTO PAYMENT VALUES ('20190918KJ5402064334497-p00001','20190918KJ5402064334497','2020-05-05','CC',277.2,'Jarrett Janelle','7536812391216756',4,2022,461,'Mastercard');
-- ------- SAMPLE 1963 ----------
INSERT INTO GUEST VALUES(2963,'Tai','Tookes','TTookes@hotmail.com','1234 DaWrong Lane','Flonkerton','MD','12345','480-491-4373');
INSERT INTO RESERVATION VALUES ('20210310KI7944433769174',2963,null,'KI','2021-03-10','2021-03-14',null,'active');
INSERT INTO INVOICECHARGE VALUES ('20210310KI7944433769174-ch00001','20210310KI7944433769174','2021-03-10',255.87,'Base room charge');
INSERT INTO PAYMENT VALUES ('20210310KI7944433769174-p00001','20210310KI7944433769174','2020-05-05','CC',255.87,'Tai Tookes','4686763224715529',1,2024,348,'Mastercard');
-- ------- SAMPLE 1964 ----------
INSERT INTO GUEST VALUES(2964,'Claribel','Catanzaro','CCatanzaro@hotmail.com','1234 DaWrong Lane','Flonkerton','MD','12345','022-004-9325');
INSERT INTO RESERVATION VALUES ('20200202QS3725074194492',2964,202,'QS','2020-02-02','2020-02-04',null,'complete');
INSERT INTO INVOICECHARGE VALUES ('20200202QS3725074194492-ch00001','20200202QS3725074194492','2020-02-02',154.81,'Base room charge');
INSERT INTO INVOICECHARGE VALUES ('20200202QS3725074194492-ch00002','20200202QS3725074194492','2020-02-02',79.75,'Room Service');
INSERT INTO PAYMENT VALUES ('20200202QS3725074194492-p00001','20200202QS3725074194492','2020-05-05','CC',234.55,'Claribel Catanzaro','7908099730612603',8,2023,170,'Mastercard');
-- ------- SAMPLE 1965 ----------
INSERT INTO GUEST VALUES(2965,'Demarcus','Dearborn','DDearborn@hotmail.com','1234 DaWrong Lane','Flonkerton','MD','12345','691-930-4318');
INSERT INTO RESERVATION VALUES ('20190919KJ6340200284443',2965,104,'KJ','2019-09-19','2019-09-21',null,'complete');
INSERT INTO INVOICECHARGE VALUES ('20190919KJ6340200284443-ch00001','20190919KJ6340200284443','2019-09-19',277.2,'Base room charge');
INSERT INTO PAYMENT VALUES ('20190919KJ6340200284443-p00001','20190919KJ6340200284443','2020-05-05','CC',115,'Demarcus Dearborn','7600009589698092',3,2024,539,'Mastercard');
-- ------- SAMPLE 1966 ----------
INSERT INTO GUEST VALUES(2966,'Raven','Rybicki','RRybicki@yahoo.com','1234 DaWrong Lane','Flonkerton','MD','12345','947-014-1736');
INSERT INTO RESERVATION VALUES ('20201105QD8687127270433',2966,null,'QD','2020-11-05','2020-11-07',null,'active');
INSERT INTO INVOICECHARGE VALUES ('20201105QD8687127270433-ch00001','20201105QD8687127270433','2020-11-05',126.66,'Base room charge');
INSERT INTO INVOICECHARGE VALUES ('20201105QD8687127270433-ch00002','20201105QD8687127270433','2020-11-05',65.25,'Room Service');
INSERT INTO PAYMENT VALUES ('20201105QD8687127270433-p00001','20201105QD8687127270433','2020-05-05','CC',50,'Raven Rybicki','1221552947943015',12,2025,275,'Mastercard');
-- ------- SAMPLE 1967 ----------
INSERT INTO GUEST VALUES(2967,'Gwyneth','Gamber','GGamber@hotmail.com','1234 DaWrong Lane','Flonkerton','MD','12345','882-291-9129');
INSERT INTO RESERVATION VALUES ('20191024KS9733292571330',2967,107,'KS','2019-10-24','2019-10-27',null,'complete');
INSERT INTO INVOICECHARGE VALUES ('20191024KS9733292571330-ch00001','20191024KS9733292571330','2019-10-24',319.84,'Base room charge');
INSERT INTO PAYMENT VALUES ('20191024KS9733292571330-p00001','20191024KS9733292571330','2020-05-05','CC',319.84,'Gwyneth Gamber','1566018807143076',7,2025,479,'Mastercard');
-- ------- SAMPLE 1968 ----------
INSERT INTO GUEST VALUES(2968,'Kasey','Kipp','KKipp@gmail.com','1234 DaWrong Lane','Flonkerton','MD','12345','148-574-4120');
INSERT INTO RESERVATION VALUES ('20210116KS9048431335416',2968,null,'KS','2021-01-16','2021-01-17',null,'active');
INSERT INTO INVOICECHARGE VALUES ('20210116KS9048431335416-ch00001','20210116KS9048431335416','2021-01-16',106.61,'Base room charge');
INSERT INTO PAYMENT VALUES ('20210116KS9048431335416-p00001','20210116KS9048431335416','2020-05-05','CC',106.61,'Kasey Kipp','8332893691159897',11,2027,668,'Mastercard');
-- ------- SAMPLE 1969 ----------
INSERT INTO GUEST VALUES(2969,'Major','Meng','MMeng@yahoo.com','1234 DaWrong Lane','Flonkerton','MD','12345','414-883-2575');
INSERT INTO RESERVATION VALUES ('20200910QS3625010631025',2969,null,'QS','2020-09-10','2020-09-13',null,'active');
-- ------- SAMPLE 1970 ----------
INSERT INTO GUEST VALUES(2970,'Lucius','Liles','LLiles@hotmail.com','1234 DaWrong Lane','Flonkerton','MD','12345','063-122-8994');
INSERT INTO RESERVATION VALUES ('20210223QS9429694927182',2970,null,'QS','2021-02-23','2021-02-24',null,'active');
INSERT INTO INVOICECHARGE VALUES ('20210223QS9429694927182-ch00001','20210223QS9429694927182','2021-02-23',117.28,'Base room charge');
INSERT INTO PAYMENT VALUES ('20210223QS9429694927182-p00001','20210223QS9429694927182','2020-05-05','CC',117.28,'Lucius Liles','7442579267211380',2,2026,813,'Mastercard');
-- ------- SAMPLE 1971 ----------
INSERT INTO GUEST VALUES(2971,'Vicky','Vanderhoff','VVanderhoff@yahoo.com','1234 DaWrong Lane','Flonkerton','MD','12345','974-233-9504');
INSERT INTO RESERVATION VALUES ('20200813KJ5200174674520',2971,null,'KJ','2020-08-13','2020-08-17',null,'active');
INSERT INTO INVOICECHARGE VALUES ('20200813KJ5200174674520-ch00001','20200813KJ5200174674520','2020-08-13',554.41,'Base room charge');
INSERT INTO PAYMENT VALUES ('20200813KJ5200174674520-p00001','20200813KJ5200174674520','2020-05-05','CC',554.41,'Vicky Vanderhoff','7312729319854860',12,2023,106,'Mastercard');
-- ------- SAMPLE 1972 ----------
INSERT INTO GUEST VALUES(2972,'Lillia','Linen','LLinen@hotmail.com','1234 DaWrong Lane','Flonkerton','MD','12345','297-315-7509');
INSERT INTO RESERVATION VALUES ('20190909KI2827164892790',2972,105,'KI','2019-09-09','2019-09-14',null,'complete');
INSERT INTO INVOICECHARGE VALUES ('20190909KI2827164892790-ch00001','20190909KI2827164892790','2019-09-09',281.45,'Base room charge');
INSERT INTO INVOICECHARGE VALUES ('20190909KI2827164892790-ch00002','20190909KI2827164892790','2019-09-09',144.99,'Cleaning fee');
INSERT INTO PAYMENT VALUES ('20190909KI2827164892790-p00001','20190909KI2827164892790','2020-05-05','CC',426.45,'Lillia Linen','6802826034035564',4,2024,985,'Mastercard');
-- ------- SAMPLE 1973 ----------
INSERT INTO GUEST VALUES(2973,'Julene','Jahn','JJahn@yahoo.com','1234 DaWrong Lane','Flonkerton','MD','12345','599-470-2473');
INSERT INTO RESERVATION VALUES ('20200913KJ2547793796704',2973,null,'KJ','2020-09-13','2020-09-18',null,'active');
-- ------- SAMPLE 1974 ----------
INSERT INTO GUEST VALUES(2974,'Kathern','Korn','KKorn@yahoo.com','1234 DaWrong Lane','Flonkerton','MD','12345','179-418-3833');
INSERT INTO RESERVATION VALUES ('20200428KI3689801388813',2974,209,'KI','2020-04-28','2020-05-02',null,'complete');
INSERT INTO INVOICECHARGE VALUES ('20200428KI3689801388813-ch00001','20200428KI3689801388813','2020-04-28',341.16,'Base room charge');
INSERT INTO PAYMENT (payment_id,invoice_id,payment_date,payment_type,payment_amount) VALUES ('20200428KI3689801388813-p00001','20200428KI3689801388813','2020-05-05','CA',341.16);
-- ------- SAMPLE 1975 ----------
INSERT INTO GUEST VALUES(2975,'Lucius','Liles','LLiles@gmail.com','1234 DaWrong Lane','Flonkerton','MD','12345','733-989-5248');
INSERT INTO RESERVATION VALUES ('20201212KI8836145952447',2975,null,'KI','2020-12-12','2020-12-16',null,'active');
INSERT INTO INVOICECHARGE VALUES ('20201212KI8836145952447-ch00001','20201212KI8836145952447','2020-12-12',341.16,'Base room charge');
INSERT INTO PAYMENT VALUES ('20201212KI8836145952447-p00001','20201212KI8836145952447','2020-05-05','CC',341.16,'Lucius Liles','2494290096952739',10,2026,412,'Mastercard');
-- ------- SAMPLE 1976 ----------
INSERT INTO GUEST VALUES(2976,'Pearlene','Priestly','PPriestly@gmail.com','1234 DaWrong Lane','Flonkerton','MD','12345','854-660-1857');
INSERT INTO RESERVATION VALUES ('20200905QD8199821663197',2976,null,'QD','2020-09-05','2020-09-06',null,'active');
INSERT INTO INVOICECHARGE VALUES ('20200905QD8199821663197-ch00001','20200905QD8199821663197','2020-09-05',63.33,'Base room charge');
INSERT INTO INVOICECHARGE VALUES ('20200905QD8199821663197-ch00002','20200905QD8199821663197','2020-09-05',32.62,'Cleaning fee');
INSERT INTO PAYMENT VALUES ('20200905QD8199821663197-p00001','20200905QD8199821663197','2020-05-05','CC',95.95,'Pearlene Priestly','1310107634625097',4,2027,508,'Mastercard');
-- ------- SAMPLE 1977 ----------
INSERT INTO GUEST VALUES(2977,'Tai','Tookes','TTookes@gmail.com','1234 DaWrong Lane','Flonkerton','MD','12345','592-140-7316');
INSERT INTO RESERVATION VALUES ('20200101QS2214097592104',2977,202,'QS','2020-01-01','2020-01-04',null,'complete');
INSERT INTO INVOICECHARGE VALUES ('20200101QS2214097592104-ch00001','20200101QS2214097592104','2020-01-01',232.21,'Base room charge');
INSERT INTO INVOICECHARGE VALUES ('20200101QS2214097592104-ch00002','20200101QS2214097592104','2020-01-01',119.62,'Cleaning fee');
INSERT INTO PAYMENT VALUES ('20200101QS2214097592104-p00001','20200101QS2214097592104','2020-05-05','CC',68,'Tai Tookes','7418960742537606',5,2027,63,'Mastercard');
-- ------- SAMPLE 1978 ----------
INSERT INTO GUEST VALUES(2978,'Erminia','Eckard','EEckard@hotmail.com','1234 DaWrong Lane','Flonkerton','MD','12345','913-999-1339');
INSERT INTO RESERVATION VALUES ('20200109KJ4356094654595',2978,114,'KJ','2020-01-09','2020-01-13',null,'complete');
INSERT INTO INVOICECHARGE VALUES ('20200109KJ4356094654595-ch00001','20200109KJ4356094654595','2020-01-09',365.91,'Base room charge');
INSERT INTO INVOICECHARGE VALUES ('20200109KJ4356094654595-ch00002','20200109KJ4356094654595','2020-01-09',188.5,'Cleaning fee');
INSERT INTO PAYMENT VALUES ('20200109KJ4356094654595-p00001','20200109KJ4356094654595','2020-05-05','CC',49,'Erminia Eckard','8878349185384169',10,2024,871,'Mastercard');
-- ------- SAMPLE 1979 ----------
INSERT INTO GUEST VALUES(2979,'Kandra','Kelty','KKelty@hotmail.com','1234 DaWrong Lane','Flonkerton','MD','12345','322-145-9695');
INSERT INTO RESERVATION VALUES ('20190929QS2721544091802',2979,113,'QS','2019-09-29','2019-10-04',null,'complete');
INSERT INTO INVOICECHARGE VALUES ('20190929QS2721544091802-ch00001','20190929QS2721544091802','2019-09-29',387.01,'Base room charge');
INSERT INTO INVOICECHARGE VALUES ('20190929QS2721544091802-ch00002','20190929QS2721544091802','2019-09-29',199.37,'Cleaning fee');
INSERT INTO PAYMENT (payment_id,invoice_id,payment_date,payment_type,payment_amount) VALUES ('20190929QS2721544091802-p00001','20190929QS2721544091802','2020-05-05','CA',5);
-- ------- SAMPLE 1980 ----------
INSERT INTO GUEST VALUES(2980,'Christine','Ciampa','CCiampa@yahoo.com','1234 DaWrong Lane','Flonkerton','MD','12345','936-010-7916');
INSERT INTO RESERVATION VALUES ('20201130KS4844958753639',2980,null,'KS','2020-11-30','2020-12-03',null,'active');
INSERT INTO INVOICECHARGE VALUES ('20201130KS4844958753639-ch00001','20201130KS4844958753639','2020-11-30',211.1,'Base room charge');
INSERT INTO INVOICECHARGE VALUES ('20201130KS4844958753639-ch00002','20201130KS4844958753639','2020-11-30',108.75,'Cleaning fee');
INSERT INTO PAYMENT VALUES ('20201130KS4844958753639-p00001','20201130KS4844958753639','2020-05-05','CC',42,'Christine Ciampa','4897041181129261',3,2021,606,'Mastercard');
-- ------- SAMPLE 1981 ----------
INSERT INTO GUEST VALUES(2981,'Lorean','Loden','LLoden@hotmail.com','1234 DaWrong Lane','Flonkerton','MD','12345','277-798-4533');
INSERT INTO RESERVATION VALUES ('20210502KI4725818219709',2981,null,'KI','2021-05-02','2021-05-04',null,'active');
INSERT INTO INVOICECHARGE VALUES ('20210502KI4725818219709-ch00001','20210502KI4725818219709','2021-05-02',112.58,'Base room charge');
INSERT INTO INVOICECHARGE VALUES ('20210502KI4725818219709-ch00002','20210502KI4725818219709','2021-05-02',58,'Cleaning fee');
INSERT INTO PAYMENT VALUES ('20210502KI4725818219709-p00001','20210502KI4725818219709','2020-05-05','CC',2,'Lorean Loden','6290287228457972',1,2024,233,'Mastercard');
-- ------- SAMPLE 1982 ----------
INSERT INTO GUEST VALUES(2982,'Collin','Chaparro','CChaparro@yahoo.com','1234 DaWrong Lane','Flonkerton','MD','12345','604-280-5542');
INSERT INTO RESERVATION VALUES ('20210205KJ1321313482167',2982,null,'KJ','2021-02-05','2021-02-10',null,'active');
INSERT INTO INVOICECHARGE VALUES ('20210205KJ1321313482167-ch00001','20210205KJ1321313482167','2021-02-05',693.01,'Base room charge');
INSERT INTO PAYMENT VALUES ('20210205KJ1321313482167-p00001','20210205KJ1321313482167','2020-05-05','CC',693.01,'Collin Chaparro','9997451244699557',4,2021,589,'Mastercard');
-- ------- SAMPLE 1983 ----------
INSERT INTO GUEST VALUES(2983,'Edmundo','Erickson','EErickson@gmail.com','1234 DaWrong Lane','Flonkerton','MD','12345','384-597-1317');
INSERT INTO RESERVATION VALUES ('20201215KS7780747981894',2983,null,'KS','2020-12-15','2020-12-19',null,'active');
INSERT INTO INVOICECHARGE VALUES ('20201215KS7780747981894-ch00001','20201215KS7780747981894','2020-12-15',281.46,'Base room charge');
INSERT INTO INVOICECHARGE VALUES ('20201215KS7780747981894-ch00002','20201215KS7780747981894','2020-12-15',145,'Cleaning fee');
INSERT INTO PAYMENT VALUES ('20201215KS7780747981894-p00001','20201215KS7780747981894','2020-05-05','CC',341,'Edmundo Erickson','4990677539686126',5,2025,469,'Mastercard');
-- ------- SAMPLE 1984 ----------
INSERT INTO GUEST VALUES(2984,'Joann','Joplin','JJoplin@hotmail.com','1234 DaWrong Lane','Flonkerton','MD','12345','047-069-1859');
INSERT INTO RESERVATION VALUES ('20190930QD4858172153661',2984,205,'QD','2019-09-30','2019-10-03',null,'complete');
-- ------- SAMPLE 1985 ----------
INSERT INTO GUEST VALUES(2985,'Tomika','Teran','TTeran@yahoo.com','1234 DaWrong Lane','Flonkerton','MD','12345','696-196-1092');
INSERT INTO RESERVATION VALUES ('20191226QS9319085654369',2985,108,'QS','2019-12-26','2019-12-27',null,'complete');
INSERT INTO INVOICECHARGE VALUES ('20191226QS9319085654369-ch00001','20191226QS9319085654369','2019-12-26',77.4,'Base room charge');
INSERT INTO INVOICECHARGE VALUES ('20191226QS9319085654369-ch00002','20191226QS9319085654369','2019-12-26',39.87,'Cleaning fee');
INSERT INTO PAYMENT (payment_id,invoice_id,payment_date,payment_type,payment_amount) VALUES ('20191226QS9319085654369-p00001','20191226QS9319085654369','2020-05-05','CA',18);
-- ------- SAMPLE 1986 ----------
INSERT INTO GUEST VALUES(2986,'Melaine','Miskell','MMiskell@yahoo.com','1234 DaWrong Lane','Flonkerton','MD','12345','382-254-2953');
INSERT INTO RESERVATION VALUES ('20210430KI1577444867893',2986,null,'KI','2021-04-30','2021-05-03',null,'active');
INSERT INTO INVOICECHARGE VALUES ('20210430KI1577444867893-ch00001','20210430KI1577444867893','2021-04-30',255.87,'Base room charge');
INSERT INTO PAYMENT VALUES ('20210430KI1577444867893-p00001','20210430KI1577444867893','2020-05-05','CC',255.87,'Melaine Miskell','4327303693663360',1,2023,697,'Mastercard');
-- ------- SAMPLE 1987 ----------
INSERT INTO GUEST VALUES(2987,'Georgianne','Guadarrama','GGuadarrama@hotmail.com','1234 DaWrong Lane','Flonkerton','MD','12345','408-962-5366');
INSERT INTO RESERVATION VALUES ('20210303KJ9058879569407',2987,null,'KJ','2021-03-03','2021-03-08',null,'active');
-- ------- SAMPLE 1988 ----------
INSERT INTO GUEST VALUES(2988,'Alverta','Arce','AArce@hotmail.com','1234 DaWrong Lane','Flonkerton','MD','12345','183-789-6917');
INSERT INTO RESERVATION VALUES ('20210107KS6540311193919',2988,null,'KS','2021-01-07','2021-01-11',null,'cancelled');
INSERT INTO INVOICECHARGE VALUES ('20210107KS6540311193919-ch00001','20210107KS6540311193919','2021-01-07',426.46,'Base room charge');
INSERT INTO PAYMENT (payment_id,invoice_id,payment_date,payment_type,payment_amount) VALUES ('20210107KS6540311193919-p00001','20210107KS6540311193919','2020-05-05','CA',241);
-- ------- SAMPLE 1989 ----------
INSERT INTO GUEST VALUES(2989,'Kathlyn','Kinser','KKinser@hotmail.com','1234 DaWrong Lane','Flonkerton','MD','12345','747-671-6071');
INSERT INTO RESERVATION VALUES ('20200515QS4909481145587',2989,null,'QS','2020-05-15','2020-05-19',null,'active');
INSERT INTO INVOICECHARGE VALUES ('20200515QS4909481145587-ch00001','20200515QS4909481145587','2020-05-15',309.61,'Base room charge');
INSERT INTO INVOICECHARGE VALUES ('20200515QS4909481145587-ch00002','20200515QS4909481145587','2020-05-15',159.5,'Cleaning fee');
INSERT INTO PAYMENT (payment_id,invoice_id,payment_date,payment_type,payment_amount) VALUES ('20200515QS4909481145587-p00001','20200515QS4909481145587','2020-05-05','CA',439);
-- ------- SAMPLE 1990 ----------
INSERT INTO GUEST VALUES(2990,'Leonore','Losh','LLosh@gmail.com','1234 DaWrong Lane','Flonkerton','MD','12345','898-331-0290');
INSERT INTO RESERVATION VALUES ('20190904KI5400023260372',2990,115,'KI','2019-09-04','2019-09-05',null,'complete');
INSERT INTO INVOICECHARGE VALUES ('20190904KI5400023260372-ch00001','20190904KI5400023260372','2019-09-04',56.29,'Base room charge');
INSERT INTO INVOICECHARGE VALUES ('20190904KI5400023260372-ch00002','20190904KI5400023260372','2019-09-04',29,'Cleaning fee');
INSERT INTO PAYMENT VALUES ('20190904KI5400023260372-p00001','20190904KI5400023260372','2020-05-05','CC',72,'Leonore Losh','2737993930989849',12,2022,134,'Mastercard');
-- ------- SAMPLE 1991 ----------
INSERT INTO GUEST VALUES(2991,'Bradley','Bently','BBently@hotmail.com','1234 DaWrong Lane','Flonkerton','MD','12345','486-735-0043');
INSERT INTO RESERVATION VALUES ('20190917QS7627678378158',2991,207,'QS','2019-09-17','2019-09-22',null,'complete');
INSERT INTO INVOICECHARGE VALUES ('20190917QS7627678378158-ch00001','20190917QS7627678378158','2019-09-17',387.01,'Base room charge');
INSERT INTO INVOICECHARGE VALUES ('20190917QS7627678378158-ch00002','20190917QS7627678378158','2019-09-17',199.37,'Room Service');
INSERT INTO PAYMENT VALUES ('20190917QS7627678378158-p00001','20190917QS7627678378158','2020-05-05','CC',586.38,'Bradley Bently','3778872170980538',11,2023,190,'Mastercard');
-- ------- SAMPLE 1992 ----------
INSERT INTO GUEST VALUES(2992,'Major','Meng','MMeng@gmail.com','1234 DaWrong Lane','Flonkerton','MD','12345','914-148-6753');
INSERT INTO RESERVATION VALUES ('20190512QD8976863041326',2992,200,'QD','2019-05-12','2019-05-14',null,'complete');
INSERT INTO INVOICECHARGE VALUES ('20190512QD8976863041326-ch00001','20190512QD8976863041326','2019-05-12',126.66,'Base room charge');
INSERT INTO INVOICECHARGE VALUES ('20190512QD8976863041326-ch00002','20190512QD8976863041326','2019-05-12',65.25,'Cleaning fee');
INSERT INTO PAYMENT VALUES ('20190512QD8976863041326-p00001','20190512QD8976863041326','2020-05-05','CC',191.9,'Major Meng','9360540452833495',8,2025,12,'Mastercard');
-- ------- SAMPLE 1993 ----------
INSERT INTO GUEST VALUES(2993,'Selene','Staiger','SStaiger@gmail.com','1234 DaWrong Lane','Flonkerton','MD','12345','889-791-4804');
INSERT INTO RESERVATION VALUES ('20191230KI1743232873744',2993,110,'KI','2019-12-30','2020-01-04',null,'complete');
-- ------- SAMPLE 1994 ----------
INSERT INTO GUEST VALUES(2994,'Missy','Mcclintock','MMcclintock@hotmail.com','1234 DaWrong Lane','Flonkerton','MD','12345','899-198-2592');
INSERT INTO RESERVATION VALUES ('20210417KJ1814937178309',2994,null,'KJ','2021-04-17','2021-04-22',null,'active');
INSERT INTO INVOICECHARGE VALUES ('20210417KJ1814937178309-ch00001','20210417KJ1814937178309','2021-04-17',457.39,'Base room charge');
INSERT INTO INVOICECHARGE VALUES ('20210417KJ1814937178309-ch00002','20210417KJ1814937178309','2021-04-17',235.62,'Cleaning fee');
INSERT INTO PAYMENT VALUES ('20210417KJ1814937178309-p00001','20210417KJ1814937178309','2020-05-05','CC',693.01,'Missy Mcclintock','9581686297539455',8,2027,307,'Mastercard');
-- ------- SAMPLE 1995 ----------
INSERT INTO GUEST VALUES(2995,'Malia','Molden','MMolden@gmail.com','1234 DaWrong Lane','Flonkerton','MD','12345','124-670-6522');
INSERT INTO RESERVATION VALUES ('20200727KJ7275638020577',2995,null,'KJ','2020-07-27','2020-07-29',null,'cancelled');
INSERT INTO INVOICECHARGE VALUES ('20200727KJ7275638020577-ch00001','20200727KJ7275638020577','2020-07-27',277.2,'Base room charge');
INSERT INTO PAYMENT VALUES ('20200727KJ7275638020577-p00001','20200727KJ7275638020577','2020-05-05','CC',43,'Malia Molden','4204373702106811',10,2023,361,'Mastercard');
-- ------- SAMPLE 1996 ----------
INSERT INTO GUEST VALUES(2996,'Francie','Fairbank','FFairbank@yahoo.com','1234 DaWrong Lane','Flonkerton','MD','12345','403-617-9077');
INSERT INTO RESERVATION VALUES ('20200509KI5460991956469',2996,null,'KI','2020-05-09','2020-05-14',null,'active');
INSERT INTO INVOICECHARGE VALUES ('20200509KI5460991956469-ch00001','20200509KI5460991956469','2020-05-09',281.45,'Base room charge');
INSERT INTO INVOICECHARGE VALUES ('20200509KI5460991956469-ch00002','20200509KI5460991956469','2020-05-09',144.99,'Room Service');
INSERT INTO PAYMENT (payment_id,invoice_id,payment_date,payment_type,payment_amount) VALUES ('20200509KI5460991956469-p00001','20200509KI5460991956469','2020-05-05','CA',426.45);
-- ------- SAMPLE 1997 ----------
INSERT INTO GUEST VALUES(2997,'Kaley','Kilmon','KKilmon@hotmail.com','1234 DaWrong Lane','Flonkerton','MD','12345','004-765-6769');
INSERT INTO RESERVATION VALUES ('20190531KS8681988303361',2997,117,'KS','2019-05-31','2019-06-04',null,'cancelled');
-- ------- SAMPLE 1998 ----------
INSERT INTO GUEST VALUES(2998,'Kathey','Kingston','KKingston@yahoo.com','1234 DaWrong Lane','Flonkerton','MD','12345','586-327-3026');
INSERT INTO RESERVATION VALUES ('20190916KI2561595643503',2998,120,'KI','2019-09-16','2019-09-21',null,'complete');
INSERT INTO INVOICECHARGE VALUES ('20190916KI2561595643503-ch00001','20190916KI2561595643503','2019-09-16',281.45,'Base room charge');
INSERT INTO INVOICECHARGE VALUES ('20190916KI2561595643503-ch00002','20190916KI2561595643503','2019-09-16',144.99,'Cleaning fee');
INSERT INTO PAYMENT (payment_id,invoice_id,payment_date,payment_type,payment_amount) VALUES ('20190916KI2561595643503-p00001','20190916KI2561595643503','2020-05-05','CA',162);
-- ------- SAMPLE 1999 ----------
INSERT INTO GUEST VALUES(2999,'Shawn','Stefanski','SStefanski@gmail.com','1234 DaWrong Lane','Flonkerton','MD','12345','037-303-2744');
INSERT INTO RESERVATION VALUES ('20200729KS6896656839900',2999,null,'KS','2020-07-29','2020-08-02',null,'active');
INSERT INTO INVOICECHARGE VALUES ('20200729KS6896656839900-ch00001','20200729KS6896656839900','2020-07-29',281.46,'Base room charge');
INSERT INTO INVOICECHARGE VALUES ('20200729KS6896656839900-ch00002','20200729KS6896656839900','2020-07-29',145,'Room Service');
INSERT INTO PAYMENT (payment_id,invoice_id,payment_date,payment_type,payment_amount) VALUES ('20200729KS6896656839900-p00001','20200729KS6896656839900','2020-05-05','CA',165);
